from date,CO,Ozone,NO2,NO,NOx,SO2,RH,VWS,WS,WD,PM2.5,SR,Benzene,MP-Xylene,Toluene,O Xylene,Eth-Benzene,to date,BP,station
01-Jan-2019 - 00:00,0.77,60.09,10.83,3.28,14.12,4.75,43.81,0.16,1.09,120.6,35.51,196.19,0.0,,0.25,0.0,0.0,02-Jan-2019 - 00:00,,"Velachery Res. Area, Chennai - CPCB"
02-Jan-2019 - 00:00,0.84,33.65,11.83,3.36,15.19,4.85,46.4,0.14,0.91,111.18,39.59,199.76,0.0,,2.95,0.0,0.09,03-Jan-2019 - 00:00,,"Velachery Res. Area, Chennai - CPCB"
03-Jan-2019 - 00:00,0.76,49.67,14.08,3.5,17.58,4.93,52.72,0.15,0.99,177.97,57.53,183.55,0.0,,2.0,0.0,0.03,04-Jan-2019 - 00:00,,"Velachery Res. Area, Chennai - CPCB"
04-Jan-2019 - 00:00,0.47,61.26,12.87,3.85,16.69,5.47,54.47,0.15,1.08,130.98,53.16,205.25,0.0,,0.78,0.0,0.12,05-Jan-2019 - 00:00,,"Velachery Res. Area, Chennai - CPCB"
05-Jan-2019 - 00:00,0.49,57.95,10.5,5.76,15.9,5.2,51.66,0.15,1.02,153.68,40.27,196.17,0.0,,2.74,0.11,0.33,06-Jan-2019 - 00:00,955.43,"Velachery Res. Area, Chennai - CPCB"
06-Jan-2019 - 00:00,0.58,26.36,14.5,8.7,22.62,5.46,51.32,0.14,0.96,159.64,53.15,204.81,0.0,,4.08,0.24,1.35,07-Jan-2019 - 00:00,955.86,"Velachery Res. Area, Chennai - CPCB"
07-Jan-2019 - 00:00,0.42,41.6,12.49,5.41,17.61,4.78,59.0,0.15,1.04,182.68,50.87,132.45,0.0,,4.25,0.0,0.0,08-Jan-2019 - 00:00,977.31,"Velachery Res. Area, Chennai - CPCB"
08-Jan-2019 - 00:00,0.45,35.26,17.51,8.34,25.36,6.88,58.43,0.15,1.03,175.57,60.95,181.68,0.0,,6.48,0.63,0.84,09-Jan-2019 - 00:00,976.74,"Velachery Res. Area, Chennai - CPCB"
09-Jan-2019 - 00:00,0.37,55.12,12.38,5.22,17.39,5.87,58.37,0.13,0.77,108.08,60.7,199.19,0.0,,1.9,0.0,2.87,10-Jan-2019 - 00:00,979.54,"Velachery Res. Area, Chennai - CPCB"
10-Jan-2019 - 00:00,0.34,49.87,15.18,9.11,23.68,4.57,53.15,0.14,0.91,142.38,54.87,208.14,0.14,,3.87,0.15,0.83,11-Jan-2019 - 00:00,959.08,"Velachery Res. Area, Chennai - CPCB"
11-Jan-2019 - 00:00,0.68,52.86,15.0,9.0,23.4,6.31,50.27,0.15,0.98,122.5,58.71,197.53,0.18,,4.51,0.0,0.88,12-Jan-2019 - 00:00,958.24,"Velachery Res. Area, Chennai - CPCB"
12-Jan-2019 - 00:00,0.91,51.13,12.25,5.65,17.62,6.1,50.14,0.15,1.01,132.43,34.62,204.02,0.0,,2.29,0.17,1.38,13-Jan-2019 - 00:00,985.58,"Velachery Res. Area, Chennai - CPCB"
13-Jan-2019 - 00:00,0.88,60.2,11.81,3.64,15.45,5.84,49.34,0.15,1.07,128.81,35.88,163.52,0.0,,3.99,0.09,0.0,14-Jan-2019 - 00:00,,"Velachery Res. Area, Chennai - CPCB"
14-Jan-2019 - 00:00,1.04,63.24,11.7,3.28,14.98,5.56,47.51,0.15,1.04,142.67,53.55,195.43,2.95,,3.92,0.0,0.0,15-Jan-2019 - 00:00,,"Velachery Res. Area, Chennai - CPCB"
15-Jan-2019 - 00:00,0.82,62.36,10.84,3.26,14.09,6.2,54.38,0.16,1.11,135.72,46.66,177.9,0.0,,1.26,0.0,0.0,16-Jan-2019 - 00:00,,"Velachery Res. Area, Chennai - CPCB"
16-Jan-2019 - 00:00,0.83,57.81,10.11,3.43,13.53,5.25,60.5,0.14,0.88,122.64,46.91,175.22,0.0,,5.2,0.0,0.11,17-Jan-2019 - 00:00,,"Velachery Res. Area, Chennai - CPCB"
17-Jan-2019 - 00:00,0.83,61.14,10.3,3.37,13.67,5.63,61.35,0.14,0.92,144.78,51.23,148.95,0.0,,8.11,0.0,0.0,18-Jan-2019 - 00:00,,"Velachery Res. Area, Chennai - CPCB"
18-Jan-2019 - 00:00,0.93,68.31,10.38,3.58,13.96,5.3,51.24,0.14,0.95,123.28,49.24,192.8,0.37,,4.33,0.15,0.0,19-Jan-2019 - 00:00,,"Velachery Res. Area, Chennai - CPCB"
19-Jan-2019 - 00:00,0.96,51.69,10.75,3.49,14.23,5.67,49.15,0.15,1.04,130.98,41.42,238.32,0.0,,5.44,0.0,0.0,20-Jan-2019 - 00:00,,"Velachery Res. Area, Chennai - CPCB"
20-Jan-2019 - 00:00,0.89,28.99,10.3,3.34,13.64,6.31,53.21,0.14,0.91,161.0,27.56,161.57,0.0,,4.9,0.0,0.0,21-Jan-2019 - 00:00,,"Velachery Res. Area, Chennai - CPCB"
21-Jan-2019 - 00:00,0.97,49.4,10.83,3.36,14.18,5.73,53.81,0.14,0.91,152.0,54.61,146.88,0.0,,7.76,0.0,0.0,22-Jan-2019 - 00:00,,"Velachery Res. Area, Chennai - CPCB"
22-Jan-2019 - 00:00,0.81,46.54,11.55,3.69,15.24,4.79,53.81,0.15,0.9,154.26,52.61,197.01,0.0,,2.96,0.2,0.88,23-Jan-2019 - 00:00,,"Velachery Res. Area, Chennai - CPCB"
23-Jan-2019 - 00:00,0.73,42.99,11.71,3.73,15.44,4.82,58.12,0.14,0.89,151.75,30.08,206.87,0.0,,0.33,0.0,0.55,24-Jan-2019 - 00:00,,"Velachery Res. Area, Chennai - CPCB"
24-Jan-2019 - 00:00,0.98,34.99,11.55,3.61,15.16,4.31,59.91,0.14,0.83,134.89,29.33,209.6,0.0,,1.08,0.0,1.2,25-Jan-2019 - 00:00,,"Velachery Res. Area, Chennai - CPCB"
25-Jan-2019 - 00:00,0.69,32.36,11.21,3.67,14.88,4.75,62.18,0.17,1.1,153.95,17.19,187.56,0.0,,0.63,0.0,0.81,26-Jan-2019 - 00:00,,"Velachery Res. Area, Chennai - CPCB"
26-Jan-2019 - 00:00,0.56,33.66,8.64,3.13,11.76,5.52,59.96,0.17,1.05,95.94,13.45,196.87,0.0,,2.79,0.0,0.0,27-Jan-2019 - 00:00,,"Velachery Res. Area, Chennai - CPCB"
27-Jan-2019 - 00:00,0.98,22.6,9.7,3.31,13.01,4.85,55.75,0.15,0.87,89.72,11.03,268.5,0.0,,0.46,0.0,0.0,28-Jan-2019 - 00:00,,"Velachery Res. Area, Chennai - CPCB"
28-Jan-2019 - 00:00,0.92,43.35,9.32,3.22,12.54,4.23,49.7,0.16,1.05,49.53,10.63,153.68,0.0,,0.53,0.0,0.0,29-Jan-2019 - 00:00,,"Velachery Res. Area, Chennai - CPCB"
29-Jan-2019 - 00:00,1.16,54.08,12.13,3.21,15.34,8.8,51.12,0.19,1.37,137.98,24.78,219.42,0.0,,0.12,0.0,0.0,30-Jan-2019 - 00:00,,"Velachery Res. Area, Chennai - CPCB"
30-Jan-2019 - 00:00,1.12,61.89,10.75,3.17,13.92,5.3,52.82,0.18,1.34,93.46,38.3,161.0,0.0,,0.0,0.0,0.0,31-Jan-2019 - 00:00,,"Velachery Res. Area, Chennai - CPCB"
31-Jan-2019 - 00:00,1.08,52.05,10.54,3.48,14.02,4.43,48.17,0.16,1.04,109.91,32.36,180.21,0.0,,0.0,0.0,0.0,01-Feb-2019 - 00:00,,"Velachery Res. Area, Chennai - CPCB"
01-Feb-2019 - 00:00,1.08,50.81,10.36,3.41,13.77,4.54,46.63,0.16,1.12,80.32,21.93,225.67,0.19,,0.0,0.08,0.47,02-Feb-2019 - 00:00,,"Velachery Res. Area, Chennai - CPCB"
02-Feb-2019 - 00:00,1.01,31.47,10.91,3.31,14.22,5.03,51.55,0.16,1.05,125.31,22.62,236.58,0.0,,1.48,0.1,0.34,03-Feb-2019 - 00:00,,"Velachery Res. Area, Chennai - CPCB"
03-Feb-2019 - 00:00,0.96,36.22,8.14,3.16,11.3,3.99,54.72,0.17,1.24,104.44,24.46,207.21,0.0,,0.0,0.0,0.0,04-Feb-2019 - 00:00,,"Velachery Res. Area, Chennai - CPCB"
04-Feb-2019 - 00:00,0.93,39.6,10.31,3.23,13.54,5.32,54.42,0.18,1.35,36.57,33.3,142.78,0.0,,0.0,0.0,0.0,05-Feb-2019 - 00:00,,"Velachery Res. Area, Chennai - CPCB"
05-Feb-2019 - 00:00,1.04,59.72,10.02,3.17,13.19,4.33,55.28,0.16,1.13,40.87,31.98,198.8,0.0,,0.38,0.0,0.0,06-Feb-2019 - 00:00,,"Velachery Res. Area, Chennai - CPCB"
06-Feb-2019 - 00:00,1.11,51.2,15.1,5.6,14.28,5.2,58.05,0.14,0.82,123.84,35.68,226.53,0.0,,2.36,0.0,0.0,07-Feb-2019 - 00:00,983.57,"Velachery Res. Area, Chennai - CPCB"
07-Feb-2019 - 00:00,1.14,46.42,11.25,3.56,14.81,4.51,58.55,0.15,0.9,172.87,38.5,199.64,0.0,,2.31,0.0,0.0,08-Feb-2019 - 00:00,986.13,"Velachery Res. Area, Chennai - CPCB"
08-Feb-2019 - 00:00,1.08,35.76,11.41,3.65,15.06,5.04,57.35,0.17,1.17,156.85,32.17,185.32,0.0,,2.23,0.0,0.0,09-Feb-2019 - 00:00,989.97,"Velachery Res. Area, Chennai - CPCB"
09-Feb-2019 - 00:00,1.06,20.61,9.85,3.4,13.24,3.68,58.73,0.17,1.06,127.8,29.26,240.86,0.0,,2.38,0.0,0.0,10-Feb-2019 - 00:00,988.39,"Velachery Res. Area, Chennai - CPCB"
10-Feb-2019 - 00:00,0.96,20.56,9.3,3.42,12.71,3.84,60.7,0.15,0.93,95.64,15.13,204.86,0.0,,2.25,0.0,0.0,11-Feb-2019 - 00:00,985.84,"Velachery Res. Area, Chennai - CPCB"
11-Feb-2019 - 00:00,1.12,45.85,8.83,3.12,11.94,4.04,54.96,0.17,1.16,39.16,28.34,149.08,0.0,,2.07,0.0,0.0,12-Feb-2019 - 00:00,988.43,"Velachery Res. Area, Chennai - CPCB"
12-Feb-2019 - 00:00,1.06,75.01,9.01,3.21,12.23,3.51,51.27,0.17,1.2,34.85,31.52,212.75,0.0,,2.28,0.0,0.0,13-Feb-2019 - 00:00,989.33,"Velachery Res. Area, Chennai - CPCB"
13-Feb-2019 - 00:00,0.96,100.35,10.21,3.11,13.32,4.19,45.58,0.18,1.37,29.54,35.57,215.61,0.0,,1.8,0.0,0.51,14-Feb-2019 - 00:00,,"Velachery Res. Area, Chennai - CPCB"
14-Feb-2019 - 00:00,1.11,68.15,10.63,3.27,13.9,4.54,54.11,0.15,0.97,118.29,23.38,222.76,0.0,,0.0,0.0,0.0,15-Feb-2019 - 00:00,,"Velachery Res. Area, Chennai - CPCB"
15-Feb-2019 - 00:00,1.06,41.95,10.08,3.4,13.47,4.25,53.44,0.15,0.98,150.55,14.95,244.26,0.0,,0.0,0.0,0.0,16-Feb-2019 - 00:00,,"Velachery Res. Area, Chennai - CPCB"
16-Feb-2019 - 00:00,1.08,32.32,10.29,3.41,13.7,4.47,55.84,0.22,1.71,180.42,21.77,220.57,0.0,,0.0,0.0,0.0,17-Feb-2019 - 00:00,,"Velachery Res. Area, Chennai - CPCB"
17-Feb-2019 - 00:00,1.03,18.48,10.01,3.41,13.43,4.11,56.51,0.22,1.81,164.62,20.75,228.49,0.0,,0.0,0.0,0.0,18-Feb-2019 - 00:00,975.38,"Velachery Res. Area, Chennai - CPCB"
18-Feb-2019 - 00:00,1.02,21.28,10.63,3.45,14.09,4.1,59.49,0.23,1.9,165.68,16.52,207.98,0.0,,0.0,0.0,0.22,19-Feb-2019 - 00:00,976.78,"Velachery Res. Area, Chennai - CPCB"
19-Feb-2019 - 00:00,0.99,23.8,9.84,3.41,13.24,4.8,57.64,0.19,1.35,131.08,13.36,237.45,0.0,,0.0,0.0,0.2,20-Feb-2019 - 00:00,970.94,"Velachery Res. Area, Chennai - CPCB"
20-Feb-2019 - 00:00,0.91,27.77,9.49,3.38,12.87,4.33,51.54,0.16,0.94,84.86,14.84,231.08,0.0,,0.0,0.0,0.0,21-Feb-2019 - 00:00,965.92,"Velachery Res. Area, Chennai - CPCB"
21-Feb-2019 - 00:00,0.95,28.95,9.99,3.52,13.51,4.12,52.5,0.15,0.95,121.47,22.06,239.09,0.0,,0.0,0.0,0.0,22-Feb-2019 - 00:00,964.56,"Velachery Res. Area, Chennai - CPCB"
22-Feb-2019 - 00:00,1.1,35.65,10.6,3.58,14.19,4.4,47.58,0.14,0.86,141.76,17.61,245.21,0.0,,0.0,0.0,0.0,23-Feb-2019 - 00:00,963.26,"Velachery Res. Area, Chennai - CPCB"
23-Feb-2019 - 00:00,1.14,43.63,15.63,6.66,22.28,4.56,43.8,0.15,0.92,158.0,19.5,255.5,0.0,,0.0,0.0,0.04,24-Feb-2019 - 00:00,965.01,"Velachery Res. Area, Chennai - CPCB"
24-Feb-2019 - 00:00,1.07,40.77,12.96,2.44,15.02,5.03,52.06,0.17,1.14,151.91,19.19,237.47,0.0,,0.0,0.0,0.19,25-Feb-2019 - 00:00,967.76,"Velachery Res. Area, Chennai - CPCB"
25-Feb-2019 - 00:00,1.13,38.15,15.38,3.1,18.38,4.74,47.63,0.23,1.88,177.95,21.36,249.42,0.0,,0.0,0.0,0.0,26-Feb-2019 - 00:00,976.34,"Velachery Res. Area, Chennai - CPCB"
26-Feb-2019 - 00:00,1.19,24.62,15.21,3.58,18.78,4.22,51.31,0.26,2.3,183.78,31.54,219.05,0.0,,0.85,0.0,0.0,27-Feb-2019 - 00:00,981.42,"Velachery Res. Area, Chennai - CPCB"
27-Feb-2019 - 00:00,0.99,22.17,12.72,3.93,16.64,4.55,51.36,0.29,2.66,167.33,13.85,219.22,0.0,,0.09,0.0,0.0,28-Feb-2019 - 00:00,985.29,"Velachery Res. Area, Chennai - CPCB"
28-Feb-2019 - 00:00,1.2,19.1,21.1,15.38,28.02,3.4,54.84,0.24,2.16,166.02,24.64,182.43,0.03,,4.89,0.0,0.18,01-Mar-2019 - 00:00,978.25,"Velachery Res. Area, Chennai - CPCB"
01-Mar-2019 - 00:00,0.6,16.98,10.32,8.37,18.42,4.91,54.08,0.19,1.35,130.5,35.52,207.78,0.0,,0.0,63.89,8.09,02-Mar-2019 - 00:00,971.57,"Velachery Res. Area, Chennai - CPCB"
02-Mar-2019 - 00:00,0.41,23.23,7.51,7.89,14.75,1.86,44.49,0.16,0.96,95.49,27.81,267.27,0.0,,13.92,0.97,5.57,03-Mar-2019 - 00:00,966.17,"Velachery Res. Area, Chennai - CPCB"
03-Mar-2019 - 00:00,0.54,21.84,8.22,9.6,17.82,3.91,49.62,0.15,0.85,127.81,19.67,235.87,0.0,,0.18,0.0,3.08,04-Mar-2019 - 00:00,965.21,"Velachery Res. Area, Chennai - CPCB"
04-Mar-2019 - 00:00,0.77,23.19,11.31,10.59,21.9,3.75,50.0,0.24,2.0,174.73,30.49,248.46,0.0,,5.78,0.03,5.97,05-Mar-2019 - 00:00,977.76,"Velachery Res. Area, Chennai - CPCB"
05-Mar-2019 - 00:00,0.84,22.93,9.06,10.09,19.16,4.01,52.91,0.29,2.7,178.11,35.24,250.46,0.0,,6.11,0.2,2.93,06-Mar-2019 - 00:00,985.65,"Velachery Res. Area, Chennai - CPCB"
06-Mar-2019 - 00:00,0.89,23.18,9.71,10.49,20.2,3.45,51.12,0.31,3.0,178.85,29.71,248.06,0.0,,6.95,0.0,1.34,07-Mar-2019 - 00:00,989.53,"Velachery Res. Area, Chennai - CPCB"
07-Mar-2019 - 00:00,0.79,23.16,12.86,11.05,23.9,2.99,51.73,0.31,3.02,171.47,32.12,242.34,0.0,,4.8,0.0,0.2,08-Mar-2019 - 00:00,989.41,"Velachery Res. Area, Chennai - CPCB"
08-Mar-2019 - 00:00,0.7,22.94,12.15,11.07,23.22,3.36,57.35,0.27,2.42,153.54,30.14,244.87,0.0,,2.52,0.0,0.58,09-Mar-2019 - 00:00,982.87,"Velachery Res. Area, Chennai - CPCB"
09-Mar-2019 - 00:00,0.69,22.4,11.23,11.03,22.26,3.73,55.25,0.24,2.07,147.33,22.6,243.06,0.0,,1.87,0.45,0.11,10-Mar-2019 - 00:00,978.78,"Velachery Res. Area, Chennai - CPCB"
10-Mar-2019 - 00:00,0.64,23.54,10.27,11.02,21.3,3.26,53.29,0.26,2.37,165.0,16.0,253.14,0.0,,0.42,0.0,0.0,11-Mar-2019 - 00:00,981.64,"Velachery Res. Area, Chennai - CPCB"
11-Mar-2019 - 00:00,0.73,23.17,11.13,11.25,22.38,3.13,49.84,0.23,2.01,160.05,19.51,248.01,0.0,,1.53,0.14,0.0,12-Mar-2019 - 00:00,977.39,"Velachery Res. Area, Chennai - CPCB"
12-Mar-2019 - 00:00,0.73,25.15,12.31,11.23,23.54,3.34,47.08,0.23,1.87,176.41,36.07,263.01,0.0,,0.99,0.0,0.0,13-Mar-2019 - 00:00,976.6,"Velachery Res. Area, Chennai - CPCB"
13-Mar-2019 - 00:00,0.73,31.88,12.44,11.23,23.67,3.25,47.68,0.18,1.33,175.26,48.26,279.14,0.0,,19.3,0.0,0.0,14-Mar-2019 - 00:00,970.21,"Velachery Res. Area, Chennai - CPCB"
14-Mar-2019 - 00:00,0.86,36.37,17.99,11.26,29.25,3.38,40.33,0.19,1.47,168.81,53.58,267.35,0.08,,11.45,0.0,0.33,15-Mar-2019 - 00:00,970.97,"Velachery Res. Area, Chennai - CPCB"
15-Mar-2019 - 00:00,0.74,41.28,14.08,11.29,25.37,3.12,40.93,0.16,0.99,139.07,55.48,260.78,0.0,,5.42,0.0,0.4,16-Mar-2019 - 00:00,966.16,"Velachery Res. Area, Chennai - CPCB"
16-Mar-2019 - 00:00,0.62,37.58,11.89,11.25,23.15,3.43,44.52,0.17,1.04,146.83,45.63,251.05,0.0,,0.55,0.16,0.0,17-Mar-2019 - 00:00,967.24,"Velachery Res. Area, Chennai - CPCB"
17-Mar-2019 - 00:00,0.69,36.59,11.36,11.43,22.79,3.1,43.75,0.17,1.09,158.79,34.01,277.04,0.0,,0.0,0.0,0.0,18-Mar-2019 - 00:00,967.66,"Velachery Res. Area, Chennai - CPCB"
18-Mar-2019 - 00:00,0.8,26.41,10.77,9.15,19.01,3.64,57.37,0.19,1.29,180.39,43.31,278.64,0.0,,1.26,0.0,0.0,19-Mar-2019 - 00:00,971.18,"Velachery Res. Area, Chennai - CPCB"
19-Mar-2019 - 00:00,1.03,23.5,14.73,4.26,10.83,4.4,39.49,0.24,2.09,206.2,40.76,264.47,0.0,,1.24,0.0,0.0,20-Mar-2019 - 00:00,979.04,"Velachery Res. Area, Chennai - CPCB"
20-Mar-2019 - 00:00,0.84,37.51,10.77,2.63,13.39,4.59,96.65,0.26,2.34,219.77,24.28,247.86,0.0,,2.31,0.0,0.0,21-Mar-2019 - 00:00,981.52,"Velachery Res. Area, Chennai - CPCB"
21-Mar-2019 - 00:00,0.85,34.72,10.26,2.51,12.75,4.33,82.12,0.24,2.0,210.42,28.88,267.14,0.0,,0.12,0.0,0.0,22-Mar-2019 - 00:00,977.92,"Velachery Res. Area, Chennai - CPCB"
22-Mar-2019 - 00:00,0.88,37.71,9.64,2.57,12.21,4.5,43.67,0.24,2.02,206.09,30.13,247.36,0.0,,0.0,0.0,0.0,23-Mar-2019 - 00:00,978.01,"Velachery Res. Area, Chennai - CPCB"
23-Mar-2019 - 00:00,0.87,27.03,8.79,2.51,11.28,4.54,41.6,0.25,2.24,212.28,32.65,288.67,0.0,,1.19,0.0,0.0,24-Mar-2019 - 00:00,980.06,"Velachery Res. Area, Chennai - CPCB"
24-Mar-2019 - 00:00,0.84,5.12,7.94,2.23,10.17,4.58,41.74,0.27,2.42,216.27,20.41,285.93,0.0,,0.0,0.0,0.0,25-Mar-2019 - 00:00,982.36,"Velachery Res. Area, Chennai - CPCB"
25-Mar-2019 - 00:00,0.87,37.4,8.21,2.61,10.81,4.94,42.28,0.2,1.51,189.96,33.04,274.5,0.0,,0.64,0.24,0.1,26-Mar-2019 - 00:00,972.21,"Velachery Res. Area, Chennai - CPCB"
26-Mar-2019 - 00:00,0.84,59.41,9.03,2.46,11.49,4.07,37.59,0.23,1.96,205.68,28.91,275.18,0.0,,0.0,0.0,0.0,27-Mar-2019 - 00:00,977.05,"Velachery Res. Area, Chennai - CPCB"
27-Mar-2019 - 00:00,0.89,58.78,9.24,2.56,11.8,3.8,38.19,0.23,1.87,215.47,29.44,286.4,0.0,,0.0,0.0,0.0,28-Mar-2019 - 00:00,976.5,"Velachery Res. Area, Chennai - CPCB"
28-Mar-2019 - 00:00,0.85,59.12,10.73,2.57,13.3,4.44,38.67,0.23,1.91,217.32,28.56,273.63,0.0,,0.22,0.0,1.38,29-Mar-2019 - 00:00,977.0,"Velachery Res. Area, Chennai - CPCB"
29-Mar-2019 - 00:00,0.85,59.44,10.33,2.66,12.98,4.6,42.12,0.25,2.21,214.98,38.4,278.52,0.0,,0.0,0.24,0.0,30-Mar-2019 - 00:00,979.66,"Velachery Res. Area, Chennai - CPCB"
30-Mar-2019 - 00:00,0.84,45.32,9.93,2.63,12.56,3.76,39.53,0.27,2.46,216.68,24.95,269.28,0.0,,0.0,0.0,0.0,31-Mar-2019 - 00:00,,"Velachery Res. Area, Chennai - CPCB"
31-Mar-2019 - 00:00,0.84,17.97,8.33,2.19,10.47,4.35,43.06,0.27,2.52,224.64,51.47,310.66,0.0,,0.0,0.0,0.0,01-Apr-2019 - 00:00,,"Velachery Res. Area, Chennai - CPCB"
01-Apr-2019 - 00:00,0.87,16.6,9.8,2.42,12.11,4.6,44.19,0.28,2.56,211.24,69.88,314.08,0.0,,0.0,0.0,0.0,02-Apr-2019 - 00:00,,"Velachery Res. Area, Chennai - CPCB"
02-Apr-2019 - 00:00,0.87,16.21,8.4,2.15,10.55,5.08,43.47,0.28,2.57,213.94,62.87,248.06,0.0,,0.0,0.24,0.0,03-Apr-2019 - 00:00,984.1,"Velachery Res. Area, Chennai - CPCB"
03-Apr-2019 - 00:00,0.86,14.94,10.69,2.21,12.9,5.39,41.72,0.25,2.27,209.52,70.59,263.75,0.0,,0.0,0.0,0.0,04-Apr-2019 - 00:00,980.46,"Velachery Res. Area, Chennai - CPCB"
04-Apr-2019 - 00:00,0.83,14.67,10.82,2.53,13.35,5.89,41.84,0.26,2.27,219.71,65.62,291.94,0.0,,0.0,2.09,0.0,05-Apr-2019 - 00:00,980.97,"Velachery Res. Area, Chennai - CPCB"
05-Apr-2019 - 00:00,0.85,13.99,9.14,2.38,11.52,5.11,45.36,0.25,2.13,217.6,70.22,270.14,0.0,,0.0,0.21,0.0,06-Apr-2019 - 00:00,979.24,"Velachery Res. Area, Chennai - CPCB"
06-Apr-2019 - 00:00,0.87,14.23,10.81,2.36,13.17,5.01,41.2,0.25,2.22,217.82,69.91,270.93,0.0,,0.0,0.78,0.0,07-Apr-2019 - 00:00,979.89,"Velachery Res. Area, Chennai - CPCB"
07-Apr-2019 - 00:00,0.9,14.88,9.48,2.25,11.74,4.5,38.97,0.27,2.4,214.71,72.89,270.61,0.0,,0.0,0.52,0.0,08-Apr-2019 - 00:00,982.64,"Velachery Res. Area, Chennai - CPCB"
08-Apr-2019 - 00:00,0.81,14.96,8.68,2.32,10.99,5.18,42.94,0.28,2.62,216.53,73.71,263.15,0.0,,0.0,0.11,0.0,09-Apr-2019 - 00:00,984.8,"Velachery Res. Area, Chennai - CPCB"
09-Apr-2019 - 00:00,0.91,15.49,10.43,2.26,12.68,5.31,44.98,0.28,2.55,208.43,62.56,250.15,0.0,,0.0,0.0,0.0,10-Apr-2019 - 00:00,983.89,"Velachery Res. Area, Chennai - CPCB"
10-Apr-2019 - 00:00,0.94,15.38,13.4,2.19,15.58,4.77,45.05,0.26,2.38,209.44,41.91,254.07,0.0,,6.68,0.0,0.54,11-Apr-2019 - 00:00,981.79,"Velachery Res. Area, Chennai - CPCB"
11-Apr-2019 - 00:00,0.84,15.55,7.94,2.26,10.19,4.49,44.34,0.26,2.31,218.34,39.65,259.64,0.0,,6.67,0.0,1.48,12-Apr-2019 - 00:00,980.93,"Velachery Res. Area, Chennai - CPCB"
12-Apr-2019 - 00:00,0.83,15.14,7.67,2.16,9.82,4.28,44.97,0.26,2.39,216.39,40.75,282.51,0.0,,7.43,0.0,0.55,13-Apr-2019 - 00:00,981.73,"Velachery Res. Area, Chennai - CPCB"
13-Apr-2019 - 00:00,0.81,14.85,7.45,2.15,9.59,4.2,42.61,0.24,2.12,199.75,40.71,286.53,0.0,,7.32,0.0,0.1,14-Apr-2019 - 00:00,979.17,"Velachery Res. Area, Chennai - CPCB"
14-Apr-2019 - 00:00,0.87,14.87,7.4,2.12,9.53,6.02,44.04,0.26,2.3,218.53,40.44,294.77,0.0,,7.98,0.0,0.0,15-Apr-2019 - 00:00,980.85,"Velachery Res. Area, Chennai - CPCB"
15-Apr-2019 - 00:00,0.88,14.95,7.15,2.08,9.22,6.7,42.89,0.27,2.44,216.66,29.65,296.73,0.0,,8.03,0.0,1.0,16-Apr-2019 - 00:00,982.41,"Velachery Res. Area, Chennai - CPCB"
16-Apr-2019 - 00:00,0.87,15.06,7.44,2.12,9.56,4.66,43.02,0.25,2.2,214.63,20.35,307.83,0.0,,9.52,0.0,0.0,17-Apr-2019 - 00:00,980.12,"Velachery Res. Area, Chennai - CPCB"
17-Apr-2019 - 00:00,0.8,14.71,7.72,2.26,9.98,5.12,41.3,0.27,2.55,210.74,18.63,287.23,0.0,,10.2,0.0,0.5,18-Apr-2019 - 00:00,983.26,"Velachery Res. Area, Chennai - CPCB"
18-Apr-2019 - 00:00,0.85,13.61,7.27,2.07,9.34,4.86,62.68,0.25,2.25,203.15,16.42,243.11,0.0,,6.7,0.0,0.0,19-Apr-2019 - 00:00,980.38,"Velachery Res. Area, Chennai - CPCB"
19-Apr-2019 - 00:00,0.83,13.8,7.35,2.1,9.45,4.74,59.53,0.27,2.4,209.75,50.56,301.18,0.0,,5.59,0.0,0.0,20-Apr-2019 - 00:00,982.4,"Velachery Res. Area, Chennai - CPCB"
20-Apr-2019 - 00:00,0.83,16.55,10.88,3.39,13.51,4.58,55.2,0.26,2.39,199.69,53.45,286.8,0.0,,4.57,0.0,0.0,21-Apr-2019 - 00:00,982.04,"Velachery Res. Area, Chennai - CPCB"
21-Apr-2019 - 00:00,0.85,5.9,6.7,2.01,8.7,6.27,52.88,0.27,2.47,207.4,51.52,307.39,0.0,,0.81,0.0,0.0,22-Apr-2019 - 00:00,983.01,"Velachery Res. Area, Chennai - CPCB"
22-Apr-2019 - 00:00,0.89,4.76,6.79,2.13,8.92,2.74,58.6,0.2,1.52,180.4,23.2,203.89,0.0,,4.12,0.0,0.0,23-Apr-2019 - 00:00,972.32,"Velachery Res. Area, Chennai - CPCB"
23-Apr-2019 - 00:00,0.8,5.07,8.2,2.29,10.49,4.4,53.0,0.19,1.41,193.16,18.98,233.84,2.31,,0.4,2.57,1.41,24-Apr-2019 - 00:00,971.55,"Velachery Res. Area, Chennai - CPCB"
24-Apr-2019 - 00:00,0.83,4.51,7.31,2.14,9.45,4.24,52.13,0.19,1.36,168.97,20.88,304.3,0.0,,0.0,0.0,0.0,25-Apr-2019 - 00:00,970.66,"Velachery Res. Area, Chennai - CPCB"
25-Apr-2019 - 00:00,0.87,4.31,7.34,2.23,9.57,4.72,51.99,0.2,1.49,200.82,21.54,235.14,0.0,,0.0,0.0,0.0,26-Apr-2019 - 00:00,972.15,"Velachery Res. Area, Chennai - CPCB"
26-Apr-2019 - 00:00,0.86,9.32,7.34,2.17,9.52,4.46,55.42,0.24,2.09,222.52,26.2,308.44,0.0,,0.0,0.0,0.0,27-Apr-2019 - 00:00,978.69,"Velachery Res. Area, Chennai - CPCB"
27-Apr-2019 - 00:00,0.86,15.61,7.34,2.09,9.43,4.05,56.85,0.26,2.36,216.34,10.62,269.45,0.0,,0.0,0.0,0.0,28-Apr-2019 - 00:00,981.43,"Velachery Res. Area, Chennai - CPCB"
28-Apr-2019 - 00:00,0.84,15.8,7.41,2.18,9.59,4.19,58.37,0.22,1.91,211.45,12.36,167.71,0.0,,0.0,0.0,0.0,29-Apr-2019 - 00:00,976.08,"Velachery Res. Area, Chennai - CPCB"
29-Apr-2019 - 00:00,0.85,16.12,7.62,2.24,9.86,4.99,60.76,0.22,1.78,212.12,15.64,205.6,0.0,,0.0,0.0,0.0,30-Apr-2019 - 00:00,975.03,"Velachery Res. Area, Chennai - CPCB"
30-Apr-2019 - 00:00,0.82,16.41,8.1,2.14,10.23,4.19,57.31,0.19,1.39,196.72,21.83,176.8,0.0,,0.0,0.0,0.0,01-May-2019 - 00:00,970.59,"Velachery Res. Area, Chennai - CPCB"
01-May-2019 - 00:00,0.88,12.85,7.67,2.15,9.82,4.31,49.98,0.17,1.16,201.54,28.7,83.08,0.0,,0.0,0.0,0.0,02-May-2019 - 00:00,967.86,"Velachery Res. Area, Chennai - CPCB"
02-May-2019 - 00:00,0.87,17.2,7.41,4.4,11.76,4.3,39.63,0.25,2.02,251.19,26.95,159.49,0.0,,0.0,0.0,0.0,03-May-2019 - 00:00,979.23,"Velachery Res. Area, Chennai - CPCB"
03-May-2019 - 00:00,0.79,29.82,10.8,7.23,18.01,4.46,40.17,0.28,2.47,243.31,30.23,274.78,0.0,,0.0,0.0,0.0,04-May-2019 - 00:00,984.38,"Velachery Res. Area, Chennai - CPCB"
04-May-2019 - 00:00,0.9,28.21,10.12,5.59,15.7,5.06,49.62,0.25,2.18,226.11,28.18,258.81,0.0,,0.0,0.0,0.0,05-May-2019 - 00:00,979.78,"Velachery Res. Area, Chennai - CPCB"
05-May-2019 - 00:00,0.82,29.05,8.48,4.23,12.7,4.24,56.43,0.27,2.47,218.48,18.47,279.05,0.0,,0.0,0.0,0.0,06-May-2019 - 00:00,982.69,"Velachery Res. Area, Chennai - CPCB"
06-May-2019 - 00:00,0.88,17.37,10.39,4.39,14.77,3.99,56.6,0.29,2.74,220.11,21.26,312.83,0.0,,0.0,0.0,0.0,07-May-2019 - 00:00,986.53,"Velachery Res. Area, Chennai - CPCB"
07-May-2019 - 00:00,0.87,15.9,12.68,3.7,16.24,6.07,51.73,0.29,2.75,229.14,25.75,301.12,2.86,,5.34,0.0,0.0,08-May-2019 - 00:00,986.54,"Velachery Res. Area, Chennai - CPCB"
08-May-2019 - 00:00,0.84,14.66,10.36,3.73,14.01,4.01,32.47,0.24,2.06,244.07,25.42,212.54,0.09,,2.52,0.08,0.04,09-May-2019 - 00:00,979.09,"Velachery Res. Area, Chennai - CPCB"
09-May-2019 - 00:00,0.9,26.68,16.23,5.82,22.05,5.17,40.18,0.26,2.29,237.32,25.6,322.6,0.0,,3.18,0.0,0.0,10-May-2019 - 00:00,981.82,"Velachery Res. Area, Chennai - CPCB"
10-May-2019 - 00:00,0.85,13.41,18.59,4.73,23.32,4.44,44.41,0.28,2.64,223.15,16.82,279.74,0.0,,2.73,0.0,0.0,11-May-2019 - 00:00,984.74,"Velachery Res. Area, Chennai - CPCB"
11-May-2019 - 00:00,0.86,30.22,10.55,3.63,14.17,3.91,56.11,0.29,2.76,217.45,17.42,287.97,0.0,,0.0,0.0,0.0,12-May-2019 - 00:00,986.41,"Velachery Res. Area, Chennai - CPCB"
12-May-2019 - 00:00,0.82,18.96,9.62,3.48,13.08,4.2,63.4,0.28,2.54,211.22,17.82,282.97,0.0,,0.0,0.0,0.0,13-May-2019 - 00:00,983.87,"Velachery Res. Area, Chennai - CPCB"
13-May-2019 - 00:00,0.88,19.88,13.19,4.26,17.43,5.41,63.48,0.27,2.53,214.64,30.43,267.72,0.17,,0.06,0.09,0.08,14-May-2019 - 00:00,983.74,"Velachery Res. Area, Chennai - CPCB"
14-May-2019 - 00:00,0.87,28.25,21.45,4.05,25.49,3.88,65.26,0.27,2.45,209.74,66.8,260.01,0.11,,0.09,0.09,0.11,15-May-2019 - 00:00,983.01,"Velachery Res. Area, Chennai - CPCB"
15-May-2019 - 00:00,0.79,22.21,32.4,3.65,36.03,5.49,64.11,0.27,2.44,213.0,59.7,306.1,0.0,,0.0,0.0,0.0,16-May-2019 - 00:00,982.84,"Velachery Res. Area, Chennai - CPCB"
16-May-2019 - 00:00,0.84,18.83,12.99,3.42,16.37,4.28,65.04,0.26,2.33,206.1,56.67,288.17,,,,,,17-May-2019 - 00:00,981.57,"Velachery Res. Area, Chennai - CPCB"
17-May-2019 - 00:00,0.81,27.81,13.75,3.3,17.02,3.99,69.02,0.29,2.68,212.98,57.81,277.12,0.09,,0.08,0.08,0.09,18-May-2019 - 00:00,985.9,"Velachery Res. Area, Chennai - CPCB"
18-May-2019 - 00:00,0.85,24.17,13.22,3.32,16.52,4.84,71.49,0.28,2.61,214.37,50.24,349.28,0.07,,0.07,0.03,0.04,19-May-2019 - 00:00,984.75,"Velachery Res. Area, Chennai - CPCB"
19-May-2019 - 00:00,0.8,22.6,12.17,2.94,15.08,4.03,68.99,0.29,2.71,213.96,50.11,287.93,0.06,,0.05,0.05,0.06,20-May-2019 - 00:00,985.89,"Velachery Res. Area, Chennai - CPCB"
20-May-2019 - 00:00,0.87,16.83,13.0,2.86,15.84,4.74,65.4,0.3,2.86,216.36,29.92,274.13,0.0,,0.0,0.0,0.0,21-May-2019 - 00:00,987.79,"Velachery Res. Area, Chennai - CPCB"
21-May-2019 - 00:00,0.87,15.53,15.49,3.41,18.88,4.81,62.89,0.29,2.77,218.37,32.06,273.27,0.03,,0.03,0.03,0.03,22-May-2019 - 00:00,986.65,"Velachery Res. Area, Chennai - CPCB"
22-May-2019 - 00:00,0.91,16.24,14.05,3.33,17.35,4.6,62.24,0.29,2.77,212.68,39.2,279.75,0.0,,0.0,0.0,0.0,23-May-2019 - 00:00,986.68,"Velachery Res. Area, Chennai - CPCB"
23-May-2019 - 00:00,0.85,21.75,11.57,2.89,14.41,4.7,66.06,0.3,2.85,217.41,43.21,278.7,0.01,,0.01,0.01,0.01,24-May-2019 - 00:00,987.81,"Velachery Res. Area, Chennai - CPCB"
24-May-2019 - 00:00,0.88,14.59,10.49,2.67,13.13,4.97,66.52,0.3,2.83,218.55,38.15,285.36,0.41,,0.67,0.86,0.46,25-May-2019 - 00:00,997.33,"Velachery Res. Area, Chennai - CPCB"
25-May-2019 - 00:00,0.82,29.64,12.97,2.91,15.84,5.0,63.59,0.29,2.65,216.98,45.72,293.46,0.37,,0.67,0.36,0.28,26-May-2019 - 00:00,,"Velachery Res. Area, Chennai - CPCB"
26-May-2019 - 00:00,0.82,29.2,13.11,3.17,16.26,4.79,56.1,0.29,2.66,221.94,40.34,316.61,0.52,,0.59,0.36,0.45,27-May-2019 - 00:00,,"Velachery Res. Area, Chennai - CPCB"
27-May-2019 - 00:00,0.83,40.63,15.26,3.11,18.34,5.04,58.92,0.28,2.64,218.1,38.48,268.71,0.46,,0.5,0.28,0.38,28-May-2019 - 00:00,,"Velachery Res. Area, Chennai - CPCB"
28-May-2019 - 00:00,0.88,31.47,15.14,3.08,18.19,4.77,58.32,0.29,2.74,221.88,49.56,277.74,0.0,,0.0,0.0,0.0,29-May-2019 - 00:00,,"Velachery Res. Area, Chennai - CPCB"
29-May-2019 - 00:00,0.85,28.7,14.48,3.07,17.54,6.29,53.96,0.3,2.8,221.44,47.25,247.9,0.3,,0.31,0.34,0.45,30-May-2019 - 00:00,,"Velachery Res. Area, Chennai - CPCB"
30-May-2019 - 00:00,0.91,28.51,15.37,3.24,18.47,5.22,68.15,0.27,2.43,208.59,60.0,218.77,0.0,,2.5,0.0,0.0,31-May-2019 - 00:00,,"Velachery Res. Area, Chennai - CPCB"
31-May-2019 - 00:00,0.8,49.3,17.45,3.2,20.63,5.38,61.45,0.3,2.78,219.64,55.04,314.14,0.0,,5.08,0.0,0.0,01-Jun-2019 - 00:00,,"Velachery Res. Area, Chennai - CPCB"
01-Jun-2019 - 00:00,0.74,64.39,4.87,2.11,6.88,6.51,55.44,0.26,2.19,230.53,54.9,273.16,0.0,,5.6,0.0,0.0,02-Jun-2019 - 00:00,,"Velachery Res. Area, Chennai - CPCB"
02-Jun-2019 - 00:00,0.77,77.8,5.11,2.04,7.1,4.71,53.71,0.27,2.39,232.0,75.85,308.13,0.1,,0.69,0.19,0.18,03-Jun-2019 - 00:00,,"Velachery Res. Area, Chennai - CPCB"
03-Jun-2019 - 00:00,0.82,77.09,15.38,2.88,18.22,4.32,47.03,0.14,1.75,216.97,48.28,228.51,0.0,,1.71,0.0,0.0,04-Jun-2019 - 00:00,,"Velachery Res. Area, Chennai - CPCB"
04-Jun-2019 - 00:00,0.89,60.73,11.69,2.99,14.65,4.21,60.97,0.03,1.94,190.05,45.59,244.71,0.0,,1.99,0.0,0.0,05-Jun-2019 - 00:00,,"Velachery Res. Area, Chennai - CPCB"
05-Jun-2019 - 00:00,0.98,60.05,8.63,2.87,11.45,5.71,59.16,-0.38,2.51,194.28,52.74,234.05,0.14,,2.94,0.12,0.18,06-Jun-2019 - 00:00,,"Velachery Res. Area, Chennai - CPCB"
06-Jun-2019 - 00:00,0.96,41.41,12.56,2.92,15.45,5.44,67.02,-0.38,2.84,178.85,72.49,245.88,0.0,,2.39,0.0,0.0,07-Jun-2019 - 00:00,,"Velachery Res. Area, Chennai - CPCB"
07-Jun-2019 - 00:00,0.97,44.72,21.24,3.98,22.39,4.0,71.82,0.18,2.75,188.89,37.98,210.81,0.0,,6.64,0.0,0.11,08-Jun-2019 - 00:00,,"Velachery Res. Area, Chennai - CPCB"
08-Jun-2019 - 00:00,1.11,69.5,20.87,4.48,16.48,5.25,59.3,0.66,2.34,207.77,33.3,270.67,0.0,,5.07,0.0,0.0,09-Jun-2019 - 00:00,,"Velachery Res. Area, Chennai - CPCB"
09-Jun-2019 - 00:00,1.25,53.23,20.97,6.72,14.32,4.09,56.92,0.73,3.26,197.94,37.01,300.01,0.0,,1.07,0.0,0.0,10-Jun-2019 - 00:00,,"Velachery Res. Area, Chennai - CPCB"
10-Jun-2019 - 00:00,1.27,43.59,23.73,7.41,16.35,3.39,48.64,0.71,3.03,202.66,44.48,242.25,0.0,,0.94,0.0,0.02,11-Jun-2019 - 00:00,,"Velachery Res. Area, Chennai - CPCB"
11-Jun-2019 - 00:00,1.22,64.38,25.69,7.19,18.52,3.69,41.01,0.68,2.83,203.05,53.1,262.87,0.0,,1.63,0.0,0.0,12-Jun-2019 - 00:00,,"Velachery Res. Area, Chennai - CPCB"
12-Jun-2019 - 00:00,1.3,53.83,25.91,8.52,17.42,4.1,38.95,0.65,2.27,207.7,36.05,244.32,0.0,,2.37,0.0,0.0,13-Jun-2019 - 00:00,,"Velachery Res. Area, Chennai - CPCB"
13-Jun-2019 - 00:00,1.26,55.11,30.83,7.92,22.95,3.55,38.07,0.59,1.89,247.72,16.92,273.38,0.0,,2.85,0.0,0.0,14-Jun-2019 - 00:00,,"Velachery Res. Area, Chennai - CPCB"
14-Jun-2019 - 00:00,1.24,54.85,35.14,8.01,27.14,2.66,44.01,-0.04,1.96,228.76,29.35,303.84,0.0,,1.73,0.0,0.0,15-Jun-2019 - 00:00,,"Velachery Res. Area, Chennai - CPCB"
15-Jun-2019 - 00:00,1.24,37.68,23.97,6.79,17.21,3.69,45.99,-0.49,2.14,210.44,50.9,246.35,0.0,,0.45,0.0,0.0,16-Jun-2019 - 00:00,,"Velachery Res. Area, Chennai - CPCB"
16-Jun-2019 - 00:00,1.21,34.11,22.4,6.22,16.34,4.2,47.31,-0.49,2.19,211.24,36.92,273.34,0.0,,0.09,0.0,0.0,17-Jun-2019 - 00:00,,"Velachery Res. Area, Chennai - CPCB"
17-Jun-2019 - 00:00,1.26,23.62,24.08,7.1,17.03,3.94,42.76,-0.49,1.91,204.03,57.64,224.77,0.0,,2.5,0.0,0.0,18-Jun-2019 - 00:00,,"Velachery Res. Area, Chennai - CPCB"
18-Jun-2019 - 00:00,1.27,28.68,27.77,7.03,20.77,2.94,48.88,-0.49,1.81,213.59,46.26,270.62,0.0,,2.06,0.0,0.0,19-Jun-2019 - 00:00,,"Velachery Res. Area, Chennai - CPCB"
19-Jun-2019 - 00:00,1.31,24.43,19.58,6.66,19.23,3.22,45.05,-0.49,2.0,213.06,32.95,195.92,0.0,,1.4,0.0,0.08,20-Jun-2019 - 00:00,,"Velachery Res. Area, Chennai - CPCB"
20-Jun-2019 - 00:00,1.35,20.74,21.95,11.91,33.85,3.95,56.42,-0.49,1.61,222.45,38.71,152.77,0.0,,7.74,0.72,2.59,21-Jun-2019 - 00:00,,"Velachery Res. Area, Chennai - CPCB"
21-Jun-2019 - 00:00,1.34,33.97,23.76,10.78,34.48,3.82,60.65,-0.28,1.31,239.9,41.55,167.29,0.0,,5.69,0.0,1.66,22-Jun-2019 - 00:00,,"Velachery Res. Area, Chennai - CPCB"
22-Jun-2019 - 00:00,1.28,42.06,20.62,7.77,28.36,3.58,65.11,0.02,1.69,211.34,48.21,213.25,0.0,,3.55,0.0,1.78,23-Jun-2019 - 00:00,,"Velachery Res. Area, Chennai - CPCB"
23-Jun-2019 - 00:00,1.28,47.56,17.81,9.78,27.54,4.69,76.32,0.02,1.71,210.61,41.68,226.2,0.0,,2.37,0.0,0.03,24-Jun-2019 - 00:00,,"Velachery Res. Area, Chennai - CPCB"
24-Jun-2019 - 00:00,1.28,58.07,21.26,8.61,29.84,4.19,46.19,-0.09,1.8,219.29,36.68,186.34,0.0,,3.48,0.0,0.26,25-Jun-2019 - 00:00,,"Velachery Res. Area, Chennai - CPCB"
25-Jun-2019 - 00:00,1.29,39.3,19.97,9.94,29.85,4.07,51.76,-0.48,1.57,217.44,160.59,126.1,0.0,,7.04,0.0,2.23,26-Jun-2019 - 00:00,,"Velachery Res. Area, Chennai - CPCB"
26-Jun-2019 - 00:00,1.23,27.94,25.64,10.62,36.2,3.83,56.48,-0.47,1.96,204.59,60.71,136.74,0.0,,5.8,0.0,0.84,27-Jun-2019 - 00:00,,"Velachery Res. Area, Chennai - CPCB"
27-Jun-2019 - 00:00,0.84,19.44,41.4,10.31,51.68,3.78,59.12,-0.47,2.05,213.44,45.49,208.31,0.0,,6.53,0.0,1.54,28-Jun-2019 - 00:00,,"Velachery Res. Area, Chennai - CPCB"
28-Jun-2019 - 00:00,0.76,35.74,15.78,7.79,23.51,3.54,57.76,-0.46,2.18,211.37,72.45,239.83,0.0,,1.45,0.0,0.0,29-Jun-2019 - 00:00,,"Velachery Res. Area, Chennai - CPCB"
29-Jun-2019 - 00:00,0.76,12.73,22.58,7.5,30.04,3.85,54.57,-0.46,2.05,251.84,48.41,302.55,0.0,,1.26,0.0,0.0,30-Jun-2019 - 00:00,,"Velachery Res. Area, Chennai - CPCB"
30-Jun-2019 - 00:00,0.74,16.93,30.09,7.34,37.43,3.37,47.19,-0.46,1.93,216.76,33.48,217.32,0.0,,1.53,0.0,0.0,01-Jul-2019 - 00:00,,"Velachery Res. Area, Chennai - CPCB"
01-Jul-2019 - 00:00,0.77,26.51,21.99,7.26,29.24,3.54,52.81,-0.45,2.37,238.44,38.38,196.7,1.4,,3.04,0.0,0.15,02-Jul-2019 - 00:00,999.81,"Velachery Res. Area, Chennai - CPCB"
02-Jul-2019 - 00:00,0.76,22.57,20.91,8.11,29.0,3.62,61.26,-0.46,2.3,222.55,123.13,160.29,0.0,,2.28,0.0,0.0,03-Jul-2019 - 00:00,,"Velachery Res. Area, Chennai - CPCB"
03-Jul-2019 - 00:00,0.77,13.44,20.08,7.95,28.02,3.66,69.95,-0.46,2.33,202.96,155.34,226.47,0.0,,0.39,0.0,0.0,04-Jul-2019 - 00:00,,"Velachery Res. Area, Chennai - CPCB"
04-Jul-2019 - 00:00,0.8,11.71,21.89,8.9,30.73,3.54,73.14,-0.46,2.42,206.86,49.06,221.35,3.85,,0.78,0.79,0.0,05-Jul-2019 - 00:00,,"Velachery Res. Area, Chennai - CPCB"
05-Jul-2019 - 00:00,0.8,7.26,24.81,9.71,34.51,3.09,77.03,-0.46,2.28,208.66,278.97,140.3,0.0,,0.93,0.0,1.29,06-Jul-2019 - 00:00,,"Velachery Res. Area, Chennai - CPCB"
06-Jul-2019 - 00:00,0.8,15.15,34.8,8.22,43.0,3.54,71.31,-0.46,2.56,207.78,,149.41,0.0,,0.13,0.0,0.0,07-Jul-2019 - 00:00,,"Velachery Res. Area, Chennai - CPCB"
07-Jul-2019 - 00:00,0.71,24.62,19.87,6.32,26.14,3.4,64.98,-0.46,2.34,208.16,,210.79,0.0,,0.0,0.0,0.0,08-Jul-2019 - 00:00,,"Velachery Res. Area, Chennai - CPCB"
08-Jul-2019 - 00:00,0.75,25.35,21.97,7.22,29.16,3.66,53.59,-0.18,2.1,208.62,45.83,215.3,0.0,,0.7,0.0,0.0,09-Jul-2019 - 00:00,,"Velachery Res. Area, Chennai - CPCB"
09-Jul-2019 - 00:00,0.73,29.18,17.97,6.04,23.96,3.72,55.78,-0.47,1.67,215.34,53.02,211.17,0.0,,3.46,0.04,0.04,10-Jul-2019 - 00:00,,"Velachery Res. Area, Chennai - CPCB"
10-Jul-2019 - 00:00,0.79,35.76,21.87,7.22,29.04,4.02,47.6,-0.15,1.24,197.98,39.14,213.42,0.0,,3.07,0.0,0.26,11-Jul-2019 - 00:00,,"Velachery Res. Area, Chennai - CPCB"
11-Jul-2019 - 00:00,0.83,30.73,32.46,8.98,41.41,3.33,39.02,0.09,1.44,184.83,44.5,229.1,0.0,,7.0,0.0,2.16,12-Jul-2019 - 00:00,,"Velachery Res. Area, Chennai - CPCB"
12-Jul-2019 - 00:00,0.73,39.54,21.32,6.56,27.85,3.0,49.15,0.15,2.91,200.12,,335.06,0.0,,1.94,0.0,0.0,13-Jul-2019 - 00:00,,"Velachery Res. Area, Chennai - CPCB"
13-Jul-2019 - 00:00,0.74,35.21,17.69,6.25,23.89,4.7,61.55,0.17,2.95,203.74,,205.57,0.0,,2.67,0.0,0.0,14-Jul-2019 - 00:00,,"Velachery Res. Area, Chennai - CPCB"
14-Jul-2019 - 00:00,0.75,40.21,17.67,5.64,23.27,4.22,55.41,0.14,2.45,219.29,,201.93,0.0,,0.49,0.0,0.04,15-Jul-2019 - 00:00,,"Velachery Res. Area, Chennai - CPCB"
15-Jul-2019 - 00:00,0.69,46.37,18.24,5.85,24.03,3.73,51.58,0.14,2.42,199.7,23.49,297.58,0.0,,2.07,0.0,0.0,16-Jul-2019 - 00:00,,"Velachery Res. Area, Chennai - CPCB"
16-Jul-2019 - 00:00,0.78,29.34,20.16,5.89,26.01,3.8,92.83,-0.19,1.98,208.7,26.3,249.21,0.0,,3.7,0.0,0.53,17-Jul-2019 - 00:00,,"Velachery Res. Area, Chennai - CPCB"
17-Jul-2019 - 00:00,0.81,,22.82,8.1,30.89,4.42,99.8,-0.5,0.69,229.99,47.26,116.43,0.0,,8.93,0.0,1.31,18-Jul-2019 - 00:00,,"Velachery Res. Area, Chennai - CPCB"
18-Jul-2019 - 00:00,0.77,,24.75,6.36,31.09,4.31,86.59,-0.5,0.83,211.99,38.04,206.15,0.0,,6.2,0.0,0.14,19-Jul-2019 - 00:00,999.43,"Velachery Res. Area, Chennai - CPCB"
19-Jul-2019 - 00:00,0.74,67.39,19.87,5.97,25.75,3.93,80.02,-0.49,0.89,221.4,28.0,170.36,0.0,,5.66,0.0,0.39,20-Jul-2019 - 00:00,999.33,"Velachery Res. Area, Chennai - CPCB"
20-Jul-2019 - 00:00,0.71,63.63,16.33,5.82,22.12,3.12,71.68,-0.5,0.73,196.09,33.35,278.78,0.0,,1.71,0.0,0.0,21-Jul-2019 - 00:00,999.97,"Velachery Res. Area, Chennai - CPCB"
21-Jul-2019 - 00:00,0.71,51.96,20.26,5.57,25.8,3.73,53.45,-0.5,0.72,212.32,34.6,167.15,0.0,,0.88,0.0,0.0,22-Jul-2019 - 00:00,,"Velachery Res. Area, Chennai - CPCB"
22-Jul-2019 - 00:00,0.82,22.69,26.37,12.75,39.1,6.28,69.6,-0.48,1.55,197.16,32.51,55.19,0.0,,0.69,0.19,5.22,23-Jul-2019 - 00:00,,"Velachery Res. Area, Chennai - CPCB"
23-Jul-2019 - 00:00,0.78,32.04,22.07,8.34,30.4,4.93,57.15,-0.5,0.72,219.39,30.72,160.04,0.0,,2.46,0.0,2.81,24-Jul-2019 - 00:00,,"Velachery Res. Area, Chennai - CPCB"
24-Jul-2019 - 00:00,0.74,40.5,25.61,8.15,33.73,4.14,51.68,-0.48,1.54,214.29,27.9,316.71,3.1,,5.69,0.0,1.13,25-Jul-2019 - 00:00,,"Velachery Res. Area, Chennai - CPCB"
25-Jul-2019 - 00:00,0.81,38.2,25.39,8.13,33.51,6.05,59.83,-0.47,1.88,204.32,14.04,140.61,0.85,,6.16,0.0,0.56,26-Jul-2019 - 00:00,,"Velachery Res. Area, Chennai - CPCB"
26-Jul-2019 - 00:00,0.82,26.56,24.33,10.24,34.54,3.74,61.24,-0.47,2.03,224.12,15.53,107.08,9.35,,13.07,0.19,0.6,27-Jul-2019 - 00:00,,"Velachery Res. Area, Chennai - CPCB"
27-Jul-2019 - 00:00,0.77,33.24,30.7,8.65,39.33,3.27,33.38,-0.47,1.91,218.85,15.01,218.1,13.88,,13.78,0.0,0.52,28-Jul-2019 - 00:00,,"Velachery Res. Area, Chennai - CPCB"
28-Jul-2019 - 00:00,0.74,40.78,20.53,6.21,26.73,3.63,38.94,-0.47,1.73,221.36,13.4,150.17,3.16,,3.43,0.0,0.0,29-Jul-2019 - 00:00,,"Velachery Res. Area, Chennai - CPCB"
29-Jul-2019 - 00:00,0.78,39.16,22.16,7.98,30.13,3.77,45.01,-0.47,2.1,211.45,16.0,144.73,2.24,,2.73,0.0,0.0,30-Jul-2019 - 00:00,,"Velachery Res. Area, Chennai - CPCB"
30-Jul-2019 - 00:00,0.79,38.56,43.29,8.77,52.05,4.23,42.83,-0.47,1.97,206.79,14.59,169.8,1.74,,3.3,0.0,0.0,31-Jul-2019 - 00:00,,"Velachery Res. Area, Chennai - CPCB"
31-Jul-2019 - 00:00,0.77,42.77,24.61,8.23,32.81,4.09,37.8,-0.48,1.5,223.08,10.5,307.37,1.23,,2.04,0.57,0.13,01-Aug-2019 - 00:00,,"Velachery Res. Area, Chennai - CPCB"
01-Aug-2019 - 00:00,0.76,31.23,19.93,8.22,28.11,3.77,52.96,-0.47,1.99,217.41,13.1,146.4,2.94,,6.79,0.0,0.0,02-Aug-2019 - 00:00,,"Velachery Res. Area, Chennai - CPCB"
02-Aug-2019 - 00:00,0.79,26.94,34.4,9.84,44.21,3.28,69.11,-0.47,1.79,193.8,136.7,172.07,4.73,,12.78,0.27,0.0,03-Aug-2019 - 00:00,,"Velachery Res. Area, Chennai - CPCB"
03-Aug-2019 - 00:00,0.74,30.13,39.21,9.13,48.27,4.35,60.97,-0.46,2.46,206.92,93.28,263.75,2.37,,5.0,0.0,0.0,04-Aug-2019 - 00:00,,"Velachery Res. Area, Chennai - CPCB"
04-Aug-2019 - 00:00,0.72,29.29,23.2,7.25,30.37,4.49,38.37,-0.46,2.16,214.68,63.38,227.12,0.81,,7.98,0.53,0.26,05-Aug-2019 - 00:00,,"Velachery Res. Area, Chennai - CPCB"
05-Aug-2019 - 00:00,0.77,16.67,21.74,8.05,29.75,4.4,36.41,-0.47,1.94,227.98,60.34,127.61,4.46,,10.24,0.0,0.0,06-Aug-2019 - 00:00,,"Velachery Res. Area, Chennai - CPCB"
06-Aug-2019 - 00:00,0.75,24.36,20.66,8.65,29.2,3.34,36.9,-0.46,2.4,226.2,14.78,178.84,3.83,,12.65,0.15,0.57,07-Aug-2019 - 00:00,,"Velachery Res. Area, Chennai - CPCB"
07-Aug-2019 - 00:00,0.73,24.67,16.74,6.53,23.15,3.3,31.83,-0.45,2.96,219.05,12.28,211.45,3.06,,7.91,0.0,0.0,08-Aug-2019 - 00:00,,"Velachery Res. Area, Chennai - CPCB"
08-Aug-2019 - 00:00,0.74,25.7,15.91,6.87,22.72,2.86,29.34,-0.45,3.03,219.13,20.3,279.13,0.87,,3.72,0.17,0.0,09-Aug-2019 - 00:00,999.63,"Velachery Res. Area, Chennai - CPCB"
09-Aug-2019 - 00:00,0.73,26.23,17.94,6.66,24.54,3.06,34.77,-0.46,2.25,216.9,9.92,361.39,0.93,,3.17,0.29,0.02,10-Aug-2019 - 00:00,,"Velachery Res. Area, Chennai - CPCB"
10-Aug-2019 - 00:00,0.73,30.75,18.13,5.7,23.74,3.75,50.48,-0.47,1.77,212.2,12.99,281.98,0.0,,3.4,0.0,0.0,11-Aug-2019 - 00:00,,"Velachery Res. Area, Chennai - CPCB"
11-Aug-2019 - 00:00,0.66,32.07,15.34,5.34,20.62,3.39,50.4,-0.47,1.45,235.28,14.66,299.91,0.23,,1.41,0.0,0.0,12-Aug-2019 - 00:00,,"Velachery Res. Area, Chennai - CPCB"
12-Aug-2019 - 00:00,0.7,30.94,16.05,5.51,21.51,3.05,52.2,-0.48,1.4,222.6,14.24,231.48,0.0,,3.02,0.0,0.0,13-Aug-2019 - 00:00,,"Velachery Res. Area, Chennai - CPCB"
13-Aug-2019 - 00:00,0.73,28.78,19.14,6.02,25.03,3.97,61.52,-0.48,1.43,223.11,16.83,175.88,1.48,,6.31,0.0,0.0,14-Aug-2019 - 00:00,,"Velachery Res. Area, Chennai - CPCB"
14-Aug-2019 - 00:00,0.72,33.68,18.59,6.22,24.71,3.54,71.74,-0.47,1.71,200.71,20.22,286.81,0.66,,5.21,0.0,0.0,15-Aug-2019 - 00:00,,"Velachery Res. Area, Chennai - CPCB"
15-Aug-2019 - 00:00,0.7,31.32,15.31,5.85,21.02,3.14,74.72,-0.48,1.38,188.88,15.72,165.16,0.0,,4.04,0.0,0.0,16-Aug-2019 - 00:00,,"Velachery Res. Area, Chennai - CPCB"
16-Aug-2019 - 00:00,0.75,32.09,17.24,8.25,25.26,5.16,69.28,-0.48,1.16,211.01,19.09,285.69,2.72,,6.55,0.0,0.43,17-Aug-2019 - 00:00,,"Velachery Res. Area, Chennai - CPCB"
17-Aug-2019 - 00:00,0.76,18.26,20.89,19.57,40.4,9.01,51.26,-0.47,1.59,252.02,12.65,138.57,9.72,,16.7,0.14,0.39,18-Aug-2019 - 00:00,,"Velachery Res. Area, Chennai - CPCB"
18-Aug-2019 - 00:00,0.72,22.49,14.92,6.92,21.68,4.51,55.94,-0.47,1.84,248.55,11.02,132.73,6.77,,10.5,0.0,0.93,19-Aug-2019 - 00:00,,"Velachery Res. Area, Chennai - CPCB"
19-Aug-2019 - 00:00,0.78,30.07,18.03,5.95,23.91,4.36,38.49,-0.48,1.62,217.12,11.28,331.77,5.98,,10.86,0.0,0.33,20-Aug-2019 - 00:00,,"Velachery Res. Area, Chennai - CPCB"
20-Aug-2019 - 00:00,0.72,29.33,15.49,5.58,21.02,3.29,47.58,-0.48,1.36,219.01,18.8,295.25,4.2,,7.88,0.0,1.09,21-Aug-2019 - 00:00,,"Velachery Res. Area, Chennai - CPCB"
21-Aug-2019 - 00:00,0.75,19.62,19.63,9.7,29.25,4.52,56.95,-0.48,1.49,258.08,16.22,217.19,3.15,,10.96,0.45,2.04,22-Aug-2019 - 00:00,,"Velachery Res. Area, Chennai - CPCB"
22-Aug-2019 - 00:00,0.77,17.24,18.67,7.67,26.24,3.68,75.24,-0.47,1.71,240.58,15.94,172.53,8.99,,12.04,0.27,1.29,23-Aug-2019 - 00:00,,"Velachery Res. Area, Chennai - CPCB"
23-Aug-2019 - 00:00,0.73,19.55,16.74,6.27,22.91,3.3,67.82,-0.47,1.56,230.67,18.11,238.9,2.82,,2.4,3.17,1.59,24-Aug-2019 - 00:00,,"Velachery Res. Area, Chennai - CPCB"
24-Aug-2019 - 00:00,0.75,22.44,16.79,6.44,23.02,4.33,60.86,-0.47,1.57,234.1,13.29,243.02,0.0,,0.0,0.0,0.0,25-Aug-2019 - 00:00,,"Velachery Res. Area, Chennai - CPCB"
25-Aug-2019 - 00:00,0.71,26.88,14.62,5.68,20.14,3.88,63.8,-0.47,2.03,213.04,12.07,243.25,0.0,,0.0,0.0,0.0,26-Aug-2019 - 00:00,,"Velachery Res. Area, Chennai - CPCB"
26-Aug-2019 - 00:00,0.7,29.26,16.91,5.52,22.24,4.66,61.0,-0.46,2.45,215.14,10.81,346.95,0.0,,0.0,0.0,0.0,27-Aug-2019 - 00:00,,"Velachery Res. Area, Chennai - CPCB"
27-Aug-2019 - 00:00,0.7,32.57,17.0,5.65,22.46,4.44,58.82,-0.46,2.4,213.23,12.8,304.82,0.77,,1.23,0.0,0.0,28-Aug-2019 - 00:00,,"Velachery Res. Area, Chennai - CPCB"
28-Aug-2019 - 00:00,0.69,31.62,19.38,6.32,25.61,2.81,62.35,-0.47,1.77,215.55,11.32,243.0,0.0,,1.68,0.0,0.0,29-Aug-2019 - 00:00,,"Velachery Res. Area, Chennai - CPCB"
29-Aug-2019 - 00:00,0.72,26.47,19.27,6.98,26.09,4.21,53.52,-0.47,1.66,226.93,21.68,324.28,0.74,,3.86,0.0,0.0,30-Aug-2019 - 00:00,,"Velachery Res. Area, Chennai - CPCB"
30-Aug-2019 - 00:00,0.68,31.11,16.03,5.45,21.45,3.1,37.09,-0.48,1.44,234.4,13.09,301.31,5.85,,3.05,0.0,0.0,31-Aug-2019 - 00:00,,"Velachery Res. Area, Chennai - CPCB"
31-Aug-2019 - 00:00,0.71,25.25,18.22,7.22,25.4,4.03,41.5,-0.47,1.65,224.5,20.94,165.36,3.6,,10.02,0.0,0.0,01-Sep-2019 - 00:00,,"Velachery Res. Area, Chennai - CPCB"
01-Sep-2019 - 00:00,0.75,17.13,17.51,9.12,26.59,4.38,54.61,-0.48,1.37,196.31,21.81,108.91,2.6,,11.67,0.0,0.0,02-Sep-2019 - 00:00,,"Velachery Res. Area, Chennai - CPCB"
02-Sep-2019 - 00:00,0.75,18.33,13.62,6.55,20.09,3.59,49.2,-0.47,2.06,209.56,16.54,126.77,7.99,,6.06,0.0,0.0,03-Sep-2019 - 00:00,,"Velachery Res. Area, Chennai - CPCB"
03-Sep-2019 - 00:00,0.74,14.79,17.35,10.33,27.65,4.73,53.94,-0.47,1.72,214.1,13.77,162.72,2.63,,11.9,0.16,0.27,04-Sep-2019 - 00:00,,"Velachery Res. Area, Chennai - CPCB"
04-Sep-2019 - 00:00,0.75,18.83,23.71,9.51,33.19,4.91,53.13,-0.46,2.28,201.42,12.7,181.8,7.54,,11.71,0.26,0.21,05-Sep-2019 - 00:00,,"Velachery Res. Area, Chennai - CPCB"
05-Sep-2019 - 00:00,0.74,16.88,19.54,8.74,28.25,2.8,35.05,-0.46,2.36,218.34,9.74,242.91,0.93,,7.24,0.0,0.0,06-Sep-2019 - 00:00,,"Velachery Res. Area, Chennai - CPCB"
06-Sep-2019 - 00:00,0.74,19.16,21.26,9.14,30.31,4.98,30.47,-0.48,1.47,207.23,16.36,174.67,3.18,,7.45,0.0,0.0,07-Sep-2019 - 00:00,,"Velachery Res. Area, Chennai - CPCB"
07-Sep-2019 - 00:00,0.71,23.23,19.06,7.59,26.62,3.62,30.31,-0.47,1.66,219.3,16.19,246.45,2.42,,6.18,0.0,0.0,08-Sep-2019 - 00:00,,"Velachery Res. Area, Chennai - CPCB"
08-Sep-2019 - 00:00,0.68,28.49,13.72,5.79,19.44,3.55,30.8,-0.45,2.53,207.5,15.26,273.6,2.35,,3.4,0.0,0.0,09-Sep-2019 - 00:00,,"Velachery Res. Area, Chennai - CPCB"
09-Sep-2019 - 00:00,0.7,30.54,19.91,6.96,26.78,3.84,30.8,-0.46,2.25,212.01,14.5,224.22,2.78,,7.12,0.0,0.0,10-Sep-2019 - 00:00,,"Velachery Res. Area, Chennai - CPCB"
10-Sep-2019 - 00:00,0.69,32.61,24.24,7.37,31.57,3.57,38.91,-0.45,2.85,187.96,16.21,278.38,0.5,,3.36,0.0,0.0,11-Sep-2019 - 00:00,,"Velachery Res. Area, Chennai - CPCB"
11-Sep-2019 - 00:00,0.68,27.75,19.81,6.84,26.58,3.44,50.83,-0.46,2.42,195.87,12.71,124.86,0.7,,7.44,0.0,0.0,12-Sep-2019 - 00:00,,"Velachery Res. Area, Chennai - CPCB"
12-Sep-2019 - 00:00,0.68,33.61,20.64,7.2,27.77,3.53,53.5,-0.45,2.6,238.33,14.81,295.68,0.87,,5.29,0.0,0.0,13-Sep-2019 - 00:00,,"Velachery Res. Area, Chennai - CPCB"
13-Sep-2019 - 00:00,0.71,34.94,19.27,6.06,25.24,4.5,46.89,-0.46,2.38,212.85,18.32,217.86,0.27,,4.73,0.0,0.0,14-Sep-2019 - 00:00,,"Velachery Res. Area, Chennai - CPCB"
14-Sep-2019 - 00:00,0.72,37.48,15.82,6.09,21.86,3.22,48.39,-0.46,2.4,197.1,15.01,312.23,0.15,,4.25,0.0,0.0,15-Sep-2019 - 00:00,,"Velachery Res. Area, Chennai - CPCB"
15-Sep-2019 - 00:00,0.67,36.05,14.4,5.95,20.3,3.93,49.15,-0.46,1.89,228.07,17.7,260.04,0.0,,2.21,0.0,0.0,16-Sep-2019 - 00:00,,"Velachery Res. Area, Chennai - CPCB"
16-Sep-2019 - 00:00,0.69,29.52,15.02,6.69,21.66,3.9,43.0,-0.46,2.17,247.67,9.77,298.98,0.46,,5.97,0.0,0.0,17-Sep-2019 - 00:00,,"Velachery Res. Area, Chennai - CPCB"
17-Sep-2019 - 00:00,0.71,28.83,19.73,7.17,26.83,2.97,56.93,-0.47,1.83,227.61,10.94,146.23,1.72,,7.96,0.0,0.0,18-Sep-2019 - 00:00,,"Velachery Res. Area, Chennai - CPCB"
18-Sep-2019 - 00:00,0.73,26.11,20.55,7.47,27.99,3.46,56.19,-0.48,1.63,217.18,13.09,120.48,0.0,,9.0,0.04,0.0,19-Sep-2019 - 00:00,,"Velachery Res. Area, Chennai - CPCB"
19-Sep-2019 - 00:00,0.76,24.22,20.37,8.5,28.83,4.13,69.34,-0.48,1.25,203.22,10.91,67.75,0.37,,14.01,0.08,0.06,20-Sep-2019 - 00:00,,"Velachery Res. Area, Chennai - CPCB"
20-Sep-2019 - 00:00,0.78,23.05,17.25,8.19,25.4,3.14,64.7,-0.49,0.89,162.92,16.92,114.77,46.23,,121.15,0.0,0.35,21-Sep-2019 - 00:00,,"Velachery Res. Area, Chennai - CPCB"
21-Sep-2019 - 00:00,0.79,25.79,17.74,12.33,30.02,4.48,55.95,-0.49,1.25,175.59,23.24,162.99,0.84,,21.88,0.67,0.36,22-Sep-2019 - 00:00,,"Velachery Res. Area, Chennai - CPCB"
22-Sep-2019 - 00:00,0.85,20.07,23.67,21.57,45.17,4.89,71.19,-0.49,0.85,198.88,27.8,133.18,0.9,,25.41,1.4,0.61,23-Sep-2019 - 00:00,,"Velachery Res. Area, Chennai - CPCB"
23-Sep-2019 - 00:00,0.76,37.99,17.29,10.17,27.35,4.14,61.47,-0.49,1.01,134.64,32.39,180.91,0.36,,13.27,0.23,0.0,24-Sep-2019 - 00:00,,"Velachery Res. Area, Chennai - CPCB"
24-Sep-2019 - 00:00,0.72,33.74,16.06,7.43,23.45,3.83,60.21,-0.49,1.16,211.44,17.74,156.58,0.0,,6.14,0.0,0.0,25-Sep-2019 - 00:00,,"Velachery Res. Area, Chennai - CPCB"
25-Sep-2019 - 00:00,0.68,20.54,13.59,7.84,21.4,3.52,63.74,-0.47,1.99,187.7,9.42,195.37,0.0,,1.24,0.0,0.0,26-Sep-2019 - 00:00,,"Velachery Res. Area, Chennai - CPCB"
26-Sep-2019 - 00:00,0.73,17.61,14.18,7.73,21.9,3.79,64.23,-0.48,1.63,185.43,6.03,229.8,0.0,,5.46,0.0,0.0,27-Sep-2019 - 00:00,,"Velachery Res. Area, Chennai - CPCB"
27-Sep-2019 - 00:00,0.68,18.13,9.1,6.3,15.3,3.55,55.18,-0.49,1.08,170.73,7.8,280.12,0.0,,2.87,0.0,0.0,28-Sep-2019 - 00:00,,"Velachery Res. Area, Chennai - CPCB"
28-Sep-2019 - 00:00,0.68,18.04,11.46,8.02,19.42,4.07,49.97,-0.49,0.85,164.77,15.65,268.18,0.0,,3.33,0.0,0.07,29-Sep-2019 - 00:00,,"Velachery Res. Area, Chennai - CPCB"
29-Sep-2019 - 00:00,0.71,19.64,8.37,6.55,14.81,3.56,50.8,-0.49,0.73,137.17,24.15,287.91,0.0,,3.05,0.0,0.0,30-Sep-2019 - 00:00,,"Velachery Res. Area, Chennai - CPCB"
30-Sep-2019 - 00:00,0.7,20.08,11.93,10.38,22.26,2.51,47.95,-0.49,1.02,145.61,19.96,296.73,0.0,,1.64,0.0,0.0,01-Oct-2019 - 00:00,,"Velachery Res. Area, Chennai - CPCB"
01-Oct-2019 - 00:00,0.72,34.38,14.03,6.05,20.04,3.32,45.93,-0.49,0.99,186.32,21.16,221.13,0.0,,3.07,0.0,0.0,02-Oct-2019 - 00:00,,"Velachery Res. Area, Chennai - CPCB"
02-Oct-2019 - 00:00,0.7,32.55,13.09,5.6,18.62,3.66,49.66,-0.49,1.16,181.23,20.52,218.57,0.0,,1.33,0.0,0.0,03-Oct-2019 - 00:00,,"Velachery Res. Area, Chennai - CPCB"
03-Oct-2019 - 00:00,0.68,21.63,13.14,7.54,20.65,4.49,48.34,-0.49,1.17,186.07,12.98,239.34,0.0,,1.89,0.0,0.0,04-Oct-2019 - 00:00,,"Velachery Res. Area, Chennai - CPCB"
04-Oct-2019 - 00:00,0.71,19.63,14.79,7.67,22.43,3.22,48.25,-0.49,1.11,189.9,14.08,214.84,0.0,,3.77,0.0,0.0,05-Oct-2019 - 00:00,,"Velachery Res. Area, Chennai - CPCB"
05-Oct-2019 - 00:00,0.69,22.62,14.63,6.34,20.8,3.71,45.27,-0.49,1.1,212.27,15.66,275.53,0.0,,1.35,0.0,0.08,06-Oct-2019 - 00:00,,"Velachery Res. Area, Chennai - CPCB"
06-Oct-2019 - 00:00,0.66,23.24,11.05,5.93,16.83,3.74,48.0,-0.48,1.36,184.24,10.75,197.46,0.0,,0.31,0.0,0.0,07-Oct-2019 - 00:00,,"Velachery Res. Area, Chennai - CPCB"
07-Oct-2019 - 00:00,0.68,34.51,14.65,6.09,20.61,4.5,46.59,-0.49,0.99,187.92,20.51,237.34,0.0,,0.24,0.0,0.0,08-Oct-2019 - 00:00,,"Velachery Res. Area, Chennai - CPCB"
08-Oct-2019 - 00:00,0.69,32.17,14.5,5.83,20.25,4.64,46.7,-0.49,1.1,191.09,18.32,219.97,0.0,,0.0,0.0,0.0,09-Oct-2019 - 00:00,,"Velachery Res. Area, Chennai - CPCB"
09-Oct-2019 - 00:00,0.68,22.98,14.32,7.05,21.27,3.31,47.59,-0.48,1.27,178.35,11.18,253.05,0.0,,1.28,0.0,0.0,10-Oct-2019 - 00:00,,"Velachery Res. Area, Chennai - CPCB"
10-Oct-2019 - 00:00,0.69,16.46,14.31,8.86,23.14,3.74,47.68,-0.48,1.34,182.23,10.74,186.82,0.0,,2.19,0.0,0.0,11-Oct-2019 - 00:00,,"Velachery Res. Area, Chennai - CPCB"
11-Oct-2019 - 00:00,0.66,17.13,12.7,9.45,21.99,5.16,47.77,-0.48,1.39,171.41,12.52,258.74,0.0,,1.68,0.0,0.37,12-Oct-2019 - 00:00,,"Velachery Res. Area, Chennai - CPCB"
12-Oct-2019 - 00:00,0.66,17.74,10.88,7.98,18.68,3.81,49.38,-0.49,0.95,154.79,10.28,283.54,0.0,,1.48,0.0,0.13,13-Oct-2019 - 00:00,,"Velachery Res. Area, Chennai - CPCB"
13-Oct-2019 - 00:00,0.65,18.15,11.95,7.61,19.37,3.2,51.42,-0.49,0.86,144.83,10.07,267.64,0.0,,1.66,0.0,0.0,14-Oct-2019 - 00:00,,"Velachery Res. Area, Chennai - CPCB"
14-Oct-2019 - 00:00,0.69,16.13,11.34,8.79,20.05,2.93,51.87,-0.49,1.03,117.69,12.92,241.02,0.0,,0.85,0.0,0.0,15-Oct-2019 - 00:00,,"Velachery Res. Area, Chennai - CPCB"
15-Oct-2019 - 00:00,0.66,18.47,13.63,11.4,25.03,2.89,64.13,-0.49,1.02,94.26,12.87,209.84,0.0,,0.99,0.0,0.0,16-Oct-2019 - 00:00,,"Velachery Res. Area, Chennai - CPCB"
16-Oct-2019 - 00:00,0.66,18.44,16.9,12.33,29.23,4.85,69.34,-0.49,1.05,102.57,8.77,114.37,0.0,,0.0,0.0,0.0,17-Oct-2019 - 00:00,,"Velachery Res. Area, Chennai - CPCB"
17-Oct-2019 - 00:00,0.78,15.14,24.66,20.0,44.66,4.23,88.27,-0.49,0.82,154.52,22.24,41.97,0.0,,0.0,0.0,0.0,18-Oct-2019 - 00:00,,"Velachery Res. Area, Chennai - CPCB"
18-Oct-2019 - 00:00,0.69,14.26,17.05,14.76,31.81,2.57,71.14,-0.49,0.77,96.7,17.89,227.87,0.0,,2.82,0.0,0.0,19-Oct-2019 - 00:00,,"Velachery Res. Area, Chennai - CPCB"
19-Oct-2019 - 00:00,0.69,19.44,17.64,13.21,30.85,3.81,71.5,-0.49,0.94,71.07,18.35,166.82,0.41,,0.23,0.0,1.39,20-Oct-2019 - 00:00,,"Velachery Res. Area, Chennai - CPCB"
20-Oct-2019 - 00:00,0.73,17.72,15.56,15.59,31.15,4.21,86.51,-0.5,0.75,103.02,19.94,85.28,0.0,,0.17,0.0,0.0,21-Oct-2019 - 00:00,,"Velachery Res. Area, Chennai - CPCB"
21-Oct-2019 - 00:00,0.76,19.26,19.0,17.32,36.32,4.18,69.32,-0.49,0.83,169.33,16.39,58.02,0.0,,1.12,2.1,0.0,22-Oct-2019 - 00:00,,"Velachery Res. Area, Chennai - CPCB"
22-Oct-2019 - 00:00,0.8,13.69,23.41,20.97,44.38,3.37,28.94,-0.49,1.07,294.83,22.33,54.92,0.0,,0.39,6.22,0.0,23-Oct-2019 - 00:00,,"Velachery Res. Area, Chennai - CPCB"
23-Oct-2019 - 00:00,0.72,26.63,16.98,13.44,30.42,3.83,16.76,-0.49,1.11,214.04,22.72,182.65,0.0,,0.0,3.25,0.0,24-Oct-2019 - 00:00,,"Velachery Res. Area, Chennai - CPCB"
24-Oct-2019 - 00:00,0.76,17.39,23.55,15.83,39.37,3.57,20.53,-0.48,1.43,216.01,31.14,120.73,0.0,,2.61,3.87,0.0,25-Oct-2019 - 00:00,,"Velachery Res. Area, Chennai - CPCB"
25-Oct-2019 - 00:00,0.7,21.76,16.75,12.74,29.48,2.66,83.56,-0.49,1.14,148.61,52.34,129.36,0.0,,0.0,4.06,0.0,26-Oct-2019 - 00:00,,"Velachery Res. Area, Chennai - CPCB"
26-Oct-2019 - 00:00,0.93,18.2,18.06,21.66,39.71,5.7,89.07,-0.49,1.26,157.07,86.65,86.52,0.0,,2.37,4.9,0.0,27-Oct-2019 - 00:00,,"Velachery Res. Area, Chennai - CPCB"
27-Oct-2019 - 00:00,1.66,20.38,19.42,22.41,41.83,13.27,76.09,-0.49,0.78,129.94,152.55,209.76,0.0,,10.76,0.23,0.0,28-Oct-2019 - 00:00,,"Velachery Res. Area, Chennai - CPCB"
28-Oct-2019 - 00:00,2.36,15.8,18.38,16.7,35.08,9.39,77.94,-0.49,0.91,139.25,51.19,142.0,0.0,,1.29,0.0,0.0,29-Oct-2019 - 00:00,,"Velachery Res. Area, Chennai - CPCB"
29-Oct-2019 - 00:00,0.57,26.3,49.36,71.75,106.74,10.83,73.29,-0.48,1.11,65.13,19.56,215.32,0.0,,2.04,0.0,0.0,30-Oct-2019 - 00:00,,"Velachery Res. Area, Chennai - CPCB"
30-Oct-2019 - 00:00,0.63,16.79,27.42,17.38,44.79,5.35,89.75,-0.46,0.86,146.63,37.69,39.07,0.0,,9.96,0.09,0.0,31-Oct-2019 - 00:00,,"Velachery Res. Area, Chennai - CPCB"
31-Oct-2019 - 00:00,0.68,17.57,23.38,25.51,48.88,5.21,88.82,-0.49,0.97,182.4,25.24,84.46,0.2,,17.41,1.23,0.0,01-Nov-2019 - 00:00,,"Velachery Res. Area, Chennai - CPCB"
01-Nov-2019 - 00:00,0.65,15.44,15.99,19.51,35.47,5.58,83.84,-0.49,0.79,140.77,27.71,221.46,0.0,,10.08,0.27,0.47,02-Nov-2019 - 00:00,,"Velachery Res. Area, Chennai - CPCB"
02-Nov-2019 - 00:00,0.61,18.89,16.71,20.78,37.47,4.61,85.83,-0.49,0.8,142.53,34.34,183.02,0.0,,7.47,0.16,0.22,03-Nov-2019 - 00:00,,"Velachery Res. Area, Chennai - CPCB"
03-Nov-2019 - 00:00,0.58,23.36,16.18,15.54,31.72,4.67,84.49,-0.49,0.92,128.77,70.98,194.85,0.0,,5.66,0.0,0.0,04-Nov-2019 - 00:00,,"Velachery Res. Area, Chennai - CPCB"
04-Nov-2019 - 00:00,0.63,28.76,16.1,12.12,28.2,7.07,84.73,-0.49,0.88,162.41,113.51,181.88,0.0,,4.51,0.49,0.0,05-Nov-2019 - 00:00,,"Velachery Res. Area, Chennai - CPCB"
05-Nov-2019 - 00:00,0.65,37.24,17.21,12.88,30.08,7.51,82.19,-0.49,0.97,138.15,101.21,185.97,0.0,,8.65,0.0,0.14,06-Nov-2019 - 00:00,,"Velachery Res. Area, Chennai - CPCB"
06-Nov-2019 - 00:00,0.66,34.61,19.17,11.53,30.69,4.17,81.67,-0.49,0.92,183.87,107.54,180.69,0.0,,8.18,0.1,0.77,07-Nov-2019 - 00:00,,"Velachery Res. Area, Chennai - CPCB"
07-Nov-2019 - 00:00,0.67,38.88,22.18,11.66,33.84,0.86,80.74,-0.49,0.77,168.15,123.31,141.34,0.0,,6.98,0.0,1.03,08-Nov-2019 - 00:00,,"Velachery Res. Area, Chennai - CPCB"
08-Nov-2019 - 00:00,0.65,44.95,23.49,10.95,34.42,3.95,78.24,-0.49,0.9,195.47,157.1,166.15,0.0,,8.6,0.13,1.54,09-Nov-2019 - 00:00,,"Velachery Res. Area, Chennai - CPCB"
09-Nov-2019 - 00:00,0.62,44.14,16.9,10.2,27.08,1.8,84.86,-0.49,0.93,155.3,113.39,115.75,0.0,,7.27,0.0,0.35,10-Nov-2019 - 00:00,,"Velachery Res. Area, Chennai - CPCB"
10-Nov-2019 - 00:00,0.65,49.51,18.0,12.55,30.55,1.85,83.63,-0.49,0.82,175.18,103.72,156.25,0.0,,6.84,0.0,2.02,11-Nov-2019 - 00:00,,"Velachery Res. Area, Chennai - CPCB"
11-Nov-2019 - 00:00,0.63,27.01,17.2,11.67,28.86,7.33,78.78,-0.49,1.05,156.34,62.66,200.76,1.19,,10.74,0.0,0.24,12-Nov-2019 - 00:00,,"Velachery Res. Area, Chennai - CPCB"
12-Nov-2019 - 00:00,0.67,13.29,13.1,13.32,26.41,13.44,77.23,-0.49,1.04,81.31,28.27,204.32,6.14,,20.62,0.0,0.1,13-Nov-2019 - 00:00,,"Velachery Res. Area, Chennai - CPCB"
13-Nov-2019 - 00:00,0.58,41.52,15.69,10.92,18.66,6.84,74.76,-0.49,1.22,79.5,26.16,193.01,0.39,,7.99,0.0,0.0,14-Nov-2019 - 00:00,,"Velachery Res. Area, Chennai - CPCB"
14-Nov-2019 - 00:00,0.48,35.15,18.22,7.93,10.32,5.3,80.89,-0.49,1.01,52.83,6.05,200.64,0.0,,2.19,0.0,0.18,15-Nov-2019 - 00:00,,"Velachery Res. Area, Chennai - CPCB"
15-Nov-2019 - 00:00,0.53,17.53,25.86,8.84,17.37,3.99,90.4,-0.49,1.01,134.28,19.95,122.81,0.0,,7.96,0.0,0.0,16-Nov-2019 - 00:00,,"Velachery Res. Area, Chennai - CPCB"
16-Nov-2019 - 00:00,0.52,26.08,23.5,5.55,18.03,3.92,85.21,-0.49,1.04,89.67,44.42,160.13,0.0,,4.37,0.0,0.36,17-Nov-2019 - 00:00,,"Velachery Res. Area, Chennai - CPCB"
17-Nov-2019 - 00:00,0.51,29.77,22.35,4.94,17.56,3.0,86.22,-0.49,1.13,190.82,49.7,138.65,0.0,,3.33,0.0,0.0,18-Nov-2019 - 00:00,,"Velachery Res. Area, Chennai - CPCB"
18-Nov-2019 - 00:00,0.53,18.42,17.54,6.19,13.62,3.56,90.66,-0.49,0.87,101.38,26.13,171.08,0.0,,4.69,0.0,0.0,19-Nov-2019 - 00:00,,"Velachery Res. Area, Chennai - CPCB"
19-Nov-2019 - 00:00,0.55,22.89,17.13,8.54,25.56,3.3,87.5,-0.49,0.86,152.93,24.66,159.34,0.0,,9.08,0.0,0.0,20-Nov-2019 - 00:00,,"Velachery Res. Area, Chennai - CPCB"
20-Nov-2019 - 00:00,0.5,27.45,14.09,5.7,19.69,2.95,91.34,-0.49,0.92,97.16,16.08,202.5,0.0,,2.17,0.0,0.0,21-Nov-2019 - 00:00,,"Velachery Res. Area, Chennai - CPCB"
21-Nov-2019 - 00:00,0.49,40.26,13.44,5.38,18.68,5.07,86.29,-0.49,1.23,59.04,32.32,145.02,0.0,,2.2,0.36,0.21,22-Nov-2019 - 00:00,,"Velachery Res. Area, Chennai - CPCB"
22-Nov-2019 - 00:00,0.53,35.7,14.36,5.26,19.41,4.39,84.29,-0.48,1.27,81.47,34.27,122.61,0.0,,2.72,0.0,0.0,23-Nov-2019 - 00:00,,"Velachery Res. Area, Chennai - CPCB"
23-Nov-2019 - 00:00,0.52,33.49,16.57,4.93,21.3,4.18,91.09,-0.49,0.94,75.37,37.25,49.91,0.0,,4.39,0.0,0.0,24-Nov-2019 - 00:00,,"Velachery Res. Area, Chennai - CPCB"
24-Nov-2019 - 00:00,0.53,39.32,18.11,7.15,25.16,5.03,79.75,-0.49,1.14,89.95,51.47,179.75,0.0,,0.04,0.0,0.18,25-Nov-2019 - 00:00,,"Velachery Res. Area, Chennai - CPCB"
25-Nov-2019 - 00:00,0.51,43.23,16.63,5.09,21.53,4.06,79.53,-0.49,1.21,111.54,41.17,150.68,0.0,,0.41,0.0,0.0,26-Nov-2019 - 00:00,,"Velachery Res. Area, Chennai - CPCB"
26-Nov-2019 - 00:00,0.51,48.91,30.36,6.83,37.07,3.4,78.66,-0.49,1.2,93.74,47.93,130.64,0.0,,1.25,0.0,0.0,27-Nov-2019 - 00:00,,"Velachery Res. Area, Chennai - CPCB"
27-Nov-2019 - 00:00,0.52,53.5,11.05,4.81,15.71,2.37,80.38,-0.48,1.29,38.03,27.19,121.45,0.0,,0.7,0.0,0.0,28-Nov-2019 - 00:00,,"Velachery Res. Area, Chennai - CPCB"
28-Nov-2019 - 00:00,0.53,36.24,12.55,5.11,17.47,3.77,89.31,-0.49,1.18,77.21,19.01,139.44,0.0,,0.79,0.0,0.0,29-Nov-2019 - 00:00,,"Velachery Res. Area, Chennai - CPCB"
29-Nov-2019 - 00:00,0.5,35.88,11.14,4.66,15.6,3.29,86.3,-0.48,1.44,38.2,17.84,143.95,0.0,,0.0,0.0,0.0,30-Nov-2019 - 00:00,,"Velachery Res. Area, Chennai - CPCB"
30-Nov-2019 - 00:00,0.47,33.1,13.14,5.1,18.04,4.01,92.07,-0.49,1.22,58.52,15.19,100.57,0.0,,0.0,0.0,0.0,01-Dec-2019 - 00:00,,"Velachery Res. Area, Chennai - CPCB"
01-Dec-2019 - 00:00,0.45,25.81,16.46,6.41,22.71,2.95,96.84,-0.49,0.78,99.54,15.14,52.52,0.0,,0.0,0.0,0.0,02-Dec-2019 - 00:00,,"Velachery Res. Area, Chennai - CPCB"
02-Dec-2019 - 00:00,0.47,22.98,14.66,5.48,19.98,5.17,92.87,-0.49,0.82,50.31,18.8,78.93,0.0,,0.0,0.0,0.0,03-Dec-2019 - 00:00,,"Velachery Res. Area, Chennai - CPCB"
03-Dec-2019 - 00:00,0.45,43.46,14.01,4.84,18.64,4.1,83.83,-0.49,1.19,36.15,31.45,103.55,0.0,,0.0,0.0,0.0,04-Dec-2019 - 00:00,,"Velachery Res. Area, Chennai - CPCB"
04-Dec-2019 - 00:00,0.51,59.24,10.92,5.42,15.96,14.39,78.64,-0.48,1.57,35.33,37.2,178.85,0.0,,0.0,0.0,0.0,05-Dec-2019 - 00:00,,"Velachery Res. Area, Chennai - CPCB"
05-Dec-2019 - 00:00,,,,,,,,,,,,,,,,,,06-Dec-2019 - 00:00,,"Velachery Res. Area, Chennai - CPCB"
06-Dec-2019 - 00:00,,,,,,,,,,,,,,,,,,07-Dec-2019 - 00:00,,"Velachery Res. Area, Chennai - CPCB"
07-Dec-2019 - 00:00,,,,,,,,,,,,,,,,,,08-Dec-2019 - 00:00,,"Velachery Res. Area, Chennai - CPCB"
08-Dec-2019 - 00:00,,,,,,,,,,,,,,,,,,09-Dec-2019 - 00:00,,"Velachery Res. Area, Chennai - CPCB"
09-Dec-2019 - 00:00,,,,,,,,,,,,,,,,,,10-Dec-2019 - 00:00,,"Velachery Res. Area, Chennai - CPCB"
10-Dec-2019 - 00:00,0.58,45.71,16.6,5.26,21.37,4.26,69.36,-0.49,1.3,31.95,30.26,29.64,0.0,0.0,0.0,0.0,0.0,11-Dec-2019 - 00:00,,"Velachery Res. Area, Chennai - CPCB"
11-Dec-2019 - 00:00,0.58,39.97,18.26,9.49,27.42,5.65,71.52,-0.48,1.33,134.8,20.4,153.08,0.0,0.0,0.0,0.0,0.0,12-Dec-2019 - 00:00,,"Velachery Res. Area, Chennai - CPCB"
12-Dec-2019 - 00:00,0.56,36.92,14.65,10.33,24.2,4.75,70.24,-0.49,1.25,64.85,21.83,175.64,0.0,0.0,0.23,0.0,0.0,13-Dec-2019 - 00:00,,"Velachery Res. Area, Chennai - CPCB"
13-Dec-2019 - 00:00,0.45,21.55,17.73,10.85,28.1,4.79,82.26,-0.49,1.12,94.79,27.59,58.34,23.76,1.59,3.02,0.0,1.96,14-Dec-2019 - 00:00,,"Velachery Res. Area, Chennai - CPCB"
14-Dec-2019 - 00:00,0.45,20.25,16.53,12.42,28.6,4.99,84.87,-0.49,1.06,95.52,24.62,49.24,6.55,0.0,0.25,0.0,0.0,15-Dec-2019 - 00:00,,"Velachery Res. Area, Chennai - CPCB"
15-Dec-2019 - 00:00,0.45,24.76,13.03,15.22,27.97,5.42,78.34,-0.49,1.11,156.72,21.62,152.4,11.28,0.0,0.17,0.0,0.0,16-Dec-2019 - 00:00,,"Velachery Res. Area, Chennai - CPCB"
16-Dec-2019 - 00:00,0.45,29.05,16.51,9.52,25.67,5.9,78.87,-0.48,1.39,126.46,25.79,128.51,8.38,0.0,0.16,0.0,0.0,17-Dec-2019 - 00:00,,"Velachery Res. Area, Chennai - CPCB"
17-Dec-2019 - 00:00,0.45,43.65,8.81,5.65,13.58,4.56,72.09,-0.47,1.74,52.99,33.8,157.08,3.91,0.0,0.13,0.0,0.0,18-Dec-2019 - 00:00,,"Velachery Res. Area, Chennai - CPCB"
18-Dec-2019 - 00:00,0.45,31.09,4.6,7.9,11.58,3.82,76.29,-0.47,1.68,60.92,30.79,154.46,6.35,0.0,0.11,0.0,0.0,19-Dec-2019 - 00:00,,"Velachery Res. Area, Chennai - CPCB"
19-Dec-2019 - 00:00,,31.88,3.61,6.74,9.51,4.27,71.79,-0.47,1.77,38.21,35.22,160.34,4.14,0.0,0.0,0.0,0.0,20-Dec-2019 - 00:00,,"Velachery Res. Area, Chennai - CPCB"
20-Dec-2019 - 00:00,,38.56,3.24,7.42,9.79,4.48,73.64,-0.48,1.44,39.37,48.23,142.91,11.22,0.0,0.26,0.0,0.0,21-Dec-2019 - 00:00,,"Velachery Res. Area, Chennai - CPCB"
21-Dec-2019 - 00:00,0.45,28.97,3.58,12.07,14.15,5.77,79.26,-0.48,1.29,170.29,64.34,140.63,21.56,0.0,0.46,0.0,0.0,22-Dec-2019 - 00:00,,"Velachery Res. Area, Chennai - CPCB"
22-Dec-2019 - 00:00,0.45,42.91,2.15,7.24,8.16,4.44,68.67,-0.47,1.77,59.52,59.04,179.52,16.9,0.0,0.13,0.0,0.0,23-Dec-2019 - 00:00,,"Velachery Res. Area, Chennai - CPCB"
23-Dec-2019 - 00:00,0.45,35.11,3.49,11.18,13.55,4.67,72.5,-0.47,1.78,114.75,25.61,141.96,18.96,0.0,0.24,0.0,0.0,24-Dec-2019 - 00:00,,"Velachery Res. Area, Chennai - CPCB"
24-Dec-2019 - 00:00,0.45,10.64,1.83,7.23,8.24,3.85,74.23,-0.48,1.62,28.73,11.71,0.48,16.97,0.0,0.0,0.0,0.0,25-Dec-2019 - 00:00,,"Velachery Res. Area, Chennai - CPCB"
25-Dec-2019 - 00:00,,,,,,,,,,,,,,,,,,26-Dec-2019 - 00:00,,"Velachery Res. Area, Chennai - CPCB"
26-Dec-2019 - 00:00,0.45,6.47,6.42,11.48,17.64,4.99,83.14,-0.49,1.09,186.29,5.9,0.7,,,,,,27-Dec-2019 - 00:00,,"Velachery Res. Area, Chennai - CPCB"
27-Dec-2019 - 00:00,0.44,14.65,3.83,23.37,24.39,4.7,75.52,-0.48,1.22,166.22,8.83,167.59,0.77,0.0,0.0,0.0,0.0,28-Dec-2019 - 00:00,,"Velachery Res. Area, Chennai - CPCB"
28-Dec-2019 - 00:00,0.43,21.9,3.89,20.27,22.0,5.07,76.45,-0.48,1.38,137.98,11.85,159.36,5.48,0.0,0.09,0.0,0.0,29-Dec-2019 - 00:00,,"Velachery Res. Area, Chennai - CPCB"
29-Dec-2019 - 00:00,0.43,34.86,3.44,9.69,12.15,4.7,77.77,-0.48,1.43,157.08,13.76,149.26,1.44,0.0,0.0,0.0,0.0,30-Dec-2019 - 00:00,,"Velachery Res. Area, Chennai - CPCB"
30-Dec-2019 - 00:00,0.43,35.55,5.41,6.79,11.48,4.75,79.05,-0.48,1.49,128.84,12.04,160.25,0.63,0.08,0.0,0.0,0.0,31-Dec-2019 - 00:00,,"Velachery Res. Area, Chennai - CPCB"
31-Dec-2019 - 00:00,0.4,16.28,3.13,3.91,6.09,4.01,86.5,-0.47,1.38,82.06,6.58,0.2,0.0,0.0,0.0,0.0,0.0,01-Jan-2020 - 00:00,,"Velachery Res. Area, Chennai - CPCB"
