from date,NO,NOx,NO2,SO2,CO,Ozone,PM2.5,WS,WD,AT,BP,Benzene,Toluene,MP-Xylene,O Xylene,Eth-Benzene,RH,VWS,SR,to date,station
01-Jan-2020 - 00:00,,,,,,,,,,,,,,,,,,,,02-Jan-2020 - 00:00,"BWSSB Kadabesanahalli, Bengaluru - CPCB"
02-Jan-2020 - 00:00,32.7,87.71,59.35,5.22,2.87,6.63,29.92,0.79,80.35,26.43,998.49,0.12,0.22,0.05,0.0,0.0,67.94,-0.06,19.03,03-Jan-2020 - 00:00,"BWSSB Kadabesanahalli, Bengaluru - CPCB"
03-Jan-2020 - 00:00,10.84,48.44,37.83,5.96,0.93,15.02,51.52,0.73,94.19,26.77,998.57,0.03,0.05,0.01,0.01,0.0,67.8,-0.05,153.79,04-Jan-2020 - 00:00,"BWSSB Kadabesanahalli, Bengaluru - CPCB"
04-Jan-2020 - 00:00,13.46,54.17,41.43,7.25,1.13,15.98,64.1,0.7,174.65,26.63,998.21,0.0,0.01,0.0,0.0,0.01,67.6,-0.09,94.0,05-Jan-2020 - 00:00,"BWSSB Kadabesanahalli, Bengaluru - CPCB"
05-Jan-2020 - 00:00,4.66,35.86,31.64,6.47,0.72,16.15,63.65,0.69,96.8,26.8,998.56,0.0,0.0,0.0,0.0,0.0,68.03,-0.05,107.71,06-Jan-2020 - 00:00,"BWSSB Kadabesanahalli, Bengaluru - CPCB"
06-Jan-2020 - 00:00,18.3,54.4,36.12,6.12,0.66,8.56,34.1,0.85,73.17,26.16,999.05,0.0,0.0,0.0,0.0,0.0,77.21,0.01,77.78,07-Jan-2020 - 00:00,"BWSSB Kadabesanahalli, Bengaluru - CPCB"
07-Jan-2020 - 00:00,11.87,40.31,28.44,6.97,0.58,7.74,31.49,0.85,67.98,25.66,999.04,0.0,0.0,0.0,0.0,0.0,79.38,0.01,160.99,08-Jan-2020 - 00:00,"BWSSB Kadabesanahalli, Bengaluru - CPCB"
08-Jan-2020 - 00:00,12.15,59.95,48.08,3.92,1.17,20.09,31.77,0.74,81.94,27.2,998.66,0.0,0.0,0.0,0.0,0.0,48.36,-0.04,221.69,09-Jan-2020 - 00:00,"BWSSB Kadabesanahalli, Bengaluru - CPCB"
09-Jan-2020 - 00:00,12.13,58.39,46.55,6.49,0.97,18.15,55.9,0.77,80.85,26.33,998.69,0.0,0.0,0.0,0.0,0.0,60.57,-0.03,153.86,10-Jan-2020 - 00:00,"BWSSB Kadabesanahalli, Bengaluru - CPCB"
10-Jan-2020 - 00:00,12.39,62.16,50.47,6.54,0.89,11.72,50.11,0.85,73.86,25.56,998.89,0.0,0.0,0.0,0.0,0.0,64.83,-0.01,123.13,11-Jan-2020 - 00:00,"BWSSB Kadabesanahalli, Bengaluru - CPCB"
11-Jan-2020 - 00:00,5.95,37.73,31.85,5.98,0.66,16.44,43.84,0.88,66.53,25.44,999.25,0.0,0.0,0.0,0.0,0.0,61.98,0.04,163.28,12-Jan-2020 - 00:00,"BWSSB Kadabesanahalli, Bengaluru - CPCB"
12-Jan-2020 - 00:00,8.06,43.89,35.86,6.97,1.08,17.62,59.06,0.84,67.91,25.51,998.89,0.0,0.0,0.0,0.0,0.0,65.02,-0.01,125.21,13-Jan-2020 - 00:00,"BWSSB Kadabesanahalli, Bengaluru - CPCB"
13-Jan-2020 - 00:00,12.47,56.73,44.18,7.6,0.72,13.66,69.57,0.73,80.71,26.18,998.51,0.0,0.0,0.0,0.0,0.0,61.65,-0.06,138.54,14-Jan-2020 - 00:00,"BWSSB Kadabesanahalli, Bengaluru - CPCB"
14-Jan-2020 - 00:00,10.04,55.91,45.9,5.41,0.71,16.68,77.82,0.75,79.59,25.97,998.67,0.0,0.21,0.07,0.06,0.08,57.13,-0.04,139.55,15-Jan-2020 - 00:00,"BWSSB Kadabesanahalli, Bengaluru - CPCB"
15-Jan-2020 - 00:00,4.49,35.82,31.39,8.06,0.47,14.49,51.79,0.82,71.49,25.46,998.87,0.0,0.0,0.0,0.0,0.0,54.25,-0.01,160.79,16-Jan-2020 - 00:00,"BWSSB Kadabesanahalli, Bengaluru - CPCB"
16-Jan-2020 - 00:00,9.18,52.42,47.73,7.32,1.56,9.61,38.28,0.79,77.24,25.07,998.64,0.0,0.0,0.0,0.0,0.0,67.7,-0.04,152.83,17-Jan-2020 - 00:00,"BWSSB Kadabesanahalli, Bengaluru - CPCB"
17-Jan-2020 - 00:00,20.44,71.58,52.76,3.7,2.5,9.42,26.25,0.74,83.21,26.72,998.57,0.0,0.0,0.0,0.0,0.0,45.41,-0.05,268.84,18-Jan-2020 - 00:00,"BWSSB Kadabesanahalli, Bengaluru - CPCB"
18-Jan-2020 - 00:00,7.79,34.43,26.65,6.85,0.48,5.84,35.3,0.88,67.33,25.8,999.15,0.0,0.0,0.0,0.0,0.0,77.89,0.02,119.92,19-Jan-2020 - 00:00,"BWSSB Kadabesanahalli, Bengaluru - CPCB"
19-Jan-2020 - 00:00,4.37,26.85,22.52,6.43,0.49,8.38,29.85,0.84,80.42,26.47,999.04,0.0,0.0,0.0,0.0,0.0,65.84,0.01,139.07,20-Jan-2020 - 00:00,"BWSSB Kadabesanahalli, Bengaluru - CPCB"
20-Jan-2020 - 00:00,9.03,46.33,37.36,6.79,0.62,9.25,51.92,0.8,72.92,26.44,998.84,0.0,0.0,0.0,0.0,0.0,59.4,-0.01,157.35,21-Jan-2020 - 00:00,"BWSSB Kadabesanahalli, Bengaluru - CPCB"
21-Jan-2020 - 00:00,9.26,44.76,36.4,6.7,1.23,7.85,66.9,0.87,65.59,25.47,999.12,0.01,0.03,0.0,0.0,0.0,64.73,0.02,184.52,22-Jan-2020 - 00:00,"BWSSB Kadabesanahalli, Bengaluru - CPCB"
22-Jan-2020 - 00:00,9.42,42.64,39.62,6.3,2.15,7.53,25.79,0.88,70.85,24.94,999.14,0.0,0.09,0.0,0.0,0.0,77.26,0.02,98.81,23-Jan-2020 - 00:00,"BWSSB Kadabesanahalli, Bengaluru - CPCB"
23-Jan-2020 - 00:00,9.63,42.55,33.59,6.69,2.11,8.61,104.24,0.86,69.75,25.84,999.16,0.12,0.18,0.0,0.0,0.09,71.31,0.02,196.57,24-Jan-2020 - 00:00,"BWSSB Kadabesanahalli, Bengaluru - CPCB"
24-Jan-2020 - 00:00,15.16,57.13,43.05,7.82,2.02,7.68,59.5,0.84,71.02,25.75,998.85,0.02,0.02,0.0,0.0,0.01,57.22,-0.01,192.31,25-Jan-2020 - 00:00,"BWSSB Kadabesanahalli, Bengaluru - CPCB"
25-Jan-2020 - 00:00,16.15,69.75,53.64,8.23,1.26,8.97,62.0,0.81,71.85,26.11,998.67,0.0,0.0,0.3,0.15,0.0,37.37,-0.04,171.31,26-Jan-2020 - 00:00,"BWSSB Kadabesanahalli, Bengaluru - CPCB"
26-Jan-2020 - 00:00,13.54,68.54,55.06,9.25,0.47,9.19,65.59,0.79,88.49,26.38,998.56,0.0,0.0,1.38,0.68,0.0,36.52,-0.05,167.66,27-Jan-2020 - 00:00,"BWSSB Kadabesanahalli, Bengaluru - CPCB"
27-Jan-2020 - 00:00,20.21,74.46,57.89,9.07,1.7,9.13,65.67,0.79,74.79,26.22,998.54,0.0,0.0,0.35,0.15,0.0,46.64,-0.05,178.06,28-Jan-2020 - 00:00,"BWSSB Kadabesanahalli, Bengaluru - CPCB"
28-Jan-2020 - 00:00,11.38,66.02,57.43,8.66,1.79,10.81,72.64,0.73,168.74,26.02,998.29,0.0,0.0,0.54,0.24,0.0,60.56,-0.08,172.41,29-Jan-2020 - 00:00,"BWSSB Kadabesanahalli, Bengaluru - CPCB"
29-Jan-2020 - 00:00,20.44,83.07,63.77,7.5,1.66,12.44,57.87,0.7,130.77,26.78,998.33,0.0,0.0,0.39,0.17,0.0,49.83,-0.08,166.85,30-Jan-2020 - 00:00,"BWSSB Kadabesanahalli, Bengaluru - CPCB"
30-Jan-2020 - 00:00,27.28,90.76,63.6,9.05,1.37,14.55,41.19,0.69,151.91,27.12,998.21,0.0,0.0,0.29,0.12,0.0,43.36,-0.09,162.79,31-Jan-2020 - 00:00,"BWSSB Kadabesanahalli, Bengaluru - CPCB"
31-Jan-2020 - 00:00,8.27,61.61,54.4,10.76,1.2,14.86,48.95,0.74,102.12,27.2,998.57,0.0,0.0,0.18,0.06,0.0,44.79,-0.05,174.31,01-Feb-2020 - 00:00,"BWSSB Kadabesanahalli, Bengaluru - CPCB"
01-Feb-2020 - 00:00,5.19,43.62,38.48,16.15,1.0,13.79,56.61,0.81,88.21,26.4,998.91,0.0,0.0,0.1,0.02,0.0,59.94,-0.01,162.85,02-Feb-2020 - 00:00,"BWSSB Kadabesanahalli, Bengaluru - CPCB"
02-Feb-2020 - 00:00,4.14,33.34,29.25,6.62,0.56,12.4,40.6,0.84,79.9,26.08,999.03,0.0,0.0,0.04,0.0,0.0,60.23,0.01,170.32,03-Feb-2020 - 00:00,"BWSSB Kadabesanahalli, Bengaluru - CPCB"
03-Feb-2020 - 00:00,12.83,54.52,42.31,8.43,0.99,8.37,48.25,0.84,68.63,26.13,998.96,0.0,0.0,0.01,0.0,0.0,53.2,0.0,164.52,04-Feb-2020 - 00:00,"BWSSB Kadabesanahalli, Bengaluru - CPCB"
04-Feb-2020 - 00:00,18.17,62.1,43.94,7.5,0.7,8.02,43.89,0.81,83.15,25.95,998.92,0.0,0.0,0.02,0.0,0.0,56.16,-0.01,179.98,05-Feb-2020 - 00:00,"BWSSB Kadabesanahalli, Bengaluru - CPCB"
05-Feb-2020 - 00:00,14.93,55.64,41.59,6.97,0.66,10.09,38.83,0.77,86.29,26.49,998.78,0.0,0.0,0.02,0.0,0.0,60.02,-0.02,162.71,06-Feb-2020 - 00:00,"BWSSB Kadabesanahalli, Bengaluru - CPCB"
06-Feb-2020 - 00:00,21.42,83.45,62.08,6.55,0.98,13.55,65.7,0.71,102.51,26.54,967.51,0.08,0.26,0.01,0.0,0.06,53.95,-0.06,156.04,07-Feb-2020 - 00:00,"BWSSB Kadabesanahalli, Bengaluru - CPCB"
07-Feb-2020 - 00:00,9.6,56.39,46.87,7.07,0.55,12.43,68.08,0.73,108.32,26.44,916.16,0.25,0.67,0.0,0.0,0.18,60.5,-0.04,169.03,08-Feb-2020 - 00:00,"BWSSB Kadabesanahalli, Bengaluru - CPCB"
08-Feb-2020 - 00:00,5.7,42.08,36.54,7.14,0.72,11.63,61.32,0.7,143.17,26.7,916.35,,,,,,56.71,-0.07,169.98,09-Feb-2020 - 00:00,"BWSSB Kadabesanahalli, Bengaluru - CPCB"
09-Feb-2020 - 00:00,3.75,32.42,28.72,7.2,0.66,9.08,51.63,0.79,77.66,26.44,916.65,,,,,,60.01,-0.01,148.05,10-Feb-2020 - 00:00,"BWSSB Kadabesanahalli, Bengaluru - CPCB"
10-Feb-2020 - 00:00,6.31,37.79,31.5,7.16,1.44,7.04,50.48,0.86,70.44,26.45,916.64,,,,,,60.78,0.04,176.51,11-Feb-2020 - 00:00,"BWSSB Kadabesanahalli, Bengaluru - CPCB"
11-Feb-2020 - 00:00,6.64,40.46,35.48,5.89,1.88,6.63,45.98,0.89,69.61,25.83,917.42,0.0,0.0,0.0,0.0,0.0,64.74,0.05,201.07,12-Feb-2020 - 00:00,"BWSSB Kadabesanahalli, Bengaluru - CPCB"
12-Feb-2020 - 00:00,10.44,52.81,42.39,7.07,0.95,7.6,47.12,0.84,76.06,26.24,950.74,,,,,,61.05,0.01,192.88,13-Feb-2020 - 00:00,"BWSSB Kadabesanahalli, Bengaluru - CPCB"
13-Feb-2020 - 00:00,9.7,54.05,44.4,6.71,0.68,12.03,58.36,0.78,62.62,26.92,960.8,0.16,0.56,0.01,0.0,0.0,52.19,-0.02,194.15,14-Feb-2020 - 00:00,"BWSSB Kadabesanahalli, Bengaluru - CPCB"
14-Feb-2020 - 00:00,17.14,75.7,58.72,4.06,1.61,17.73,70.15,0.65,106.49,27.5,916.05,0.22,0.66,0.01,0.0,0.0,41.77,-0.07,184.27,15-Feb-2020 - 00:00,"BWSSB Kadabesanahalli, Bengaluru - CPCB"
15-Feb-2020 - 00:00,15.76,78.01,62.31,9.18,0.79,17.59,85.98,0.71,75.64,27.11,915.9,0.38,1.04,0.01,0.0,0.0,34.1,-0.07,196.44,16-Feb-2020 - 00:00,"BWSSB Kadabesanahalli, Bengaluru - CPCB"
16-Feb-2020 - 00:00,6.54,52.83,46.0,7.39,0.92,18.56,65.58,0.79,69.92,26.81,917.02,0.18,0.46,0.0,0.0,0.0,29.54,-0.03,208.56,17-Feb-2020 - 00:00,"BWSSB Kadabesanahalli, Bengaluru - CPCB"
17-Feb-2020 - 00:00,15.03,69.32,54.42,8.04,1.18,17.06,67.33,0.81,63.39,26.44,917.72,0.23,0.51,0.0,0.0,0.0,39.85,-0.02,212.94,18-Feb-2020 - 00:00,"BWSSB Kadabesanahalli, Bengaluru - CPCB"
18-Feb-2020 - 00:00,10.42,63.94,53.83,6.91,1.13,14.6,71.48,0.8,69.13,26.34,917.33,0.16,0.44,0.0,0.0,0.0,44.01,-0.03,274.31,19-Feb-2020 - 00:00,"BWSSB Kadabesanahalli, Bengaluru - CPCB"
19-Feb-2020 - 00:00,2.92,35.0,34.55,3.47,3.34,12.75,263.03,0.72,70.59,28.03,725.2,0.19,0.29,0.0,0.0,0.0,32.17,-0.01,352.65,20-Feb-2020 - 00:00,"BWSSB Kadabesanahalli, Bengaluru - CPCB"
20-Feb-2020 - 00:00,11.56,60.69,49.69,5.71,1.34,9.03,71.76,0.85,75.02,26.74,725.2,0.12,0.44,0.01,0.0,0.0,44.28,0.01,37.05,21-Feb-2020 - 00:00,"BWSSB Kadabesanahalli, Bengaluru - CPCB"
21-Feb-2020 - 00:00,6.22,40.78,34.9,5.78,1.16,13.55,38.22,0.82,73.04,26.55,725.2,0.13,0.21,0.0,0.0,0.0,50.91,0.0,111.85,22-Feb-2020 - 00:00,"BWSSB Kadabesanahalli, Bengaluru - CPCB"
22-Feb-2020 - 00:00,5.21,30.91,25.72,7.89,0.61,14.17,48.13,0.84,68.08,26.49,725.2,0.11,0.18,0.0,0.0,0.0,59.52,0.02,269.55,23-Feb-2020 - 00:00,"BWSSB Kadabesanahalli, Bengaluru - CPCB"
23-Feb-2020 - 00:00,4.08,34.86,31.49,5.91,1.78,23.74,42.54,0.8,73.64,27.54,725.2,0.18,0.29,0.0,0.0,0.0,42.44,0.01,265.77,24-Feb-2020 - 00:00,"BWSSB Kadabesanahalli, Bengaluru - CPCB"
24-Feb-2020 - 00:00,7.22,48.44,41.24,7.06,0.85,12.26,56.61,0.81,78.82,26.45,725.2,0.11,0.35,0.0,0.0,0.0,60.05,-0.01,174.73,25-Feb-2020 - 00:00,"BWSSB Kadabesanahalli, Bengaluru - CPCB"
25-Feb-2020 - 00:00,11.24,61.21,51.73,5.32,1.9,15.89,64.6,0.76,101.21,26.47,725.2,0.22,0.65,0.01,0.0,0.0,60.01,-0.03,190.25,26-Feb-2020 - 00:00,"BWSSB Kadabesanahalli, Bengaluru - CPCB"
26-Feb-2020 - 00:00,8.87,50.19,41.33,6.49,0.54,10.39,133.66,0.8,76.57,27.04,725.2,0.12,0.46,0.0,0.0,0.0,56.03,-0.02,212.45,27-Feb-2020 - 00:00,"BWSSB Kadabesanahalli, Bengaluru - CPCB"
27-Feb-2020 - 00:00,7.04,47.06,40.05,6.3,0.56,20.68,58.71,0.79,71.02,27.09,725.2,0.08,0.27,0.0,0.0,0.0,54.16,-0.02,202.15,28-Feb-2020 - 00:00,"BWSSB Kadabesanahalli, Bengaluru - CPCB"
28-Feb-2020 - 00:00,6.6,42.94,36.36,7.28,0.71,22.5,53.94,0.82,74.13,26.79,725.2,0.07,0.22,0.0,0.0,0.0,58.73,0.02,199.93,29-Feb-2020 - 00:00,"BWSSB Kadabesanahalli, Bengaluru - CPCB"
29-Feb-2020 - 00:00,2.74,26.26,23.91,6.82,0.68,27.54,52.4,0.72,75.58,26.94,725.2,0.0,0.14,0.0,0.0,0.0,57.56,-0.02,280.74,01-Mar-2020 - 00:00,"BWSSB Kadabesanahalli, Bengaluru - CPCB"
01-Mar-2020 - 00:00,2.4,20.43,18.06,3.66,1.12,15.96,346.19,0.85,77.32,25.46,725.2,0.01,0.0,0.0,0.0,0.0,82.94,0.01,35.13,02-Mar-2020 - 00:00,"BWSSB Kadabesanahalli, Bengaluru - CPCB"
02-Mar-2020 - 00:00,,,,,,,,,,,,,,,,,,,,03-Mar-2020 - 00:00,"BWSSB Kadabesanahalli, Bengaluru - CPCB"
03-Mar-2020 - 00:00,0.56,35.06,50.5,,1.82,12.51,472.7,0.4,33.2,28.05,725.2,0.0,0.0,0.0,0.0,0.0,,-0.11,235.5,04-Mar-2020 - 00:00,"BWSSB Kadabesanahalli, Bengaluru - CPCB"
04-Mar-2020 - 00:00,5.1,52.96,50.06,2.13,1.98,47.75,60.61,0.56,260.82,28.82,725.2,0.06,0.36,0.01,0.0,0.0,34.7,-0.1,226.53,05-Mar-2020 - 00:00,"BWSSB Kadabesanahalli, Bengaluru - CPCB"
05-Mar-2020 - 00:00,14.56,76.6,62.05,8.14,1.1,29.78,86.35,0.65,151.11,27.77,806.83,0.15,0.22,0.0,0.0,0.0,50.38,-0.07,179.15,06-Mar-2020 - 00:00,"BWSSB Kadabesanahalli, Bengaluru - CPCB"
06-Mar-2020 - 00:00,9.32,42.34,33.06,7.36,0.6,19.05,67.55,0.68,217.23,27.7,910.4,0.04,0.44,0.0,0.0,0.0,56.89,-0.09,184.38,07-Mar-2020 - 00:00,"BWSSB Kadabesanahalli, Bengaluru - CPCB"
07-Mar-2020 - 00:00,5.13,44.35,39.49,7.1,0.44,23.54,61.0,0.66,124.71,27.63,914.48,0.05,0.11,0.0,0.0,0.0,60.12,-0.05,160.31,08-Mar-2020 - 00:00,"BWSSB Kadabesanahalli, Bengaluru - CPCB"
08-Mar-2020 - 00:00,4.3,32.77,28.49,7.02,0.83,22.83,55.77,0.73,100.96,27.58,915.39,0.01,0.17,0.0,0.0,0.0,61.14,-0.04,160.07,09-Mar-2020 - 00:00,"BWSSB Kadabesanahalli, Bengaluru - CPCB"
09-Mar-2020 - 00:00,5.31,38.53,33.56,6.16,1.0,23.23,58.89,0.72,120.51,27.63,914.28,0.01,0.25,0.0,0.0,0.0,60.97,-0.05,160.91,10-Mar-2020 - 00:00,"BWSSB Kadabesanahalli, Bengaluru - CPCB"
10-Mar-2020 - 00:00,4.44,41.23,36.81,7.78,0.62,31.68,58.25,0.7,114.97,27.8,914.85,0.0,0.56,0.0,0.0,0.0,52.53,-0.05,199.53,11-Mar-2020 - 00:00,"BWSSB Kadabesanahalli, Bengaluru - CPCB"
11-Mar-2020 - 00:00,8.29,52.09,43.83,8.21,0.57,29.33,62.48,0.7,114.78,27.77,913.95,0.03,0.52,0.0,0.0,0.0,48.54,-0.06,212.66,12-Mar-2020 - 00:00,"BWSSB Kadabesanahalli, Bengaluru - CPCB"
12-Mar-2020 - 00:00,13.91,68.53,56.09,6.2,0.9,23.22,59.83,0.72,158.9,27.66,912.91,0.13,0.74,0.01,0.0,0.0,45.38,-0.06,131.28,13-Mar-2020 - 00:00,"BWSSB Kadabesanahalli, Bengaluru - CPCB"
13-Mar-2020 - 00:00,14.59,66.33,52.26,8.1,0.76,20.09,57.48,0.75,90.1,27.68,916.26,0.28,0.39,0.0,0.0,0.0,43.93,-0.03,199.07,14-Mar-2020 - 00:00,"BWSSB Kadabesanahalli, Bengaluru - CPCB"
14-Mar-2020 - 00:00,8.11,43.18,35.12,7.64,0.48,21.47,46.84,0.74,76.29,27.74,915.38,0.0,0.4,0.0,0.0,0.0,45.02,-0.04,256.64,15-Mar-2020 - 00:00,"BWSSB Kadabesanahalli, Bengaluru - CPCB"
15-Mar-2020 - 00:00,1.76,23.62,21.91,7.24,0.5,30.87,53.16,0.8,70.36,27.74,920.1,0.0,0.09,0.0,0.0,0.0,49.16,0.01,255.7,16-Mar-2020 - 00:00,"BWSSB Kadabesanahalli, Bengaluru - CPCB"
16-Mar-2020 - 00:00,4.18,25.1,20.96,6.56,0.53,20.79,37.63,0.8,86.73,27.57,920.36,0.0,0.05,0.0,0.0,0.0,53.08,0.01,211.61,17-Mar-2020 - 00:00,"BWSSB Kadabesanahalli, Bengaluru - CPCB"
17-Mar-2020 - 00:00,4.87,27.95,23.08,7.64,0.54,19.03,39.6,0.85,90.59,27.51,922.64,0.0,0.06,0.0,0.0,0.0,51.15,0.03,241.89,18-Mar-2020 - 00:00,"BWSSB Kadabesanahalli, Bengaluru - CPCB"
18-Mar-2020 - 00:00,7.16,40.7,33.57,7.81,0.54,21.84,52.49,0.8,87.32,27.71,918.53,0.2,0.27,0.0,0.0,0.0,41.13,-0.01,197.72,19-Mar-2020 - 00:00,"BWSSB Kadabesanahalli, Bengaluru - CPCB"
19-Mar-2020 - 00:00,7.18,47.05,39.95,9.15,0.66,31.84,56.88,0.66,108.98,28.2,912.52,0.06,0.83,0.01,0.0,0.0,37.57,-0.07,256.31,20-Mar-2020 - 00:00,"BWSSB Kadabesanahalli, Bengaluru - CPCB"
20-Mar-2020 - 00:00,1.76,29.92,28.24,6.57,0.49,41.0,61.15,0.67,165.03,27.41,913.32,0.01,0.64,0.0,0.0,0.0,57.46,-0.06,167.09,21-Mar-2020 - 00:00,"BWSSB Kadabesanahalli, Bengaluru - CPCB"
21-Mar-2020 - 00:00,3.47,41.08,37.7,7.73,0.68,40.08,67.18,0.65,177.46,28.23,910.14,0.15,0.87,0.0,0.0,0.0,46.64,-0.09,265.48,22-Mar-2020 - 00:00,"BWSSB Kadabesanahalli, Bengaluru - CPCB"
22-Mar-2020 - 00:00,0.99,16.84,16.13,6.41,0.44,37.19,42.8,0.65,129.06,28.32,912.58,0.0,0.22,0.0,0.0,0.0,46.2,-0.07,249.22,23-Mar-2020 - 00:00,"BWSSB Kadabesanahalli, Bengaluru - CPCB"
23-Mar-2020 - 00:00,2.38,40.69,40.01,2.26,1.65,32.15,71.29,0.78,122.62,27.93,914.67,0.05,0.82,0.02,0.0,0.0,54.72,-0.05,47.36,24-Mar-2020 - 00:00,"BWSSB Kadabesanahalli, Bengaluru - CPCB"
24-Mar-2020 - 00:00,3.25,31.83,31.62,9.8,0.84,23.91,94.79,0.75,79.27,27.44,913.43,0.22,0.74,0.02,0.0,0.0,51.74,-0.06,121.88,25-Mar-2020 - 00:00,"BWSSB Kadabesanahalli, Bengaluru - CPCB"
25-Mar-2020 - 00:00,0.47,9.62,10.07,5.19,0.78,32.44,33.88,0.72,92.61,27.86,915.7,0.0,0.12,0.0,0.0,0.0,44.54,-0.04,260.73,26-Mar-2020 - 00:00,"BWSSB Kadabesanahalli, Bengaluru - CPCB"
26-Mar-2020 - 00:00,0.36,8.76,9.06,5.26,0.56,23.15,42.72,0.82,71.3,27.81,919.01,0.0,0.02,0.0,0.0,0.0,46.94,-0.01,230.79,27-Mar-2020 - 00:00,"BWSSB Kadabesanahalli, Bengaluru - CPCB"
27-Mar-2020 - 00:00,0.38,10.09,10.61,9.07,1.06,28.75,36.37,0.8,77.63,27.62,918.78,0.01,0.02,0.0,0.0,0.0,43.5,-0.01,233.47,28-Mar-2020 - 00:00,"BWSSB Kadabesanahalli, Bengaluru - CPCB"
28-Mar-2020 - 00:00,0.67,14.96,15.54,11.11,1.63,27.44,43.33,0.75,71.96,27.86,915.67,0.99,4.94,1.27,0.48,0.38,30.39,-0.04,204.39,29-Mar-2020 - 00:00,"BWSSB Kadabesanahalli, Bengaluru - CPCB"
29-Mar-2020 - 00:00,1.61,18.44,17.74,9.38,1.29,26.08,51.28,0.78,80.33,28.08,916.2,1.32,5.86,1.35,0.52,0.4,26.76,-0.03,207.5,30-Mar-2020 - 00:00,"BWSSB Kadabesanahalli, Bengaluru - CPCB"
30-Mar-2020 - 00:00,1.64,17.6,17.19,6.89,1.88,28.75,49.12,0.77,111.93,28.2,916.85,0.53,2.13,0.49,0.19,0.15,30.36,-0.03,206.29,31-Mar-2020 - 00:00,"BWSSB Kadabesanahalli, Bengaluru - CPCB"
31-Mar-2020 - 00:00,0.66,11.26,11.94,5.13,1.42,34.81,9.78,0.81,74.8,28.05,918.76,0.04,0.35,0.03,0.0,0.0,32.6,-0.01,226.33,01-Apr-2020 - 00:00,"BWSSB Kadabesanahalli, Bengaluru - CPCB"
01-Apr-2020 - 00:00,0.38,12.73,13.46,5.89,0.93,34.86,9.93,0.83,79.85,28.35,918.86,0.12,0.39,0.02,0.0,0.0,30.3,-0.01,219.08,02-Apr-2020 - 00:00,"BWSSB Kadabesanahalli, Bengaluru - CPCB"
02-Apr-2020 - 00:00,0.62,10.93,11.59,7.94,1.5,38.68,9.94,0.74,95.54,28.54,916.73,0.08,0.38,0.02,0.0,0.0,34.2,-0.03,244.56,03-Apr-2020 - 00:00,"BWSSB Kadabesanahalli, Bengaluru - CPCB"
03-Apr-2020 - 00:00,0.48,11.67,12.3,7.99,0.94,43.27,9.95,0.73,101.69,28.56,916.64,0.12,0.5,0.02,0.0,0.0,37.49,-0.03,259.4,04-Apr-2020 - 00:00,"BWSSB Kadabesanahalli, Bengaluru - CPCB"
04-Apr-2020 - 00:00,0.46,10.17,10.62,8.41,1.11,42.85,9.83,0.7,110.38,28.41,915.46,0.96,4.05,0.68,0.25,0.23,42.87,-0.04,243.45,05-Apr-2020 - 00:00,"BWSSB Kadabesanahalli, Bengaluru - CPCB"
05-Apr-2020 - 00:00,0.36,10.02,10.95,8.44,0.68,40.02,10.01,0.66,114.28,28.53,914.6,0.28,19.42,0.36,0.12,0.1,49.24,-0.05,230.42,06-Apr-2020 - 00:00,"BWSSB Kadabesanahalli, Bengaluru - CPCB"
06-Apr-2020 - 00:00,0.6,12.58,13.93,3.94,0.6,45.98,10.15,0.63,222.52,28.13,910.66,0.28,55.61,0.1,0.02,0.05,56.2,-0.09,241.36,07-Apr-2020 - 00:00,"BWSSB Kadabesanahalli, Bengaluru - CPCB"
07-Apr-2020 - 00:00,1.71,23.86,23.0,5.0,0.78,41.37,10.35,0.7,228.11,27.21,910.72,0.3,34.12,0.09,0.0,0.02,68.78,-0.09,221.28,08-Apr-2020 - 00:00,"BWSSB Kadabesanahalli, Bengaluru - CPCB"
08-Apr-2020 - 00:00,2.62,26.48,24.19,6.53,0.8,49.41,10.25,0.57,205.66,28.01,910.02,0.21,32.95,0.07,0.0,0.02,52.92,-0.09,205.9,09-Apr-2020 - 00:00,"BWSSB Kadabesanahalli, Bengaluru - CPCB"
09-Apr-2020 - 00:00,1.12,20.13,19.66,5.97,0.85,49.97,10.86,0.69,170.43,27.49,914.63,0.13,25.17,0.03,0.0,0.01,62.58,-0.05,217.96,10-Apr-2020 - 00:00,"BWSSB Kadabesanahalli, Bengaluru - CPCB"
10-Apr-2020 - 00:00,0.62,14.51,14.71,7.46,0.88,44.69,11.24,0.7,135.34,27.18,912.96,0.1,28.01,0.03,0.0,0.0,57.84,-0.06,230.47,11-Apr-2020 - 00:00,"BWSSB Kadabesanahalli, Bengaluru - CPCB"
11-Apr-2020 - 00:00,0.53,13.86,14.45,7.7,0.78,40.93,9.53,0.79,85.45,27.62,917.87,2.42,31.71,2.13,0.73,0.69,58.91,-0.02,227.38,12-Apr-2020 - 00:00,"BWSSB Kadabesanahalli, Bengaluru - CPCB"
12-Apr-2020 - 00:00,1.82,17.9,17.53,3.58,1.14,36.48,9.65,0.77,73.43,28.09,916.11,1.1,35.55,1.32,0.49,0.4,43.06,-0.03,221.98,13-Apr-2020 - 00:00,"BWSSB Kadabesanahalli, Bengaluru - CPCB"
13-Apr-2020 - 00:00,4.48,27.47,25.79,9.57,1.02,33.35,12.49,0.75,79.47,28.33,914.52,0.48,74.39,0.23,0.09,0.1,32.91,-0.05,197.8,14-Apr-2020 - 00:00,"BWSSB Kadabesanahalli, Bengaluru - CPCB"
14-Apr-2020 - 00:00,3.0,26.82,25.52,10.39,1.47,30.2,9.78,0.81,78.89,28.06,916.53,0.44,49.02,0.15,0.04,0.06,28.56,-0.03,185.33,15-Apr-2020 - 00:00,"BWSSB Kadabesanahalli, Bengaluru - CPCB"
15-Apr-2020 - 00:00,0.74,19.59,20.05,10.91,1.2,35.23,9.69,0.71,96.52,28.21,914.22,0.35,31.31,0.1,0.01,0.03,33.6,-0.05,217.35,16-Apr-2020 - 00:00,"BWSSB Kadabesanahalli, Bengaluru - CPCB"
16-Apr-2020 - 00:00,0.7,17.86,18.08,9.06,1.67,37.02,9.9,0.7,126.87,28.54,913.7,1.18,34.68,0.97,0.32,0.3,37.5,-0.06,242.18,17-Apr-2020 - 00:00,"BWSSB Kadabesanahalli, Bengaluru - CPCB"
17-Apr-2020 - 00:00,0.93,18.46,18.96,5.92,0.94,26.68,9.89,0.7,150.58,28.67,912.88,0.54,34.33,0.59,0.22,0.17,45.51,-0.06,281.07,18-Apr-2020 - 00:00,"BWSSB Kadabesanahalli, Bengaluru - CPCB"
18-Apr-2020 - 00:00,0.25,12.05,15.09,7.01,1.49,24.05,9.69,0.69,109.83,28.81,914.07,0.13,9.23,0.07,0.0,0.0,44.7,-0.05,218.57,19-Apr-2020 - 00:00,"BWSSB Kadabesanahalli, Bengaluru - CPCB"
19-Apr-2020 - 00:00,0.45,10.16,11.4,11.57,0.88,18.63,9.76,0.72,108.64,28.64,916.49,0.16,1.95,0.05,0.0,0.0,45.25,-0.03,224.73,20-Apr-2020 - 00:00,"BWSSB Kadabesanahalli, Bengaluru - CPCB"
20-Apr-2020 - 00:00,0.56,9.3,10.08,9.07,0.69,17.61,9.86,0.79,82.59,28.33,918.72,0.07,1.02,0.01,0.0,0.0,48.29,-0.01,226.52,21-Apr-2020 - 00:00,"BWSSB Kadabesanahalli, Bengaluru - CPCB"
21-Apr-2020 - 00:00,1.24,16.12,16.25,9.02,1.52,14.13,9.36,0.66,113.21,28.46,912.11,0.14,1.6,0.03,0.0,0.0,42.55,-0.07,249.77,22-Apr-2020 - 00:00,"BWSSB Kadabesanahalli, Bengaluru - CPCB"
22-Apr-2020 - 00:00,0.24,8.0,9.77,10.43,0.62,18.24,9.92,0.65,176.01,28.8,912.2,0.05,1.17,0.02,0.0,0.0,44.98,-0.07,270.14,23-Apr-2020 - 00:00,"BWSSB Kadabesanahalli, Bengaluru - CPCB"
23-Apr-2020 - 00:00,0.45,14.03,14.99,10.87,0.61,19.7,10.09,0.66,205.07,28.73,910.17,0.09,1.27,0.02,0.0,0.0,51.63,-0.09,259.46,24-Apr-2020 - 00:00,"BWSSB Kadabesanahalli, Bengaluru - CPCB"
24-Apr-2020 - 00:00,2.15,22.96,22.25,12.84,1.19,10.16,12.9,0.64,226.05,26.99,907.92,4.3,16.35,2.26,0.82,0.76,77.09,-0.11,145.78,25-Apr-2020 - 00:00,"BWSSB Kadabesanahalli, Bengaluru - CPCB"
25-Apr-2020 - 00:00,4.15,21.36,19.05,7.43,0.64,11.32,,0.75,233.13,27.58,911.45,1.51,8.01,1.49,0.54,0.47,69.35,-0.08,216.5,26-Apr-2020 - 00:00,"BWSSB Kadabesanahalli, Bengaluru - CPCB"
26-Apr-2020 - 00:00,1.01,14.63,16.15,8.16,1.79,15.59,14.56,0.7,149.42,27.84,914.65,0.25,1.82,0.21,0.06,0.04,59.63,-0.05,187.11,27-Apr-2020 - 00:00,"BWSSB Kadabesanahalli, Bengaluru - CPCB"
27-Apr-2020 - 00:00,1.25,17.39,17.38,6.98,1.42,14.09,10.8,0.7,215.13,27.97,908.89,0.22,1.3,0.11,0.01,0.01,60.68,-0.1,137.24,28-Apr-2020 - 00:00,"BWSSB Kadabesanahalli, Bengaluru - CPCB"
28-Apr-2020 - 00:00,0.68,11.47,12.58,6.7,1.04,13.09,11.6,0.68,118.0,27.71,913.9,0.14,1.36,0.07,0.0,0.0,66.96,-0.06,168.2,29-Apr-2020 - 00:00,"BWSSB Kadabesanahalli, Bengaluru - CPCB"
29-Apr-2020 - 00:00,1.21,15.45,15.07,3.03,0.58,12.94,10.8,0.72,215.64,26.57,909.09,0.21,1.41,0.07,0.0,0.0,77.91,-0.1,93.38,30-Apr-2020 - 00:00,"BWSSB Kadabesanahalli, Bengaluru - CPCB"
30-Apr-2020 - 00:00,5.35,23.98,19.56,,0.62,16.04,10.99,0.67,166.45,28.04,909.4,0.21,1.48,0.08,0.0,0.01,58.96,-0.1,264.53,01-May-2020 - 00:00,"BWSSB Kadabesanahalli, Bengaluru - CPCB"
01-May-2020 - 00:00,2.26,16.87,17.64,,1.08,19.42,9.66,0.67,220.94,28.42,909.13,0.17,1.07,0.04,0.0,0.0,56.74,-0.1,270.58,02-May-2020 - 00:00,"BWSSB Kadabesanahalli, Bengaluru - CPCB"
02-May-2020 - 00:00,2.41,19.88,18.05,,0.56,18.26,10.25,0.68,232.3,28.27,908.78,0.2,1.13,0.06,0.0,0.0,58.11,-0.1,232.18,03-May-2020 - 00:00,"BWSSB Kadabesanahalli, Bengaluru - CPCB"
03-May-2020 - 00:00,3.82,19.46,17.71,,1.57,15.56,10.65,0.63,178.69,28.58,908.66,0.4,1.22,0.05,0.0,0.0,54.04,-0.11,291.52,04-May-2020 - 00:00,"BWSSB Kadabesanahalli, Bengaluru - CPCB"
04-May-2020 - 00:00,0.71,16.77,18.4,,1.63,20.16,12.22,0.66,168.22,28.88,909.81,0.29,1.4,0.04,0.0,0.0,45.6,-0.09,246.18,05-May-2020 - 00:00,"BWSSB Kadabesanahalli, Bengaluru - CPCB"
05-May-2020 - 00:00,0.96,17.01,17.13,,1.12,23.01,10.13,0.67,110.08,29.01,913.02,0.07,1.97,0.03,0.0,0.0,42.18,-0.06,260.6,06-May-2020 - 00:00,"BWSSB Kadabesanahalli, Bengaluru - CPCB"
06-May-2020 - 00:00,1.44,21.0,21.29,,2.0,20.28,12.3,0.65,196.94,28.38,909.18,0.04,0.81,0.02,0.0,0.0,54.5,-0.1,198.78,07-May-2020 - 00:00,"BWSSB Kadabesanahalli, Bengaluru - CPCB"
07-May-2020 - 00:00,1.94,18.17,16.62,,1.59,14.45,9.54,0.67,166.65,28.28,909.66,0.06,1.15,0.02,0.0,0.0,58.24,-0.1,163.29,08-May-2020 - 00:00,"BWSSB Kadabesanahalli, Bengaluru - CPCB"
08-May-2020 - 00:00,2.74,22.37,19.98,,0.76,13.33,9.91,0.57,196.13,28.37,908.72,0.01,1.07,0.01,0.0,0.0,57.7,-0.1,240.2,09-May-2020 - 00:00,"BWSSB Kadabesanahalli, Bengaluru - CPCB"
09-May-2020 - 00:00,1.57,17.48,16.25,,0.87,12.42,10.34,0.74,84.0,29.01,916.16,0.05,1.09,0.01,0.0,0.0,49.97,-0.03,244.86,10-May-2020 - 00:00,"BWSSB Kadabesanahalli, Bengaluru - CPCB"
10-May-2020 - 00:00,1.54,15.89,14.75,,1.22,12.41,9.96,0.72,104.19,28.88,915.29,0.04,0.46,0.0,0.0,0.0,46.39,-0.04,285.07,11-May-2020 - 00:00,"BWSSB Kadabesanahalli, Bengaluru - CPCB"
11-May-2020 - 00:00,1.32,15.04,14.13,,1.36,12.98,10.14,0.77,78.92,28.48,916.25,0.0,0.43,0.0,0.0,0.0,48.02,-0.03,239.03,12-May-2020 - 00:00,"BWSSB Kadabesanahalli, Bengaluru - CPCB"
12-May-2020 - 00:00,1.41,15.01,13.9,,0.79,10.99,9.88,0.77,75.64,28.28,917.08,0.0,0.29,0.0,0.0,0.0,51.69,-0.02,175.03,13-May-2020 - 00:00,"BWSSB Kadabesanahalli, Bengaluru - CPCB"
13-May-2020 - 00:00,2.23,17.53,17.01,,1.73,8.87,9.03,0.65,135.48,28.07,911.39,11.34,43.53,7.22,2.3,2.54,56.29,-0.08,161.78,14-May-2020 - 00:00,"BWSSB Kadabesanahalli, Bengaluru - CPCB"
14-May-2020 - 00:00,0.9,17.53,17.54,,0.71,12.56,9.9,0.68,145.14,28.81,911.86,0.98,6.48,1.5,0.57,0.45,49.78,-0.07,233.15,15-May-2020 - 00:00,"BWSSB Kadabesanahalli, Bengaluru - CPCB"
15-May-2020 - 00:00,1.47,11.66,11.77,,1.55,7.82,11.75,0.68,93.59,28.95,911.89,0.39,2.64,0.47,0.16,0.12,48.69,-0.07,215.71,16-May-2020 - 00:00,"BWSSB Kadabesanahalli, Bengaluru - CPCB"
16-May-2020 - 00:00,0.84,1.61,1.98,,1.81,10.67,13.29,0.67,202.15,28.66,908.95,0.32,2.14,0.25,0.07,0.05,50.29,-0.1,149.41,17-May-2020 - 00:00,"BWSSB Kadabesanahalli, Bengaluru - CPCB"
17-May-2020 - 00:00,0.88,1.52,0.87,,0.75,13.34,10.54,0.63,265.6,28.83,909.67,0.2,1.5,0.13,0.0,0.0,51.66,-0.1,252.64,18-May-2020 - 00:00,"BWSSB Kadabesanahalli, Bengaluru - CPCB"
18-May-2020 - 00:00,1.28,1.97,1.01,,0.95,16.16,10.66,0.78,258.91,27.46,912.87,,,,,,72.77,-0.07,232.61,19-May-2020 - 00:00,"BWSSB Kadabesanahalli, Bengaluru - CPCB"
19-May-2020 - 00:00,1.13,1.95,1.44,,0.95,14.44,10.29,0.8,258.69,27.95,914.28,,,,,,64.7,-0.05,222.53,20-May-2020 - 00:00,"BWSSB Kadabesanahalli, Bengaluru - CPCB"
20-May-2020 - 00:00,0.89,1.56,0.95,,1.55,13.09,10.09,0.8,257.24,27.93,913.22,,,,,,59.96,-0.06,265.46,21-May-2020 - 00:00,"BWSSB Kadabesanahalli, Bengaluru - CPCB"
21-May-2020 - 00:00,0.85,1.49,0.93,,1.18,14.35,10.28,0.73,243.69,28.15,911.26,,,,,,59.27,-0.08,263.43,22-May-2020 - 00:00,"BWSSB Kadabesanahalli, Bengaluru - CPCB"
22-May-2020 - 00:00,1.05,1.73,1.15,,1.41,17.18,10.56,0.76,254.85,28.16,911.67,0.0,0.46,0.0,0.0,0.0,58.43,-0.08,169.3,23-May-2020 - 00:00,"BWSSB Kadabesanahalli, Bengaluru - CPCB"
23-May-2020 - 00:00,0.9,1.52,0.9,,0.91,22.12,10.64,0.72,253.77,28.73,910.54,,,,,,51.04,-0.09,247.96,24-May-2020 - 00:00,"BWSSB Kadabesanahalli, Bengaluru - CPCB"
24-May-2020 - 00:00,1.04,1.63,0.88,,0.57,11.84,10.77,0.72,237.83,27.61,911.11,,,,,,71.29,-0.08,220.21,25-May-2020 - 00:00,"BWSSB Kadabesanahalli, Bengaluru - CPCB"
25-May-2020 - 00:00,2.17,5.65,4.08,3.7,0.71,16.28,17.1,0.74,249.24,27.8,908.71,0.8,2.5,0.95,0.6,0.9,67.08,-0.11,231.17,26-May-2020 - 00:00,"BWSSB Kadabesanahalli, Bengaluru - CPCB"
26-May-2020 - 00:00,3.97,13.01,10.05,10.41,0.74,19.7,22.33,0.75,250.76,27.73,910.15,0.8,2.5,0.95,0.6,0.9,68.39,-0.09,294.04,27-May-2020 - 00:00,"BWSSB Kadabesanahalli, Bengaluru - CPCB"
27-May-2020 - 00:00,4.62,13.64,10.27,3.05,1.74,12.8,29.65,,,,,0.8,2.5,0.95,0.6,0.9,,,,28-May-2020 - 00:00,"BWSSB Kadabesanahalli, Bengaluru - CPCB"
28-May-2020 - 00:00,4.27,13.46,10.3,6.91,0.97,14.99,13.62,0.74,224.83,28.16,913.4,0.8,2.5,0.95,0.6,0.9,63.64,-0.06,281.39,29-May-2020 - 00:00,"BWSSB Kadabesanahalli, Bengaluru - CPCB"
29-May-2020 - 00:00,4.35,13.43,10.1,6.25,0.76,17.83,9.62,0.7,250.14,27.12,909.54,0.8,2.5,0.95,0.6,0.9,74.13,-0.1,246.28,30-May-2020 - 00:00,"BWSSB Kadabesanahalli, Bengaluru - CPCB"
30-May-2020 - 00:00,3.99,12.94,10.51,6.83,0.99,12.31,9.33,0.7,204.26,27.28,911.31,0.8,2.5,0.95,0.6,0.9,73.31,-0.08,239.79,31-May-2020 - 00:00,"BWSSB Kadabesanahalli, Bengaluru - CPCB"
31-May-2020 - 00:00,4.04,12.99,10.38,5.88,0.93,9.29,13.92,0.64,145.81,28.64,913.2,0.8,2.5,0.95,0.6,0.9,59.86,-0.06,377.55,01-Jun-2020 - 00:00,"BWSSB Kadabesanahalli, Bengaluru - CPCB"
01-Jun-2020 - 00:00,4.11,13.18,10.11,6.65,0.66,6.24,15.1,0.69,226.99,27.15,910.3,0.8,2.5,0.95,0.6,0.9,77.03,-0.09,207.52,02-Jun-2020 - 00:00,"BWSSB Kadabesanahalli, Bengaluru - CPCB"
02-Jun-2020 - 00:00,4.15,13.01,9.86,7.73,0.83,6.85,,0.71,244.99,27.07,910.15,1.05,2.65,0.95,0.77,0.96,74.39,-0.09,173.61,03-Jun-2020 - 00:00,"BWSSB Kadabesanahalli, Bengaluru - CPCB"
03-Jun-2020 - 00:00,4.4,13.54,10.15,6.19,0.9,10.25,,0.75,243.94,27.06,911.99,1.3,2.8,0.95,0.95,1.01,71.81,-0.07,242.1,04-Jun-2020 - 00:00,"BWSSB Kadabesanahalli, Bengaluru - CPCB"
04-Jun-2020 - 00:00,4.6,13.84,10.24,5.7,0.84,9.78,,0.78,252.58,27.27,911.43,1.3,2.8,0.95,0.95,1.01,72.81,-0.08,203.38,05-Jun-2020 - 00:00,"BWSSB Kadabesanahalli, Bengaluru - CPCB"
05-Jun-2020 - 00:00,3.84,12.93,11.1,8.64,0.91,10.36,,0.78,252.45,27.34,911.09,1.3,2.8,0.95,0.95,1.01,69.38,-0.08,233.61,06-Jun-2020 - 00:00,"BWSSB Kadabesanahalli, Bengaluru - CPCB"
06-Jun-2020 - 00:00,3.95,12.96,10.01,5.68,0.69,11.14,,0.76,257.76,27.07,910.88,1.3,2.8,0.95,0.95,1.01,72.94,-0.09,230.2,07-Jun-2020 - 00:00,"BWSSB Kadabesanahalli, Bengaluru - CPCB"
07-Jun-2020 - 00:00,4.05,13.25,10.2,6.96,0.75,8.23,,0.79,254.46,26.97,911.52,1.3,2.8,0.95,0.95,1.01,73.59,-0.08,206.51,08-Jun-2020 - 00:00,"BWSSB Kadabesanahalli, Bengaluru - CPCB"
08-Jun-2020 - 00:00,3.79,12.74,9.96,6.3,0.77,10.05,,0.78,257.44,27.46,911.99,1.3,2.8,0.95,0.95,1.01,66.36,-0.07,229.61,09-Jun-2020 - 00:00,"BWSSB Kadabesanahalli, Bengaluru - CPCB"
09-Jun-2020 - 00:00,4.15,13.08,10.03,6.58,0.87,10.1,,0.79,255.32,27.37,911.41,1.3,2.8,0.95,0.95,1.01,69.89,-0.08,211.17,10-Jun-2020 - 00:00,"BWSSB Kadabesanahalli, Bengaluru - CPCB"
10-Jun-2020 - 00:00,4.23,13.33,10.27,6.14,0.94,8.96,,0.78,258.48,27.02,912.52,1.3,2.8,0.95,0.95,1.01,73.81,-0.07,154.39,11-Jun-2020 - 00:00,"BWSSB Kadabesanahalli, Bengaluru - CPCB"
11-Jun-2020 - 00:00,3.99,13.27,10.29,7.95,0.76,9.04,,0.82,262.6,26.67,916.13,1.3,2.8,0.95,0.95,1.01,76.18,-0.03,124.58,12-Jun-2020 - 00:00,"BWSSB Kadabesanahalli, Bengaluru - CPCB"
12-Jun-2020 - 00:00,4.07,13.41,10.35,7.55,0.66,10.29,,0.82,255.15,26.45,915.71,1.3,2.8,0.95,0.95,1.01,72.37,-0.04,155.4,13-Jun-2020 - 00:00,"BWSSB Kadabesanahalli, Bengaluru - CPCB"
13-Jun-2020 - 00:00,3.75,12.14,11.56,6.36,1.67,8.77,,0.8,251.42,26.17,912.79,1.3,2.8,0.95,0.95,1.01,82.91,-0.07,35.58,14-Jun-2020 - 00:00,"BWSSB Kadabesanahalli, Bengaluru - CPCB"
14-Jun-2020 - 00:00,4.65,13.93,10.31,4.72,0.82,9.54,,0.83,253.39,26.94,916.81,1.3,2.8,0.95,0.95,1.01,75.59,-0.03,218.9,15-Jun-2020 - 00:00,"BWSSB Kadabesanahalli, Bengaluru - CPCB"
15-Jun-2020 - 00:00,4.67,13.78,10.12,8.2,0.71,10.89,,0.82,251.41,27.08,915.7,1.3,2.8,0.95,0.95,1.01,72.34,-0.04,188.7,16-Jun-2020 - 00:00,"BWSSB Kadabesanahalli, Bengaluru - CPCB"
16-Jun-2020 - 00:00,4.1,13.38,10.29,6.9,0.67,10.25,,0.81,250.4,27.03,914.51,,,,,,75.4,-0.05,151.92,17-Jun-2020 - 00:00,"BWSSB Kadabesanahalli, Bengaluru - CPCB"
17-Jun-2020 - 00:00,4.41,13.69,10.3,7.53,0.77,9.11,,0.8,250.57,26.73,914.34,,,,,,78.36,-0.05,114.68,18-Jun-2020 - 00:00,"BWSSB Kadabesanahalli, Bengaluru - CPCB"
18-Jun-2020 - 00:00,4.08,13.33,10.26,7.8,0.76,8.73,,0.82,252.48,26.63,915.18,,,,,,78.65,-0.04,133.27,19-Jun-2020 - 00:00,"BWSSB Kadabesanahalli, Bengaluru - CPCB"
19-Jun-2020 - 00:00,4.23,13.4,10.18,6.36,0.78,8.56,,0.82,254.77,27.09,915.4,,,,,,72.59,-0.04,216.85,20-Jun-2020 - 00:00,"BWSSB Kadabesanahalli, Bengaluru - CPCB"
20-Jun-2020 - 00:00,3.76,12.61,10.19,6.01,1.14,8.5,,0.82,255.98,27.08,914.62,,,,,,70.84,-0.05,142.17,21-Jun-2020 - 00:00,"BWSSB Kadabesanahalli, Bengaluru - CPCB"
21-Jun-2020 - 00:00,3.88,12.93,10.05,7.72,0.68,7.99,,0.81,255.17,26.77,914.32,,,,,,76.91,-0.05,165.54,22-Jun-2020 - 00:00,"BWSSB Kadabesanahalli, Bengaluru - CPCB"
22-Jun-2020 - 00:00,3.67,12.83,10.16,6.52,0.74,7.77,,0.81,257.19,26.66,914.35,,,,,,77.09,-0.05,188.02,23-Jun-2020 - 00:00,"BWSSB Kadabesanahalli, Bengaluru - CPCB"
23-Jun-2020 - 00:00,3.45,12.37,10.13,7.2,0.89,10.65,,0.81,256.71,26.14,914.09,,,,,,80.78,-0.05,217.59,24-Jun-2020 - 00:00,"BWSSB Kadabesanahalli, Bengaluru - CPCB"
24-Jun-2020 - 00:00,3.62,12.79,10.19,7.1,0.8,10.29,,,,,,,,,,,,,,25-Jun-2020 - 00:00,"BWSSB Kadabesanahalli, Bengaluru - CPCB"
25-Jun-2020 - 00:00,3.51,12.18,10.98,7.0,1.28,12.24,,,,,,,,,,,,,,26-Jun-2020 - 00:00,"BWSSB Kadabesanahalli, Bengaluru - CPCB"
26-Jun-2020 - 00:00,3.66,12.82,10.17,6.51,0.72,17.18,19.56,0.72,251.81,27.82,908.63,0.34,0.0,0.0,0.0,0.0,68.08,-0.11,296.68,27-Jun-2020 - 00:00,"BWSSB Kadabesanahalli, Bengaluru - CPCB"
27-Jun-2020 - 00:00,3.71,12.58,10.43,4.4,1.5,13.22,22.36,0.79,258.07,26.8,911.39,0.0,0.0,0.0,0.0,0.0,79.29,-0.08,226.44,28-Jun-2020 - 00:00,"BWSSB Kadabesanahalli, Bengaluru - CPCB"
28-Jun-2020 - 00:00,3.71,12.85,10.17,5.55,0.76,16.55,57.94,0.75,257.81,27.65,909.73,0.0,0.0,0.0,0.0,0.0,70.75,-0.1,192.58,29-Jun-2020 - 00:00,"BWSSB Kadabesanahalli, Bengaluru - CPCB"
29-Jun-2020 - 00:00,3.56,12.89,10.34,5.7,0.63,16.57,113.32,0.76,255.12,27.15,910.52,0.0,0.0,0.0,0.0,0.0,77.04,-0.09,153.54,30-Jun-2020 - 00:00,"BWSSB Kadabesanahalli, Bengaluru - CPCB"
30-Jun-2020 - 00:00,3.56,12.81,10.28,5.77,0.6,13.78,26.34,0.8,258.65,27.14,912.16,0.0,0.0,0.0,0.0,0.0,73.71,-0.07,167.37,01-Jul-2020 - 00:00,"BWSSB Kadabesanahalli, Bengaluru - CPCB"
01-Jul-2020 - 00:00,3.44,12.84,10.41,6.29,0.57,14.07,26.39,0.81,254.45,27.04,913.67,0.0,0.0,0.0,0.0,0.0,73.21,-0.06,182.9,02-Jul-2020 - 00:00,"BWSSB Kadabesanahalli, Bengaluru - CPCB"
02-Jul-2020 - 00:00,3.5,12.58,10.42,5.91,0.55,10.23,35.08,0.81,254.11,26.22,913.09,0.0,0.0,0.0,0.0,0.0,82.67,-0.06,56.67,03-Jul-2020 - 00:00,"BWSSB Kadabesanahalli, Bengaluru - CPCB"
03-Jul-2020 - 00:00,3.73,13.25,10.53,6.88,0.59,10.53,41.93,,,,,0.0,0.0,0.0,0.0,0.0,,,,04-Jul-2020 - 00:00,"BWSSB Kadabesanahalli, Bengaluru - CPCB"
04-Jul-2020 - 00:00,3.58,12.52,10.23,6.17,0.7,12.11,25.71,0.82,255.45,26.71,915.48,0.0,0.0,0.0,0.0,0.0,77.34,-0.04,174.59,05-Jul-2020 - 00:00,"BWSSB Kadabesanahalli, Bengaluru - CPCB"
05-Jul-2020 - 00:00,3.44,12.67,10.26,5.39,0.68,11.74,45.14,0.8,252.39,26.62,913.39,0.0,0.0,0.0,0.0,0.0,82.46,-0.06,154.37,06-Jul-2020 - 00:00,"BWSSB Kadabesanahalli, Bengaluru - CPCB"
06-Jul-2020 - 00:00,3.64,12.81,10.2,7.94,0.56,10.7,28.52,0.81,253.78,26.5,914.06,,,,,,80.15,-0.05,113.7,07-Jul-2020 - 00:00,"BWSSB Kadabesanahalli, Bengaluru - CPCB"
07-Jul-2020 - 00:00,3.55,13.0,10.48,6.79,0.61,11.88,26.42,0.8,253.74,26.72,914.31,,,,,,77.98,-0.05,185.07,08-Jul-2020 - 00:00,"BWSSB Kadabesanahalli, Bengaluru - CPCB"
08-Jul-2020 - 00:00,3.69,13.01,11.74,6.14,1.19,10.94,54.01,0.8,256.08,26.04,912.95,1.27,2.72,0.93,0.93,0.99,85.01,-0.06,137.86,09-Jul-2020 - 00:00,"BWSSB Kadabesanahalli, Bengaluru - CPCB"
09-Jul-2020 - 00:00,3.26,12.6,10.37,10.89,0.6,12.72,11.98,0.78,259.69,26.69,911.11,0.63,1.35,0.46,0.46,0.49,79.79,-0.08,211.76,10-Jul-2020 - 00:00,"BWSSB Kadabesanahalli, Bengaluru - CPCB"
10-Jul-2020 - 00:00,3.68,13.15,10.5,8.94,0.56,12.44,14.55,0.77,252.28,26.59,910.12,0.62,1.34,0.45,0.45,0.48,81.38,-0.09,142.89,11-Jul-2020 - 00:00,"BWSSB Kadabesanahalli, Bengaluru - CPCB"
11-Jul-2020 - 00:00,3.88,13.21,10.35,9.32,0.66,16.42,18.89,0.78,254.64,27.05,910.71,1.3,2.81,0.95,0.95,1.01,73.77,-0.09,215.34,12-Jul-2020 - 00:00,"BWSSB Kadabesanahalli, Bengaluru - CPCB"
12-Jul-2020 - 00:00,4.16,13.75,10.64,5.01,1.18,13.52,19.08,0.79,256.3,27.09,911.64,1.3,2.8,0.95,0.95,1.01,72.68,-0.08,183.51,13-Jul-2020 - 00:00,"BWSSB Kadabesanahalli, Bengaluru - CPCB"
13-Jul-2020 - 00:00,3.67,13.92,14.38,8.32,1.16,18.13,21.53,0.79,258.2,26.5,911.01,1.3,2.8,0.95,0.95,1.01,80.3,-0.08,7.77,14-Jul-2020 - 00:00,"BWSSB Kadabesanahalli, Bengaluru - CPCB"
14-Jul-2020 - 00:00,3.93,13.6,10.69,8.43,0.68,11.25,24.25,,,,,1.3,2.8,0.95,0.95,1.01,,,,15-Jul-2020 - 00:00,"BWSSB Kadabesanahalli, Bengaluru - CPCB"
15-Jul-2020 - 00:00,3.69,12.75,10.24,6.13,2.35,10.43,11.52,,,,,1.3,2.8,0.95,0.95,1.01,,,,16-Jul-2020 - 00:00,"BWSSB Kadabesanahalli, Bengaluru - CPCB"
16-Jul-2020 - 00:00,3.56,12.51,10.73,6.71,0.98,9.18,21.26,0.76,253.35,26.17,910.35,1.3,2.8,0.95,0.95,1.01,85.79,-0.09,140.59,17-Jul-2020 - 00:00,"BWSSB Kadabesanahalli, Bengaluru - CPCB"
17-Jul-2020 - 00:00,3.53,12.94,10.44,5.93,0.67,12.2,22.09,0.79,255.02,26.31,912.38,1.3,2.8,0.95,0.95,1.01,83.6,-0.07,106.43,18-Jul-2020 - 00:00,"BWSSB Kadabesanahalli, Bengaluru - CPCB"
18-Jul-2020 - 00:00,3.45,12.76,10.34,6.89,0.69,12.45,26.18,0.78,256.69,26.65,909.69,1.3,2.8,0.95,0.95,1.01,80.95,-0.1,128.48,19-Jul-2020 - 00:00,"BWSSB Kadabesanahalli, Bengaluru - CPCB"
19-Jul-2020 - 00:00,3.88,13.88,11.0,6.08,0.66,8.16,19.21,0.79,253.87,26.23,910.33,1.28,2.79,0.95,0.93,1.0,88.5,-0.09,7.8,20-Jul-2020 - 00:00,"BWSSB Kadabesanahalli, Bengaluru - CPCB"
20-Jul-2020 - 00:00,,,,,,,,,,,,,,,,,,,,21-Jul-2020 - 00:00,"BWSSB Kadabesanahalli, Bengaluru - CPCB"
21-Jul-2020 - 00:00,,,,,,,,,,,,,,,,,,,,22-Jul-2020 - 00:00,"BWSSB Kadabesanahalli, Bengaluru - CPCB"
22-Jul-2020 - 00:00,,,,,,,,,,,,,,,,,,,,23-Jul-2020 - 00:00,"BWSSB Kadabesanahalli, Bengaluru - CPCB"
23-Jul-2020 - 00:00,,,,,,,,,,,,,,,,,,,,24-Jul-2020 - 00:00,"BWSSB Kadabesanahalli, Bengaluru - CPCB"
24-Jul-2020 - 00:00,,,,,,,,,,,,,,,,,,,,25-Jul-2020 - 00:00,"BWSSB Kadabesanahalli, Bengaluru - CPCB"
25-Jul-2020 - 00:00,,,,,,,,,,,,,,,,,,,,26-Jul-2020 - 00:00,"BWSSB Kadabesanahalli, Bengaluru - CPCB"
26-Jul-2020 - 00:00,,,,,,,,,,,,,,,,,,,,27-Jul-2020 - 00:00,"BWSSB Kadabesanahalli, Bengaluru - CPCB"
27-Jul-2020 - 00:00,,,,,,,,,,,,,,,,,,,,28-Jul-2020 - 00:00,"BWSSB Kadabesanahalli, Bengaluru - CPCB"
28-Jul-2020 - 00:00,3.88,13.04,10.21,12.62,2.62,,13.84,,,,,1.3,2.8,0.95,0.96,1.01,,,,29-Jul-2020 - 00:00,"BWSSB Kadabesanahalli, Bengaluru - CPCB"
29-Jul-2020 - 00:00,3.94,12.98,10.18,10.94,1.77,,15.04,,,,,1.3,2.8,0.95,0.95,1.01,,,,30-Jul-2020 - 00:00,"BWSSB Kadabesanahalli, Bengaluru - CPCB"
30-Jul-2020 - 00:00,4.28,13.21,10.14,6.13,1.92,,15.4,,,,,1.3,2.8,0.95,0.95,1.01,,,,31-Jul-2020 - 00:00,"BWSSB Kadabesanahalli, Bengaluru - CPCB"
31-Jul-2020 - 00:00,3.52,13.0,10.52,9.29,0.31,,16.2,,,,,1.3,2.8,0.95,0.95,1.01,,,,01-Aug-2020 - 00:00,"BWSSB Kadabesanahalli, Bengaluru - CPCB"
01-Aug-2020 - 00:00,3.41,12.59,10.23,2.13,0.6,,16.2,,,,,1.3,2.8,0.95,0.95,1.01,,,,02-Aug-2020 - 00:00,"BWSSB Kadabesanahalli, Bengaluru - CPCB"
02-Aug-2020 - 00:00,2.85,12.25,10.4,42.9,0.31,,16.2,,,,,1.3,2.8,0.95,0.95,1.01,,,,03-Aug-2020 - 00:00,"BWSSB Kadabesanahalli, Bengaluru - CPCB"
03-Aug-2020 - 00:00,2.81,12.1,10.32,8.32,0.31,,16.2,,,,,1.3,2.8,0.95,0.95,1.01,,,,04-Aug-2020 - 00:00,"BWSSB Kadabesanahalli, Bengaluru - CPCB"
04-Aug-2020 - 00:00,2.16,11.44,10.29,7.06,0.3,,16.2,,,,,1.3,2.8,0.95,0.95,1.01,,,,05-Aug-2020 - 00:00,"BWSSB Kadabesanahalli, Bengaluru - CPCB"
05-Aug-2020 - 00:00,2.7,11.98,10.3,26.97,0.28,,16.2,,,,,1.3,2.8,0.95,0.95,1.01,,,,06-Aug-2020 - 00:00,"BWSSB Kadabesanahalli, Bengaluru - CPCB"
06-Aug-2020 - 00:00,3.27,12.41,11.23,5.59,0.31,,16.2,,,,,1.3,2.8,0.95,0.95,1.01,,,,07-Aug-2020 - 00:00,"BWSSB Kadabesanahalli, Bengaluru - CPCB"
07-Aug-2020 - 00:00,3.79,13.25,10.5,7.2,0.28,,16.2,,,,,1.3,2.8,0.95,0.95,1.01,,,,08-Aug-2020 - 00:00,"BWSSB Kadabesanahalli, Bengaluru - CPCB"
08-Aug-2020 - 00:00,4.29,13.81,10.56,5.26,0.3,,16.2,,,,,1.3,2.8,0.95,0.95,1.01,,,,09-Aug-2020 - 00:00,"BWSSB Kadabesanahalli, Bengaluru - CPCB"
09-Aug-2020 - 00:00,3.68,12.98,10.36,8.66,0.29,,16.2,,,,,1.3,2.8,0.95,0.95,1.01,,,,10-Aug-2020 - 00:00,"BWSSB Kadabesanahalli, Bengaluru - CPCB"
10-Aug-2020 - 00:00,3.37,12.69,10.33,6.21,0.31,,16.2,,,,,1.3,2.8,0.95,0.95,1.01,,,,11-Aug-2020 - 00:00,"BWSSB Kadabesanahalli, Bengaluru - CPCB"
11-Aug-2020 - 00:00,2.96,12.29,10.36,7.58,0.29,,16.2,,,,,1.3,2.8,0.95,0.95,1.01,,,,12-Aug-2020 - 00:00,"BWSSB Kadabesanahalli, Bengaluru - CPCB"
12-Aug-2020 - 00:00,2.99,11.87,10.24,6.86,0.32,,16.2,,,,,1.3,2.8,0.95,0.95,1.01,,,,13-Aug-2020 - 00:00,"BWSSB Kadabesanahalli, Bengaluru - CPCB"
13-Aug-2020 - 00:00,3.41,12.64,10.27,8.1,0.3,,19.26,,,,,1.3,2.8,0.95,0.95,1.01,,,,14-Aug-2020 - 00:00,"BWSSB Kadabesanahalli, Bengaluru - CPCB"
14-Aug-2020 - 00:00,3.79,13.24,10.48,7.18,0.31,,22.8,,,,,1.3,2.81,0.95,0.95,1.01,,,,15-Aug-2020 - 00:00,"BWSSB Kadabesanahalli, Bengaluru - CPCB"
15-Aug-2020 - 00:00,3.89,13.22,10.4,7.4,0.3,,34.23,,,,,1.3,2.8,0.95,0.95,1.01,,,,16-Aug-2020 - 00:00,"BWSSB Kadabesanahalli, Bengaluru - CPCB"
16-Aug-2020 - 00:00,3.65,12.86,10.25,7.76,0.31,,24.84,,,,,1.3,2.8,0.95,0.95,1.01,,,,17-Aug-2020 - 00:00,"BWSSB Kadabesanahalli, Bengaluru - CPCB"
17-Aug-2020 - 00:00,3.87,13.33,10.49,7.1,0.32,,21.99,,,,,1.3,2.8,0.95,0.95,1.01,,,,18-Aug-2020 - 00:00,"BWSSB Kadabesanahalli, Bengaluru - CPCB"
18-Aug-2020 - 00:00,3.75,13.03,10.32,8.56,0.29,,21.52,,,,,1.3,2.8,0.95,0.95,1.01,,,,19-Aug-2020 - 00:00,"BWSSB Kadabesanahalli, Bengaluru - CPCB"
19-Aug-2020 - 00:00,3.68,12.85,10.3,5.34,0.33,,21.28,,,,,1.3,2.8,0.95,0.95,1.01,,,,20-Aug-2020 - 00:00,"BWSSB Kadabesanahalli, Bengaluru - CPCB"
20-Aug-2020 - 00:00,3.96,13.32,10.41,7.1,0.32,,23.66,,,,,1.3,2.8,0.95,0.95,1.01,,,,21-Aug-2020 - 00:00,"BWSSB Kadabesanahalli, Bengaluru - CPCB"
21-Aug-2020 - 00:00,3.95,13.04,10.13,7.84,0.32,,22.11,,,,,1.3,2.8,0.95,0.95,1.01,,,,22-Aug-2020 - 00:00,"BWSSB Kadabesanahalli, Bengaluru - CPCB"
22-Aug-2020 - 00:00,3.99,13.24,10.3,6.94,0.32,,23.49,,,,,1.3,2.8,0.95,0.95,1.01,,,,23-Aug-2020 - 00:00,"BWSSB Kadabesanahalli, Bengaluru - CPCB"
23-Aug-2020 - 00:00,4.01,13.53,10.61,7.05,0.34,,26.25,,,,,1.3,2.8,0.95,0.95,1.01,,,,24-Aug-2020 - 00:00,"BWSSB Kadabesanahalli, Bengaluru - CPCB"
24-Aug-2020 - 00:00,,,,,,,,,,,,,,,,,,,,25-Aug-2020 - 00:00,"BWSSB Kadabesanahalli, Bengaluru - CPCB"
25-Aug-2020 - 00:00,,,,,,,,,,,,,,,,,,,,26-Aug-2020 - 00:00,"BWSSB Kadabesanahalli, Bengaluru - CPCB"
26-Aug-2020 - 00:00,,,,,,,,,,,,,,,,,,,,27-Aug-2020 - 00:00,"BWSSB Kadabesanahalli, Bengaluru - CPCB"
27-Aug-2020 - 00:00,2.89,7.35,9.74,3.46,,,47.96,,,,,1.29,2.78,0.95,0.95,1.02,,,,28-Aug-2020 - 00:00,"BWSSB Kadabesanahalli, Bengaluru - CPCB"
28-Aug-2020 - 00:00,,5.31,32.26,,,,50.68,,,,,1.23,2.77,0.96,1.01,1.0,,,,29-Aug-2020 - 00:00,"BWSSB Kadabesanahalli, Bengaluru - CPCB"
29-Aug-2020 - 00:00,,,,,,,57.23,,,,,1.32,2.81,0.96,0.97,1.02,,,,30-Aug-2020 - 00:00,"BWSSB Kadabesanahalli, Bengaluru - CPCB"
30-Aug-2020 - 00:00,,,,,,,,,,,,,,,,,,,,31-Aug-2020 - 00:00,"BWSSB Kadabesanahalli, Bengaluru - CPCB"
31-Aug-2020 - 00:00,,,,,,,,,,,,,,,,,,,,01-Sep-2020 - 00:00,"BWSSB Kadabesanahalli, Bengaluru - CPCB"
01-Sep-2020 - 00:00,,,,,,,,,,,,,,,,,,,,02-Sep-2020 - 00:00,"BWSSB Kadabesanahalli, Bengaluru - CPCB"
02-Sep-2020 - 00:00,2.99,12.02,3.34,6.13,2.54,10.25,26.45,0.69,144.02,,909.68,1.28,2.76,0.94,0.94,1.0,11.27,-0.1,10.2,03-Sep-2020 - 00:00,"BWSSB Kadabesanahalli, Bengaluru - CPCB"
03-Sep-2020 - 00:00,3.02,12.1,3.02,3.83,0.67,5.19,15.07,0.67,104.02,,911.48,1.3,2.8,0.95,0.95,1.01,11.26,-0.08,101.87,04-Sep-2020 - 00:00,"BWSSB Kadabesanahalli, Bengaluru - CPCB"
04-Sep-2020 - 00:00,2.86,12.05,2.86,8.0,0.69,4.37,15.61,0.82,78.82,,918.94,1.3,2.8,0.95,0.95,1.01,65.17,-0.01,51.01,05-Sep-2020 - 00:00,"BWSSB Kadabesanahalli, Bengaluru - CPCB"
05-Sep-2020 - 00:00,2.76,12.01,2.76,7.9,0.45,5.03,14.89,0.71,103.04,,912.24,1.3,2.8,0.95,0.95,1.01,65.6,-0.07,41.94,06-Sep-2020 - 00:00,"BWSSB Kadabesanahalli, Bengaluru - CPCB"
06-Sep-2020 - 00:00,2.66,11.92,2.7,7.43,0.42,4.82,13.69,0.71,103.33,,914.66,1.3,2.8,0.95,0.95,1.01,65.43,-0.05,63.1,07-Sep-2020 - 00:00,"BWSSB Kadabesanahalli, Bengaluru - CPCB"
07-Sep-2020 - 00:00,3.09,12.46,10.08,8.78,0.51,6.03,14.94,0.83,208.27,,917.96,1.3,2.8,0.95,0.95,1.01,10.43,-0.01,54.67,08-Sep-2020 - 00:00,"BWSSB Kadabesanahalli, Bengaluru - CPCB"
08-Sep-2020 - 00:00,2.63,11.21,12.42,5.41,0.91,4.8,13.27,0.84,238.79,,915.8,1.3,2.8,0.95,0.95,1.01,11.41,-0.03,11.51,09-Sep-2020 - 00:00,"BWSSB Kadabesanahalli, Bengaluru - CPCB"
09-Sep-2020 - 00:00,2.71,11.65,10.54,6.24,0.6,4.78,15.51,0.56,250.36,,906.8,1.3,2.8,0.95,0.95,1.01,11.49,-0.12,14.41,10-Sep-2020 - 00:00,"BWSSB Kadabesanahalli, Bengaluru - CPCB"
10-Sep-2020 - 00:00,2.84,12.11,10.28,7.36,0.42,3.92,14.56,,,,,1.3,2.8,0.95,0.95,1.01,,,,11-Sep-2020 - 00:00,"BWSSB Kadabesanahalli, Bengaluru - CPCB"
11-Sep-2020 - 00:00,2.95,12.08,10.14,5.61,0.38,4.66,14.1,,,,,1.3,2.8,0.95,0.95,1.01,,,,12-Sep-2020 - 00:00,"BWSSB Kadabesanahalli, Bengaluru - CPCB"
12-Sep-2020 - 00:00,2.85,11.92,10.09,6.83,0.51,3.75,11.85,,,,,1.3,2.8,0.95,0.95,1.01,,,,13-Sep-2020 - 00:00,"BWSSB Kadabesanahalli, Bengaluru - CPCB"
13-Sep-2020 - 00:00,2.88,11.85,10.0,7.58,0.4,3.2,11.74,,,,,1.3,2.79,0.95,0.95,1.01,,,,14-Sep-2020 - 00:00,"BWSSB Kadabesanahalli, Bengaluru - CPCB"
14-Sep-2020 - 00:00,2.1,10.12,10.26,6.13,1.8,5.91,9.07,,,,,1.29,2.81,0.95,0.94,1.01,,,,15-Sep-2020 - 00:00,"BWSSB Kadabesanahalli, Bengaluru - CPCB"
15-Sep-2020 - 00:00,2.96,11.93,11.56,2.99,0.46,4.29,15.19,,,,,1.3,2.8,0.95,0.95,1.01,,,,16-Sep-2020 - 00:00,"BWSSB Kadabesanahalli, Bengaluru - CPCB"
16-Sep-2020 - 00:00,2.98,12.15,10.19,6.95,0.38,5.22,12.74,,,,,1.3,2.8,0.95,0.95,1.01,,,,17-Sep-2020 - 00:00,"BWSSB Kadabesanahalli, Bengaluru - CPCB"
17-Sep-2020 - 00:00,2.85,11.57,9.91,4.94,0.49,5.32,15.39,,,,,1.3,2.8,0.95,0.95,1.01,,,,18-Sep-2020 - 00:00,"BWSSB Kadabesanahalli, Bengaluru - CPCB"
18-Sep-2020 - 00:00,2.77,11.87,10.12,6.2,0.41,4.72,15.02,,,,,1.3,2.8,0.95,0.95,1.01,,,,19-Sep-2020 - 00:00,"BWSSB Kadabesanahalli, Bengaluru - CPCB"
19-Sep-2020 - 00:00,2.8,11.54,10.11,3.62,0.45,4.73,17.66,,,,,1.3,2.8,0.95,0.95,1.01,,,,20-Sep-2020 - 00:00,"BWSSB Kadabesanahalli, Bengaluru - CPCB"
20-Sep-2020 - 00:00,3.04,12.24,10.23,6.17,2.63,4.33,13.87,0.93,246.27,,925.82,1.3,2.8,0.95,0.95,1.01,11.67,0.07,30.87,21-Sep-2020 - 00:00,"BWSSB Kadabesanahalli, Bengaluru - CPCB"
21-Sep-2020 - 00:00,2.92,12.13,10.23,6.09,0.42,4.51,14.43,0.96,244.13,,929.34,1.3,2.8,0.95,0.95,1.01,11.22,0.1,53.2,22-Sep-2020 - 00:00,"BWSSB Kadabesanahalli, Bengaluru - CPCB"
22-Sep-2020 - 00:00,2.95,11.99,10.67,6.11,0.46,4.54,19.84,0.93,242.26,,926.07,1.3,2.8,0.95,0.95,1.01,11.31,0.07,65.98,23-Sep-2020 - 00:00,"BWSSB Kadabesanahalli, Bengaluru - CPCB"
23-Sep-2020 - 00:00,2.97,12.26,10.31,6.77,0.36,4.44,14.65,,,,,1.3,2.8,0.95,0.95,1.01,,,,24-Sep-2020 - 00:00,"BWSSB Kadabesanahalli, Bengaluru - CPCB"
24-Sep-2020 - 00:00,2.91,11.95,10.06,7.0,0.43,5.01,15.68,,,,,1.3,2.8,0.95,0.95,1.01,,,,25-Sep-2020 - 00:00,"BWSSB Kadabesanahalli, Bengaluru - CPCB"
25-Sep-2020 - 00:00,2.82,12.19,10.38,,0.47,5.47,17.18,0.89,247.73,,920.85,1.3,2.8,0.95,0.95,1.01,11.19,0.02,8.8,26-Sep-2020 - 00:00,"BWSSB Kadabesanahalli, Bengaluru - CPCB"
26-Sep-2020 - 00:00,2.87,12.11,10.26,,0.32,5.38,23.02,0.85,254.44,,917.26,1.3,2.8,0.95,0.95,1.01,11.11,-0.01,29.84,27-Sep-2020 - 00:00,"BWSSB Kadabesanahalli, Bengaluru - CPCB"
27-Sep-2020 - 00:00,2.87,11.95,10.1,,0.36,5.11,16.47,0.83,257.04,,916.12,1.3,2.8,0.95,0.95,1.01,10.86,-0.03,40.45,28-Sep-2020 - 00:00,"BWSSB Kadabesanahalli, Bengaluru - CPCB"
28-Sep-2020 - 00:00,2.81,11.6,10.39,4.75,1.67,4.4,19.88,0.82,253.39,,913.19,1.3,2.8,0.95,0.95,1.01,11.27,-0.06,21.07,29-Sep-2020 - 00:00,"BWSSB Kadabesanahalli, Bengaluru - CPCB"
29-Sep-2020 - 00:00,2.99,12.13,10.15,8.99,2.18,4.31,26.92,,,,,1.3,2.8,0.95,0.95,1.01,,,,30-Sep-2020 - 00:00,"BWSSB Kadabesanahalli, Bengaluru - CPCB"
30-Sep-2020 - 00:00,2.93,12.18,10.28,7.16,0.36,3.86,105.83,,,,,1.3,2.81,0.95,0.95,1.01,,,,01-Oct-2020 - 00:00,"BWSSB Kadabesanahalli, Bengaluru - CPCB"
01-Oct-2020 - 00:00,2.91,12.07,10.18,6.47,0.32,4.09,16.67,,,,,1.3,2.8,0.95,0.95,1.01,,,,02-Oct-2020 - 00:00,"BWSSB Kadabesanahalli, Bengaluru - CPCB"
02-Oct-2020 - 00:00,3.16,12.2,10.05,6.36,0.41,3.68,19.57,,,,,1.3,2.8,0.95,0.95,1.01,,,,03-Oct-2020 - 00:00,"BWSSB Kadabesanahalli, Bengaluru - CPCB"
03-Oct-2020 - 00:00,3.4,12.48,10.1,7.17,0.29,3.93,15.91,,,,,1.3,2.8,0.95,0.95,1.01,,,,04-Oct-2020 - 00:00,"BWSSB Kadabesanahalli, Bengaluru - CPCB"
04-Oct-2020 - 00:00,2.96,12.17,10.23,6.18,0.27,3.89,15.39,,,,,1.3,2.8,0.95,0.95,1.01,,,,05-Oct-2020 - 00:00,"BWSSB Kadabesanahalli, Bengaluru - CPCB"
05-Oct-2020 - 00:00,2.82,12.08,10.29,6.31,0.33,3.63,16.9,,,,,1.3,2.8,0.95,0.95,1.01,,,,06-Oct-2020 - 00:00,"BWSSB Kadabesanahalli, Bengaluru - CPCB"
06-Oct-2020 - 00:00,2.88,12.07,10.21,8.06,0.32,3.54,23.35,,,,,1.3,2.8,0.95,0.95,1.01,,,,07-Oct-2020 - 00:00,"BWSSB Kadabesanahalli, Bengaluru - CPCB"
07-Oct-2020 - 00:00,3.31,12.39,10.11,7.28,0.22,4.13,26.77,0.53,281.7,,907.17,1.3,2.8,0.95,0.95,1.01,8.93,-0.11,14.48,08-Oct-2020 - 00:00,"BWSSB Kadabesanahalli, Bengaluru - CPCB"
08-Oct-2020 - 00:00,3.38,12.6,10.26,7.48,0.4,3.9,26.29,0.65,203.33,,911.49,1.3,2.8,0.95,0.95,1.01,9.04,-0.07,44.18,09-Oct-2020 - 00:00,"BWSSB Kadabesanahalli, Bengaluru - CPCB"
09-Oct-2020 - 00:00,3.15,12.25,10.88,8.02,0.5,3.94,32.55,0.68,191.2,26.82,911.02,1.3,2.81,0.95,0.95,1.01,42.71,-0.08,77.18,10-Oct-2020 - 00:00,"BWSSB Kadabesanahalli, Bengaluru - CPCB"
10-Oct-2020 - 00:00,2.5,11.56,10.07,6.64,0.33,8.4,15.76,0.98,293.93,25.73,931.1,1.31,2.8,0.95,0.96,1.01,86.46,0.12,11.23,11-Oct-2020 - 00:00,"BWSSB Kadabesanahalli, Bengaluru - CPCB"
11-Oct-2020 - 00:00,,,,,,,,,,,,,,,,,,,,12-Oct-2020 - 00:00,"BWSSB Kadabesanahalli, Bengaluru - CPCB"
12-Oct-2020 - 00:00,2.45,10.76,9.91,2.86,1.11,6.89,8.57,0.99,286.71,26.79,932.38,1.31,2.79,0.95,0.95,1.01,75.19,0.13,307.51,13-Oct-2020 - 00:00,"BWSSB Kadabesanahalli, Bengaluru - CPCB"
13-Oct-2020 - 00:00,2.5,10.28,11.35,5.06,1.4,6.61,11.58,1.05,286.35,25.9,937.57,1.29,2.8,0.95,0.95,1.01,82.44,0.18,188.77,14-Oct-2020 - 00:00,"BWSSB Kadabesanahalli, Bengaluru - CPCB"
14-Oct-2020 - 00:00,3.01,12.21,10.23,4.31,0.4,4.09,20.41,1.03,283.38,26.02,937.28,1.3,2.8,0.95,0.95,1.01,77.23,0.18,161.26,15-Oct-2020 - 00:00,"BWSSB Kadabesanahalli, Bengaluru - CPCB"
15-Oct-2020 - 00:00,2.93,12.0,10.07,7.15,0.34,3.32,17.07,0.95,285.41,26.27,928.92,1.3,2.8,0.95,0.96,1.01,73.85,0.1,178.66,16-Oct-2020 - 00:00,"BWSSB Kadabesanahalli, Bengaluru - CPCB"
16-Oct-2020 - 00:00,2.85,11.69,10.15,6.31,0.52,3.03,22.49,0.89,290.64,26.58,922.06,1.3,2.8,0.95,0.95,1.01,71.5,0.03,233.36,17-Oct-2020 - 00:00,"BWSSB Kadabesanahalli, Bengaluru - CPCB"
17-Oct-2020 - 00:00,3.03,12.15,10.39,7.16,0.49,2.39,24.67,0.82,270.23,26.64,916.27,1.3,2.8,0.95,0.95,1.01,71.29,-0.03,156.35,18-Oct-2020 - 00:00,"BWSSB Kadabesanahalli, Bengaluru - CPCB"
18-Oct-2020 - 00:00,3.15,12.33,10.2,8.01,0.4,3.48,26.94,0.67,259.28,26.79,911.97,1.3,2.8,0.95,0.95,1.01,75.32,-0.07,136.63,19-Oct-2020 - 00:00,"BWSSB Kadabesanahalli, Bengaluru - CPCB"
19-Oct-2020 - 00:00,,,,,,,,,,,,,,,,,,,,20-Oct-2020 - 00:00,"BWSSB Kadabesanahalli, Bengaluru - CPCB"
20-Oct-2020 - 00:00,2.45,10.52,9.98,4.28,0.96,6.52,9.33,0.8,301.92,26.67,916.28,1.31,2.8,0.95,0.95,1.01,80.12,-0.03,125.53,21-Oct-2020 - 00:00,"BWSSB Kadabesanahalli, Bengaluru - CPCB"
21-Oct-2020 - 00:00,2.71,11.68,10.56,5.01,0.68,4.34,90.74,0.68,268.92,26.72,912.2,1.3,2.8,0.95,0.95,1.01,79.45,-0.06,170.2,22-Oct-2020 - 00:00,"BWSSB Kadabesanahalli, Bengaluru - CPCB"
22-Oct-2020 - 00:00,2.92,12.07,10.15,6.49,0.76,2.52,89.75,0.9,293.15,26.26,922.35,1.3,2.8,0.95,0.95,1.01,85.72,0.03,130.65,23-Oct-2020 - 00:00,"BWSSB Kadabesanahalli, Bengaluru - CPCB"
23-Oct-2020 - 00:00,3.06,12.3,10.28,5.39,0.45,3.45,18.03,0.95,290.27,26.09,928.05,1.3,2.8,0.95,0.95,1.01,83.5,0.09,188.81,24-Oct-2020 - 00:00,"BWSSB Kadabesanahalli, Bengaluru - CPCB"
24-Oct-2020 - 00:00,3.2,12.18,10.03,6.5,0.46,4.62,16.3,0.85,297.26,25.85,917.54,1.3,2.8,0.95,0.95,1.01,78.2,-0.01,90.04,25-Oct-2020 - 00:00,"BWSSB Kadabesanahalli, Bengaluru - CPCB"
25-Oct-2020 - 00:00,3.19,12.39,10.23,7.96,0.39,2.92,19.04,0.68,226.01,26.9,911.09,1.3,2.8,0.95,0.95,1.01,68.8,-0.08,220.14,26-Oct-2020 - 00:00,"BWSSB Kadabesanahalli, Bengaluru - CPCB"
26-Oct-2020 - 00:00,3.22,12.27,10.09,7.91,0.42,3.69,25.24,0.65,126.69,27.11,909.42,1.3,2.8,0.95,0.95,1.01,64.5,-0.09,216.17,27-Oct-2020 - 00:00,"BWSSB Kadabesanahalli, Bengaluru - CPCB"
27-Oct-2020 - 00:00,3.17,12.31,10.17,9.47,0.33,3.38,28.47,0.68,97.35,26.9,909.78,1.3,2.8,0.95,0.95,1.01,64.37,-0.09,202.64,28-Oct-2020 - 00:00,"BWSSB Kadabesanahalli, Bengaluru - CPCB"
28-Oct-2020 - 00:00,3.11,12.26,10.19,8.23,0.46,4.54,32.5,0.68,110.2,26.71,910.69,1.3,2.8,0.95,0.95,1.01,61.68,-0.08,212.98,29-Oct-2020 - 00:00,"BWSSB Kadabesanahalli, Bengaluru - CPCB"
29-Oct-2020 - 00:00,3.34,12.66,10.33,9.56,0.33,2.89,30.23,0.65,110.57,26.23,910.91,1.3,2.8,0.95,0.95,1.01,61.68,-0.08,161.12,30-Oct-2020 - 00:00,"BWSSB Kadabesanahalli, Bengaluru - CPCB"
30-Oct-2020 - 00:00,3.19,12.23,10.07,9.17,0.38,2.88,31.17,0.73,144.48,26.59,911.75,1.3,2.8,0.95,0.95,1.01,54.68,-0.07,182.52,31-Oct-2020 - 00:00,"BWSSB Kadabesanahalli, Bengaluru - CPCB"
31-Oct-2020 - 00:00,2.95,11.85,11.48,9.01,0.35,3.45,47.27,0.68,124.39,26.97,910.51,1.3,2.8,0.95,0.95,1.01,59.42,-0.08,194.37,01-Nov-2020 - 00:00,"BWSSB Kadabesanahalli, Bengaluru - CPCB"
01-Nov-2020 - 00:00,2.92,11.97,10.07,12.54,0.29,3.81,34.92,0.61,134.0,27.15,909.3,1.3,2.8,0.95,0.95,1.01,58.98,-0.09,201.72,02-Nov-2020 - 00:00,"BWSSB Kadabesanahalli, Bengaluru - CPCB"
02-Nov-2020 - 00:00,2.93,12.12,10.21,12.73,0.35,4.47,144.0,0.71,121.07,27.09,911.64,1.3,2.8,0.95,0.95,1.01,66.94,-0.07,167.16,03-Nov-2020 - 00:00,"BWSSB Kadabesanahalli, Bengaluru - CPCB"
03-Nov-2020 - 00:00,2.97,12.16,10.19,12.19,0.41,9.05,48.87,0.79,114.5,27.03,914.03,1.3,2.8,0.95,0.95,1.01,66.3,-0.05,173.22,04-Nov-2020 - 00:00,"BWSSB Kadabesanahalli, Bengaluru - CPCB"
04-Nov-2020 - 00:00,2.93,12.47,11.26,8.09,0.26,19.68,32.97,0.96,110.92,26.34,914.32,1.3,2.8,0.95,0.95,1.13,77.64,0.05,155.53,05-Nov-2020 - 00:00,"BWSSB Kadabesanahalli, Bengaluru - CPCB"
05-Nov-2020 - 00:00,2.53,12.02,10.08,5.38,0.28,32.32,17.78,1.58,114.84,,,1.3,2.8,,0.95,1.35,77.6,0.37,144.95,06-Nov-2020 - 00:00,"BWSSB Kadabesanahalli, Bengaluru - CPCB"
06-Nov-2020 - 00:00,2.83,12.24,10.4,4.79,0.47,31.21,7.46,2.07,120.41,,,1.3,2.8,,0.95,1.35,76.93,0.6,147.52,07-Nov-2020 - 00:00,"BWSSB Kadabesanahalli, Bengaluru - CPCB"
07-Nov-2020 - 00:00,2.9,14.15,12.94,5.2,0.23,32.3,9.76,1.9,113.14,,,1.3,2.8,,0.95,1.35,74.3,0.53,157.28,08-Nov-2020 - 00:00,"BWSSB Kadabesanahalli, Bengaluru - CPCB"
08-Nov-2020 - 00:00,3.08,10.12,13.29,5.75,0.48,30.94,13.28,1.91,105.47,,,1.3,2.8,,0.95,1.35,73.33,0.51,132.63,09-Nov-2020 - 00:00,"BWSSB Kadabesanahalli, Bengaluru - CPCB"
09-Nov-2020 - 00:00,3.2,10.1,13.79,5.31,0.29,32.03,35.01,1.04,80.73,,,1.3,2.8,,0.96,1.35,66.52,0.15,157.37,10-Nov-2020 - 00:00,"BWSSB Kadabesanahalli, Bengaluru - CPCB"
10-Nov-2020 - 00:00,3.34,10.32,14.19,5.65,0.4,30.8,13.81,1.3,106.99,,,1.3,2.8,,0.95,1.35,52.85,0.24,192.37,11-Nov-2020 - 00:00,"BWSSB Kadabesanahalli, Bengaluru - CPCB"
11-Nov-2020 - 00:00,3.36,10.32,14.22,6.19,0.29,31.29,17.05,0.96,89.7,,,1.3,2.8,,0.95,1.35,63.03,0.07,173.56,12-Nov-2020 - 00:00,"BWSSB Kadabesanahalli, Bengaluru - CPCB"
12-Nov-2020 - 00:00,3.35,10.42,14.29,4.61,0.37,32.21,16.89,1.39,94.12,,,1.3,2.8,,0.95,1.35,71.36,0.25,111.0,13-Nov-2020 - 00:00,"BWSSB Kadabesanahalli, Bengaluru - CPCB"
13-Nov-2020 - 00:00,3.31,10.44,14.24,3.54,0.33,32.25,51.64,1.86,113.1,,,1.3,2.8,,0.95,1.35,83.08,0.49,92.29,14-Nov-2020 - 00:00,"BWSSB Kadabesanahalli, Bengaluru - CPCB"
14-Nov-2020 - 00:00,4.25,11.66,16.41,7.54,0.51,31.23,22.45,2.08,111.85,,,1.3,2.8,,0.95,1.35,74.1,0.56,121.42,15-Nov-2020 - 00:00,"BWSSB Kadabesanahalli, Bengaluru - CPCB"
15-Nov-2020 - 00:00,3.39,12.97,16.9,5.33,0.58,11.93,16.28,1.08,82.9,,,1.3,2.8,,0.95,1.35,82.88,0.13,78.81,16-Nov-2020 - 00:00,"BWSSB Kadabesanahalli, Bengaluru - CPCB"
16-Nov-2020 - 00:00,2.93,13.19,16.6,2.49,0.48,13.52,15.5,1.94,109.84,,,1.3,2.8,,0.95,1.35,85.97,0.54,89.38,17-Nov-2020 - 00:00,"BWSSB Kadabesanahalli, Bengaluru - CPCB"
17-Nov-2020 - 00:00,3.27,12.29,16.09,2.4,0.53,15.62,11.5,2.3,110.42,,,1.3,2.8,,0.95,1.35,79.2,0.61,128.27,18-Nov-2020 - 00:00,"BWSSB Kadabesanahalli, Bengaluru - CPCB"
18-Nov-2020 - 00:00,3.33,12.34,16.17,2.74,0.46,21.82,15.26,2.09,121.37,,,1.31,2.8,,0.95,1.35,76.89,0.59,168.87,19-Nov-2020 - 00:00,"BWSSB Kadabesanahalli, Bengaluru - CPCB"
19-Nov-2020 - 00:00,2.7,13.27,14.44,1.54,1.51,21.45,12.75,2.27,122.52,,,1.3,2.8,,0.95,1.35,67.91,0.63,87.68,20-Nov-2020 - 00:00,"BWSSB Kadabesanahalli, Bengaluru - CPCB"
20-Nov-2020 - 00:00,3.16,12.56,15.67,1.37,0.66,21.24,14.08,1.85,120.81,,,1.3,2.8,,0.95,1.35,68.61,0.5,172.89,21-Nov-2020 - 00:00,"BWSSB Kadabesanahalli, Bengaluru - CPCB"
21-Nov-2020 - 00:00,3.19,12.33,16.04,3.72,0.69,22.69,102.54,1.33,117.76,,,1.3,2.8,,0.95,1.35,51.15,0.22,178.99,22-Nov-2020 - 00:00,"BWSSB Kadabesanahalli, Bengaluru - CPCB"
22-Nov-2020 - 00:00,3.19,12.27,16.0,5.07,0.69,22.77,25.56,1.3,137.4,,,1.3,2.8,,0.95,1.35,53.96,0.13,186.16,23-Nov-2020 - 00:00,"BWSSB Kadabesanahalli, Bengaluru - CPCB"
23-Nov-2020 - 00:00,3.33,12.27,16.12,2.75,0.68,22.67,20.92,1.54,98.04,,,1.3,2.8,,0.96,1.35,63.33,0.3,131.75,24-Nov-2020 - 00:00,"BWSSB Kadabesanahalli, Bengaluru - CPCB"
24-Nov-2020 - 00:00,3.21,12.44,15.77,1.81,0.76,22.27,23.24,0.85,70.55,,,1.3,2.8,,0.95,1.35,72.54,0.03,121.14,25-Nov-2020 - 00:00,"BWSSB Kadabesanahalli, Bengaluru - CPCB"
25-Nov-2020 - 00:00,3.37,12.4,16.28,2.49,0.52,22.37,38.69,0.65,120.23,,,1.3,2.8,,0.95,1.35,76.78,0.03,76.36,26-Nov-2020 - 00:00,"BWSSB Kadabesanahalli, Bengaluru - CPCB"
26-Nov-2020 - 00:00,2.99,7.51,9.99,2.32,0.56,11.16,31.87,1.54,314.56,,,1.3,2.8,,0.95,1.35,88.0,0.26,31.15,27-Nov-2020 - 00:00,"BWSSB Kadabesanahalli, Bengaluru - CPCB"
27-Nov-2020 - 00:00,8.66,7.26,16.43,2.12,0.59,7.1,22.15,0.88,294.23,,,1.3,2.8,,0.95,1.35,79.96,-0.06,114.8,28-Nov-2020 - 00:00,"BWSSB Kadabesanahalli, Bengaluru - CPCB"
28-Nov-2020 - 00:00,4.98,7.0,12.46,2.24,0.49,7.2,26.59,1.32,149.56,,,1.3,2.8,,0.95,1.35,76.91,0.22,99.16,29-Nov-2020 - 00:00,"BWSSB Kadabesanahalli, Bengaluru - CPCB"
29-Nov-2020 - 00:00,3.87,6.57,10.95,3.53,0.57,5.68,18.98,1.56,100.95,,,1.3,2.8,,0.95,1.35,79.76,0.4,79.19,30-Nov-2020 - 00:00,"BWSSB Kadabesanahalli, Bengaluru - CPCB"
30-Nov-2020 - 00:00,3.33,6.45,10.31,3.98,0.59,5.31,16.38,1.59,93.87,,,1.3,2.8,,0.95,1.35,71.03,0.38,134.53,01-Dec-2020 - 00:00,"BWSSB Kadabesanahalli, Bengaluru - CPCB"
01-Dec-2020 - 00:00,2.88,6.3,9.63,3.49,0.76,5.51,11.93,1.02,81.97,,,1.29,2.83,,0.98,1.36,79.97,0.09,8.95,02-Dec-2020 - 00:00,"BWSSB Kadabesanahalli, Bengaluru - CPCB"
