from date,PM2.5,PM10,NO2,NO,NOx,NH3,SO2,CO,Ozone,Benzene,Toluene,AT,WS,WD,RH,BP,to date,station
01-Jan-2020 - 00:00,37.06,55.52,5.44,3.85,5.04,3.98,18.94,,41.76,0.11,4.07,22.91,2.53,180.24,69.01,726.93,02-Jan-2020 - 00:00,"Collector Office, Yadgir - KSPCB"
02-Jan-2020 - 00:00,33.36,55.23,9.99,3.59,7.07,4.29,16.88,,26.18,0.13,3.9,23.06,1.67,176.39,70.04,727.86,03-Jan-2020 - 00:00,"Collector Office, Yadgir - KSPCB"
03-Jan-2020 - 00:00,31.21,49.04,20.09,5.14,13.67,5.59,18.75,0.97,20.39,0.14,4.61,23.36,0.8,213.42,69.14,726.43,04-Jan-2020 - 00:00,"Collector Office, Yadgir - KSPCB"
04-Jan-2020 - 00:00,47.46,68.76,14.4,3.75,9.62,5.04,18.39,1.08,28.78,0.16,3.85,21.94,0.79,136.3,69.81,725.44,05-Jan-2020 - 00:00,"Collector Office, Yadgir - KSPCB"
05-Jan-2020 - 00:00,57.7,83.32,12.06,4.56,8.97,5.04,18.38,0.83,34.91,0.16,4.32,21.79,0.97,128.64,68.3,726.05,06-Jan-2020 - 00:00,"Collector Office, Yadgir - KSPCB"
06-Jan-2020 - 00:00,53.02,72.08,11.25,3.1,7.39,4.18,14.95,0.99,38.43,0.2,5.75,20.1,1.74,149.15,69.28,727.97,07-Jan-2020 - 00:00,"Collector Office, Yadgir - KSPCB"
07-Jan-2020 - 00:00,36.33,57.16,10.77,3.7,7.73,4.1,17.31,1.05,30.6,0.13,4.16,24.71,1.66,182.94,72.75,727.06,08-Jan-2020 - 00:00,"Collector Office, Yadgir - KSPCB"
08-Jan-2020 - 00:00,44.53,67.4,9.63,3.65,7.06,4.06,17.07,0.86,26.47,0.12,3.9,22.11,1.6,171.74,74.28,726.02,09-Jan-2020 - 00:00,"Collector Office, Yadgir - KSPCB"
09-Jan-2020 - 00:00,41.78,66.69,10.6,3.24,7.13,4.07,17.69,0.88,27.39,0.13,3.9,23.26,1.33,158.68,67.17,725.68,10-Jan-2020 - 00:00,"Collector Office, Yadgir - KSPCB"
10-Jan-2020 - 00:00,69.17,95.6,7.49,3.22,5.5,3.98,19.39,0.92,40.69,0.18,4.17,23.01,1.65,155.11,67.0,726.57,11-Jan-2020 - 00:00,"Collector Office, Yadgir - KSPCB"
11-Jan-2020 - 00:00,61.29,87.89,12.27,3.86,8.61,4.53,16.82,0.83,44.29,0.15,3.88,22.52,1.43,149.66,63.09,727.84,12-Jan-2020 - 00:00,"Collector Office, Yadgir - KSPCB"
12-Jan-2020 - 00:00,62.38,91.79,17.56,3.96,11.45,5.09,16.67,0.6,45.43,0.14,3.97,21.62,0.89,168.36,62.23,726.98,13-Jan-2020 - 00:00,"Collector Office, Yadgir - KSPCB"
13-Jan-2020 - 00:00,56.4,90.43,26.0,6.64,18.11,5.96,19.19,,41.65,0.19,4.33,21.52,0.74,144.36,57.62,724.99,14-Jan-2020 - 00:00,"Collector Office, Yadgir - KSPCB"
14-Jan-2020 - 00:00,48.88,81.81,22.73,7.97,17.57,6.08,19.76,0.84,44.11,0.18,3.83,21.45,1.03,147.49,55.14,724.57,15-Jan-2020 - 00:00,"Collector Office, Yadgir - KSPCB"
15-Jan-2020 - 00:00,40.08,57.83,6.54,3.3,5.09,3.49,19.55,,55.82,0.12,3.86,22.21,2.07,171.71,52.36,725.21,16-Jan-2020 - 00:00,"Collector Office, Yadgir - KSPCB"
16-Jan-2020 - 00:00,34.95,54.04,11.34,3.79,8.05,4.21,16.72,0.84,42.88,0.15,3.98,21.45,1.75,171.67,60.95,725.27,17-Jan-2020 - 00:00,"Collector Office, Yadgir - KSPCB"
17-Jan-2020 - 00:00,34.58,58.9,15.56,4.72,10.89,4.85,17.4,1.0,39.64,0.14,3.9,22.09,1.52,158.9,61.28,725.58,18-Jan-2020 - 00:00,"Collector Office, Yadgir - KSPCB"
18-Jan-2020 - 00:00,33.41,61.09,13.17,3.9,8.95,4.44,18.5,0.96,36.28,0.13,3.69,22.88,1.35,161.0,61.67,725.67,19-Jan-2020 - 00:00,"Collector Office, Yadgir - KSPCB"
19-Jan-2020 - 00:00,30.28,54.94,14.77,4.61,10.59,4.71,15.45,,28.9,0.1,3.72,23.92,1.47,172.03,61.17,726.22,20-Jan-2020 - 00:00,"Collector Office, Yadgir - KSPCB"
20-Jan-2020 - 00:00,36.93,67.56,19.34,7.0,14.98,5.75,18.43,1.02,28.54,0.14,3.77,23.14,1.2,175.42,63.16,726.91,21-Jan-2020 - 00:00,"Collector Office, Yadgir - KSPCB"
21-Jan-2020 - 00:00,31.43,58.57,10.05,3.97,7.48,4.13,17.01,0.93,50.98,0.12,3.92,24.0,2.27,178.48,53.33,727.78,22-Jan-2020 - 00:00,"Collector Office, Yadgir - KSPCB"
22-Jan-2020 - 00:00,31.68,52.68,8.11,3.08,5.81,3.7,18.15,0.86,48.19,0.13,3.85,23.2,2.22,164.97,54.61,728.92,23-Jan-2020 - 00:00,"Collector Office, Yadgir - KSPCB"
23-Jan-2020 - 00:00,37.51,62.62,12.49,3.92,8.71,4.35,18.38,0.96,44.61,0.15,3.78,23.03,1.49,166.32,58.47,727.98,24-Jan-2020 - 00:00,"Collector Office, Yadgir - KSPCB"
24-Jan-2020 - 00:00,37.99,68.52,17.41,6.18,13.21,5.34,17.62,0.95,34.76,0.17,3.71,22.75,0.95,144.21,54.81,727.28,25-Jan-2020 - 00:00,"Collector Office, Yadgir - KSPCB"
25-Jan-2020 - 00:00,43.61,76.64,21.22,5.88,15.0,5.61,18.15,1.12,34.8,0.17,3.56,22.84,0.84,148.2,55.94,726.94,26-Jan-2020 - 00:00,"Collector Office, Yadgir - KSPCB"
26-Jan-2020 - 00:00,53.11,92.79,24.49,9.66,19.71,6.42,17.6,1.03,45.49,0.16,3.89,23.87,1.03,185.1,54.41,725.74,27-Jan-2020 - 00:00,"Collector Office, Yadgir - KSPCB"
27-Jan-2020 - 00:00,48.44,85.35,20.13,4.09,13.0,5.39,17.06,0.82,51.06,0.19,3.94,24.57,1.28,189.45,51.91,724.41,28-Jan-2020 - 00:00,"Collector Office, Yadgir - KSPCB"
28-Jan-2020 - 00:00,52.49,91.29,26.91,5.49,17.74,6.31,17.54,0.93,37.34,0.18,3.62,24.33,0.91,195.77,54.65,724.82,29-Jan-2020 - 00:00,"Collector Office, Yadgir - KSPCB"
29-Jan-2020 - 00:00,41.56,71.06,19.61,4.52,13.1,5.42,18.54,0.84,32.79,0.13,3.55,24.24,0.89,201.66,51.31,726.39,30-Jan-2020 - 00:00,"Collector Office, Yadgir - KSPCB"
30-Jan-2020 - 00:00,45.43,85.01,21.2,5.88,15.04,5.43,16.76,0.93,42.75,0.18,4.44,23.87,0.86,177.38,52.94,725.75,31-Jan-2020 - 00:00,"Collector Office, Yadgir - KSPCB"
31-Jan-2020 - 00:00,68.66,114.28,23.54,7.55,17.55,6.25,19.66,0.98,44.87,0.2,4.35,23.77,1.08,173.6,58.98,724.12,01-Feb-2020 - 00:00,"Collector Office, Yadgir - KSPCB"
01-Feb-2020 - 00:00,49.07,81.2,9.06,3.34,6.46,3.89,17.15,1.31,50.97,0.19,5.11,22.52,2.06,186.57,60.64,724.67,02-Feb-2020 - 00:00,"Collector Office, Yadgir - KSPCB"
02-Feb-2020 - 00:00,42.12,68.85,8.73,3.3,6.29,3.77,19.97,0.99,46.48,0.13,4.99,,2.13,179.33,59.25,727.07,03-Feb-2020 - 00:00,"Collector Office, Yadgir - KSPCB"
03-Feb-2020 - 00:00,37.22,58.0,9.47,3.58,6.89,3.95,20.08,1.03,37.25,0.14,3.68,27.45,2.01,197.55,59.52,727.98,04-Feb-2020 - 00:00,"Collector Office, Yadgir - KSPCB"
04-Feb-2020 - 00:00,,,,,,,,,,,,,,,,,05-Feb-2020 - 00:00,"Collector Office, Yadgir - KSPCB"
05-Feb-2020 - 00:00,,,,,,,,,,,,,,,,,06-Feb-2020 - 00:00,"Collector Office, Yadgir - KSPCB"
06-Feb-2020 - 00:00,,,,,,,,,,,,,,,,,07-Feb-2020 - 00:00,"Collector Office, Yadgir - KSPCB"
07-Feb-2020 - 00:00,,,,,,,,,,,,,,,,,08-Feb-2020 - 00:00,"Collector Office, Yadgir - KSPCB"
08-Feb-2020 - 00:00,,,,,,,,,,,,,,,,,09-Feb-2020 - 00:00,"Collector Office, Yadgir - KSPCB"
09-Feb-2020 - 00:00,,,,,,,,,,,,,,,,,10-Feb-2020 - 00:00,"Collector Office, Yadgir - KSPCB"
10-Feb-2020 - 00:00,,,,,,,,,,,,,,,,,11-Feb-2020 - 00:00,"Collector Office, Yadgir - KSPCB"
11-Feb-2020 - 00:00,28.0,48.0,6.2,4.8,6.3,4.5,19.1,,64.29,,,,,,,,12-Feb-2020 - 00:00,"Collector Office, Yadgir - KSPCB"
12-Feb-2020 - 00:00,,,,,,,,,,,,,,,,,13-Feb-2020 - 00:00,"Collector Office, Yadgir - KSPCB"
13-Feb-2020 - 00:00,,,,,,,,,,,,,,,,,14-Feb-2020 - 00:00,"Collector Office, Yadgir - KSPCB"
14-Feb-2020 - 00:00,,,,,,,,,,,,,,,,,15-Feb-2020 - 00:00,"Collector Office, Yadgir - KSPCB"
15-Feb-2020 - 00:00,,,,,,,,,,,,,,,,,16-Feb-2020 - 00:00,"Collector Office, Yadgir - KSPCB"
16-Feb-2020 - 00:00,,,,,,,,,,,,,,,,,17-Feb-2020 - 00:00,"Collector Office, Yadgir - KSPCB"
17-Feb-2020 - 00:00,40.64,93.57,21.61,2.64,13.44,5.21,21.96,0.78,57.2,0.27,3.28,28.54,1.28,143.79,36.18,775.25,18-Feb-2020 - 00:00,"Collector Office, Yadgir - KSPCB"
18-Feb-2020 - 00:00,32.23,70.0,18.28,4.63,13.08,5.12,20.4,0.82,60.84,0.22,2.82,27.03,1.06,138.7,33.76,774.89,19-Feb-2020 - 00:00,"Collector Office, Yadgir - KSPCB"
19-Feb-2020 - 00:00,34.36,72.43,20.78,5.61,15.38,5.31,19.47,0.78,57.17,0.21,2.78,26.22,1.1,127.74,35.78,774.53,20-Feb-2020 - 00:00,"Collector Office, Yadgir - KSPCB"
20-Feb-2020 - 00:00,33.75,68.69,13.08,4.71,10.57,4.37,20.86,0.84,62.16,0.16,2.82,27.07,1.16,128.03,37.21,774.48,21-Feb-2020 - 00:00,"Collector Office, Yadgir - KSPCB"
21-Feb-2020 - 00:00,27.94,53.42,5.64,2.32,4.55,3.3,20.67,0.79,57.63,0.13,3.03,26.59,1.37,128.78,35.0,775.83,22-Feb-2020 - 00:00,"Collector Office, Yadgir - KSPCB"
22-Feb-2020 - 00:00,18.18,45.93,7.74,2.55,5.87,3.69,20.96,0.69,49.32,0.16,2.76,26.7,1.27,128.43,32.78,776.29,23-Feb-2020 - 00:00,"Collector Office, Yadgir - KSPCB"
23-Feb-2020 - 00:00,17.53,41.79,8.23,2.27,6.06,3.55,20.01,0.69,48.69,0.12,2.59,26.87,1.18,127.79,35.64,775.58,24-Feb-2020 - 00:00,"Collector Office, Yadgir - KSPCB"
24-Feb-2020 - 00:00,29.94,57.98,11.51,2.31,7.82,4.23,20.53,0.79,58.02,0.13,2.76,27.58,1.19,128.07,37.75,773.65,25-Feb-2020 - 00:00,"Collector Office, Yadgir - KSPCB"
25-Feb-2020 - 00:00,35.24,75.04,16.16,3.13,10.93,5.0,20.1,0.78,56.13,0.21,3.28,28.26,1.58,130.04,35.22,772.68,26-Feb-2020 - 00:00,"Collector Office, Yadgir - KSPCB"
26-Feb-2020 - 00:00,38.16,73.93,8.07,2.34,5.84,3.86,20.66,0.84,61.94,0.23,2.88,28.44,1.21,128.76,35.38,773.4,27-Feb-2020 - 00:00,"Collector Office, Yadgir - KSPCB"
27-Feb-2020 - 00:00,43.39,83.58,15.92,2.65,10.39,4.8,20.94,0.8,57.82,0.23,3.08,28.06,1.29,128.71,33.71,773.89,28-Feb-2020 - 00:00,"Collector Office, Yadgir - KSPCB"
28-Feb-2020 - 00:00,37.93,77.19,16.41,3.06,10.48,4.48,21.77,0.79,58.02,0.17,2.96,27.73,1.4,128.6,37.02,772.93,29-Feb-2020 - 00:00,"Collector Office, Yadgir - KSPCB"
29-Feb-2020 - 00:00,41.95,77.04,18.85,3.1,12.37,4.98,19.91,0.73,52.19,0.16,2.93,27.48,1.34,129.0,40.27,772.73,01-Mar-2020 - 00:00,"Collector Office, Yadgir - KSPCB"
01-Mar-2020 - 00:00,35.19,71.25,12.06,2.52,8.28,4.03,19.38,0.7,50.37,0.14,2.67,28.09,1.45,128.78,43.0,772.83,02-Mar-2020 - 00:00,"Collector Office, Yadgir - KSPCB"
02-Mar-2020 - 00:00,38.92,63.1,27.64,6.53,19.66,6.42,19.59,0.48,33.35,0.25,4.12,28.11,2.12,132.36,37.67,773.21,03-Mar-2020 - 00:00,"Collector Office, Yadgir - KSPCB"
03-Mar-2020 - 00:00,43.03,74.0,31.6,8.48,23.55,6.79,20.66,0.32,20.07,0.19,2.62,28.19,1.27,128.16,42.17,772.9,04-Mar-2020 - 00:00,"Collector Office, Yadgir - KSPCB"
04-Mar-2020 - 00:00,25.78,52.58,24.01,5.96,17.49,5.66,19.74,0.37,24.67,0.14,2.53,28.85,1.22,128.07,34.8,772.46,05-Mar-2020 - 00:00,"Collector Office, Yadgir - KSPCB"
05-Mar-2020 - 00:00,36.93,84.47,27.21,5.44,18.72,6.11,21.32,0.52,35.04,0.17,2.56,27.22,1.14,127.92,30.47,771.8,06-Mar-2020 - 00:00,"Collector Office, Yadgir - KSPCB"
06-Mar-2020 - 00:00,30.19,74.35,21.47,5.96,16.24,5.28,21.81,0.43,26.97,0.17,2.75,27.42,1.33,128.68,37.21,772.29,07-Mar-2020 - 00:00,"Collector Office, Yadgir - KSPCB"
07-Mar-2020 - 00:00,26.3,75.68,18.27,4.35,13.19,4.97,21.45,0.44,28.09,0.15,2.59,28.64,1.36,128.6,34.74,773.46,08-Mar-2020 - 00:00,"Collector Office, Yadgir - KSPCB"
08-Mar-2020 - 00:00,29.28,52.55,7.76,2.31,5.77,3.46,21.04,0.61,42.5,0.14,2.8,29.44,1.63,130.08,42.69,773.07,09-Mar-2020 - 00:00,"Collector Office, Yadgir - KSPCB"
09-Mar-2020 - 00:00,34.62,59.39,12.68,2.43,8.45,4.12,18.73,0.48,31.6,0.21,3.75,29.6,2.05,131.94,41.83,772.18,10-Mar-2020 - 00:00,"Collector Office, Yadgir - KSPCB"
10-Mar-2020 - 00:00,33.84,54.64,15.31,2.69,10.24,4.23,20.79,0.35,22.08,0.12,2.28,29.84,1.32,129.15,46.15,772.01,11-Mar-2020 - 00:00,"Collector Office, Yadgir - KSPCB"
11-Mar-2020 - 00:00,28.08,59.66,20.32,5.12,14.8,5.19,23.05,0.34,21.4,0.14,2.44,30.1,1.43,129.33,40.73,772.56,12-Mar-2020 - 00:00,"Collector Office, Yadgir - KSPCB"
12-Mar-2020 - 00:00,22.29,52.22,20.72,3.84,14.12,5.2,21.3,0.33,24.0,0.14,2.51,30.38,1.53,129.6,38.12,773.32,13-Mar-2020 - 00:00,"Collector Office, Yadgir - KSPCB"
13-Mar-2020 - 00:00,23.75,55.2,19.68,4.16,13.69,4.99,20.54,0.45,34.15,0.15,2.51,30.78,1.36,128.99,40.17,773.36,14-Mar-2020 - 00:00,"Collector Office, Yadgir - KSPCB"
14-Mar-2020 - 00:00,27.46,58.49,19.13,4.26,13.53,5.03,22.11,0.46,29.77,0.15,2.56,30.35,1.28,128.79,39.39,772.82,15-Mar-2020 - 00:00,"Collector Office, Yadgir - KSPCB"
15-Mar-2020 - 00:00,26.19,53.34,11.6,2.76,8.18,3.94,21.93,0.56,37.73,0.13,2.33,30.13,1.25,128.64,39.39,772.84,16-Mar-2020 - 00:00,"Collector Office, Yadgir - KSPCB"
16-Mar-2020 - 00:00,19.82,42.73,9.7,2.59,7.09,3.59,21.7,0.52,34.71,0.13,2.41,29.51,1.23,128.84,39.1,773.9,17-Mar-2020 - 00:00,"Collector Office, Yadgir - KSPCB"
17-Mar-2020 - 00:00,20.19,42.33,9.3,3.16,7.36,3.74,24.87,0.51,33.54,0.11,2.26,29.72,1.34,128.83,41.27,774.39,18-Mar-2020 - 00:00,"Collector Office, Yadgir - KSPCB"
18-Mar-2020 - 00:00,20.69,54.83,17.17,3.3,11.4,4.69,22.01,0.66,47.01,0.21,3.31,34.4,1.76,131.04,29.62,772.94,19-Mar-2020 - 00:00,"Collector Office, Yadgir - KSPCB"
19-Mar-2020 - 00:00,25.69,54.9,20.12,3.51,13.53,4.74,20.94,0.65,46.64,0.22,2.51,30.41,1.53,130.16,37.18,772.98,20-Mar-2020 - 00:00,"Collector Office, Yadgir - KSPCB"
20-Mar-2020 - 00:00,25.5,49.45,18.02,4.05,12.5,4.63,18.08,0.74,53.44,0.17,2.48,30.86,1.33,129.06,35.11,772.46,21-Mar-2020 - 00:00,"Collector Office, Yadgir - KSPCB"
21-Mar-2020 - 00:00,25.4,70.57,19.36,4.5,13.58,4.96,20.39,0.55,36.68,0.16,2.36,30.07,1.29,128.91,28.35,772.57,22-Mar-2020 - 00:00,"Collector Office, Yadgir - KSPCB"
22-Mar-2020 - 00:00,25.36,60.99,11.72,4.97,9.91,4.37,18.69,0.69,51.28,0.19,2.36,29.7,1.2,128.74,32.61,772.55,23-Mar-2020 - 00:00,"Collector Office, Yadgir - KSPCB"
23-Mar-2020 - 00:00,32.64,64.52,15.78,4.28,11.39,4.28,21.93,0.64,44.6,0.17,2.47,30.78,1.2,128.81,39.14,772.22,24-Mar-2020 - 00:00,"Collector Office, Yadgir - KSPCB"
24-Mar-2020 - 00:00,31.01,59.23,5.59,2.24,4.48,3.46,18.45,0.5,33.47,0.14,2.36,31.77,1.28,129.11,40.59,771.35,25-Mar-2020 - 00:00,"Collector Office, Yadgir - KSPCB"
25-Mar-2020 - 00:00,24.89,48.46,5.85,2.5,4.66,3.37,20.03,0.49,32.37,0.13,2.35,31.6,1.33,128.99,37.66,771.42,26-Mar-2020 - 00:00,"Collector Office, Yadgir - KSPCB"
26-Mar-2020 - 00:00,22.91,49.09,4.06,2.11,3.46,3.29,20.2,0.49,31.81,0.17,2.91,31.71,1.8,131.22,34.33,772.23,27-Mar-2020 - 00:00,"Collector Office, Yadgir - KSPCB"
27-Mar-2020 - 00:00,29.7,59.17,7.53,2.08,5.23,3.43,19.91,0.48,31.16,0.15,2.58,31.36,1.45,129.71,33.56,773.34,28-Mar-2020 - 00:00,"Collector Office, Yadgir - KSPCB"
28-Mar-2020 - 00:00,33.84,60.95,8.58,2.55,6.25,3.8,18.79,0.47,29.96,0.19,2.53,31.16,1.34,129.34,31.39,772.72,29-Mar-2020 - 00:00,"Collector Office, Yadgir - KSPCB"
29-Mar-2020 - 00:00,36.12,65.19,7.04,2.27,5.1,3.52,21.29,0.46,29.41,0.19,2.42,32.2,1.32,129.28,31.59,771.76,30-Mar-2020 - 00:00,"Collector Office, Yadgir - KSPCB"
30-Mar-2020 - 00:00,38.5,63.83,7.51,1.87,5.11,3.51,18.59,0.37,21.71,0.18,2.41,32.16,1.31,129.2,33.86,772.32,31-Mar-2020 - 00:00,"Collector Office, Yadgir - KSPCB"
31-Mar-2020 - 00:00,31.79,56.59,6.94,2.3,5.28,3.13,20.91,,,0.17,2.37,32.28,1.29,129.14,33.75,,01-Apr-2020 - 00:00,"Collector Office, Yadgir - KSPCB"
01-Apr-2020 - 00:00,37.81,65.73,11.67,2.45,7.81,4.02,24.25,,,0.2,2.69,32.17,1.42,129.65,34.48,,02-Apr-2020 - 00:00,"Collector Office, Yadgir - KSPCB"
02-Apr-2020 - 00:00,41.84,71.67,7.17,2.38,5.19,3.68,21.2,0.25,9.6,0.24,2.52,33.34,1.57,130.26,34.36,770.71,03-Apr-2020 - 00:00,"Collector Office, Yadgir - KSPCB"
03-Apr-2020 - 00:00,38.02,67.04,5.14,2.19,4.21,3.19,18.72,0.1,0.55,0.19,2.52,33.83,1.49,130.0,34.96,771.36,04-Apr-2020 - 00:00,"Collector Office, Yadgir - KSPCB"
04-Apr-2020 - 00:00,35.1,62.15,4.33,2.31,3.63,3.32,15.96,0.1,0.13,0.15,2.47,32.48,1.35,129.32,35.75,772.34,05-Apr-2020 - 00:00,"Collector Office, Yadgir - KSPCB"
05-Apr-2020 - 00:00,34.06,60.76,5.57,2.11,4.5,3.37,17.99,0.1,0.41,0.15,2.51,32.4,1.32,129.22,37.86,772.72,06-Apr-2020 - 00:00,"Collector Office, Yadgir - KSPCB"
06-Apr-2020 - 00:00,30.65,54.85,5.45,2.37,4.23,3.41,18.09,0.1,0.2,0.18,2.37,32.5,1.35,129.25,39.77,772.85,07-Apr-2020 - 00:00,"Collector Office, Yadgir - KSPCB"
07-Apr-2020 - 00:00,22.8,36.23,7.39,2.21,5.48,3.54,18.58,0.1,0.18,0.16,2.64,30.07,1.56,130.24,41.92,772.22,08-Apr-2020 - 00:00,"Collector Office, Yadgir - KSPCB"
08-Apr-2020 - 00:00,15.29,20.5,10.18,2.11,6.56,3.81,17.21,0.1,,0.15,4.08,23.44,1.19,127.79,49.56,773.35,09-Apr-2020 - 00:00,"Collector Office, Yadgir - KSPCB"
09-Apr-2020 - 00:00,,,,,,,,,,,,,,,,,10-Apr-2020 - 00:00,"Collector Office, Yadgir - KSPCB"
10-Apr-2020 - 00:00,24.33,48.71,9.64,2.1,6.23,4.34,25.04,0.12,5.45,0.23,3.06,32.07,1.8,131.19,36.88,773.04,11-Apr-2020 - 00:00,"Collector Office, Yadgir - KSPCB"
11-Apr-2020 - 00:00,19.58,34.1,8.33,2.05,5.69,3.55,19.54,0.1,0.1,0.15,2.43,31.55,1.47,129.4,37.14,773.83,12-Apr-2020 - 00:00,"Collector Office, Yadgir - KSPCB"
12-Apr-2020 - 00:00,24.89,44.7,8.18,2.14,5.68,3.63,20.24,0.1,0.16,0.17,2.48,32.21,1.54,130.2,35.47,772.99,13-Apr-2020 - 00:00,"Collector Office, Yadgir - KSPCB"
13-Apr-2020 - 00:00,32.18,62.89,8.03,2.44,5.85,3.74,20.79,0.1,18.69,0.22,2.51,32.79,1.39,129.45,33.33,772.02,14-Apr-2020 - 00:00,"Collector Office, Yadgir - KSPCB"
14-Apr-2020 - 00:00,36.12,73.32,8.6,2.27,6.12,3.81,21.05,0.1,19.03,0.34,4.11,33.03,1.43,129.59,29.79,772.08,15-Apr-2020 - 00:00,"Collector Office, Yadgir - KSPCB"
15-Apr-2020 - 00:00,35.67,71.01,8.62,2.17,6.0,3.65,18.92,0.1,18.89,0.25,4.53,33.0,1.51,130.06,30.53,772.79,16-Apr-2020 - 00:00,"Collector Office, Yadgir - KSPCB"
16-Apr-2020 - 00:00,35.1,71.28,7.15,2.24,5.16,3.75,20.43,0.1,18.94,0.26,4.21,33.07,1.4,129.65,34.01,771.57,17-Apr-2020 - 00:00,"Collector Office, Yadgir - KSPCB"
17-Apr-2020 - 00:00,31.85,62.77,7.46,2.04,5.32,3.6,19.77,0.1,18.93,0.29,4.92,32.84,1.85,131.39,36.21,771.19,18-Apr-2020 - 00:00,"Collector Office, Yadgir - KSPCB"
18-Apr-2020 - 00:00,32.36,53.64,8.95,2.7,6.66,4.24,20.75,0.1,18.84,0.26,5.23,32.12,2.27,133.16,39.38,771.84,19-Apr-2020 - 00:00,"Collector Office, Yadgir - KSPCB"
19-Apr-2020 - 00:00,,,,,,,,,,,,,,,,,20-Apr-2020 - 00:00,"Collector Office, Yadgir - KSPCB"
20-Apr-2020 - 00:00,,,,,,,,,,,,,,,,,21-Apr-2020 - 00:00,"Collector Office, Yadgir - KSPCB"
21-Apr-2020 - 00:00,,,,,,,,,,,,,,,,,22-Apr-2020 - 00:00,"Collector Office, Yadgir - KSPCB"
22-Apr-2020 - 00:00,,,,,,,,,,,,,,,,,23-Apr-2020 - 00:00,"Collector Office, Yadgir - KSPCB"
23-Apr-2020 - 00:00,30.64,75.82,15.27,2.04,9.48,4.71,21.4,0.1,19.05,0.31,4.81,37.5,2.02,132.11,30.68,768.97,24-Apr-2020 - 00:00,"Collector Office, Yadgir - KSPCB"
24-Apr-2020 - 00:00,30.23,73.91,10.92,2.61,7.61,4.11,19.26,0.1,18.96,0.24,4.25,35.16,1.59,130.38,34.11,769.68,25-Apr-2020 - 00:00,"Collector Office, Yadgir - KSPCB"
25-Apr-2020 - 00:00,23.71,51.29,7.55,3.15,6.44,4.06,20.53,0.1,18.98,0.19,4.61,34.59,1.85,131.42,36.12,770.14,26-Apr-2020 - 00:00,"Collector Office, Yadgir - KSPCB"
26-Apr-2020 - 00:00,22.41,58.96,10.65,2.82,7.69,4.32,19.8,0.1,18.92,0.24,4.29,34.22,1.7,130.76,30.08,770.67,27-Apr-2020 - 00:00,"Collector Office, Yadgir - KSPCB"
27-Apr-2020 - 00:00,24.2,64.76,11.67,2.76,8.08,4.29,23.75,0.1,18.98,0.21,4.18,33.6,1.69,130.74,31.27,771.31,28-Apr-2020 - 00:00,"Collector Office, Yadgir - KSPCB"
28-Apr-2020 - 00:00,22.41,45.77,8.1,2.07,5.63,3.82,19.75,0.1,18.86,0.2,3.56,30.98,1.85,131.37,44.25,772.0,29-Apr-2020 - 00:00,"Collector Office, Yadgir - KSPCB"
29-Apr-2020 - 00:00,,,,,,,,,,,,,,,,,30-Apr-2020 - 00:00,"Collector Office, Yadgir - KSPCB"
30-Apr-2020 - 00:00,,,,,,,,,,,,,,,,,01-May-2020 - 00:00,"Collector Office, Yadgir - KSPCB"
01-May-2020 - 00:00,21.89,50.85,8.67,3.13,6.77,5.02,13.94,0.11,19.41,0.38,8.39,36.46,3.38,137.56,29.3,770.38,02-May-2020 - 00:00,"Collector Office, Yadgir - KSPCB"
02-May-2020 - 00:00,26.84,50.56,7.57,2.47,5.72,3.76,20.78,0.1,18.94,0.2,3.84,31.99,1.81,131.26,41.08,770.22,03-May-2020 - 00:00,"Collector Office, Yadgir - KSPCB"
03-May-2020 - 00:00,26.77,55.95,13.53,2.95,9.39,4.71,19.97,0.1,18.9,0.24,4.12,33.14,1.95,131.78,40.95,769.96,04-May-2020 - 00:00,"Collector Office, Yadgir - KSPCB"
04-May-2020 - 00:00,33.45,73.34,13.45,2.72,9.24,4.48,19.56,0.1,18.9,0.24,3.94,34.68,2.0,131.93,38.68,770.49,05-May-2020 - 00:00,"Collector Office, Yadgir - KSPCB"
05-May-2020 - 00:00,28.67,66.83,9.67,2.48,7.0,4.09,20.99,0.1,19.02,0.22,3.87,35.87,1.9,131.64,35.59,769.94,06-May-2020 - 00:00,"Collector Office, Yadgir - KSPCB"
06-May-2020 - 00:00,24.8,59.51,6.53,2.4,5.2,4.07,20.93,0.1,18.96,0.22,3.44,35.0,2.33,133.31,38.6,769.73,07-May-2020 - 00:00,"Collector Office, Yadgir - KSPCB"
07-May-2020 - 00:00,28.53,59.41,9.2,2.51,6.59,3.89,20.63,0.1,18.86,0.2,2.91,33.36,2.14,132.61,41.86,770.24,08-May-2020 - 00:00,"Collector Office, Yadgir - KSPCB"
08-May-2020 - 00:00,,,,,,,,,,,,,,,,,09-May-2020 - 00:00,"Collector Office, Yadgir - KSPCB"
09-May-2020 - 00:00,,,,,,,,,,,,,,,,,10-May-2020 - 00:00,"Collector Office, Yadgir - KSPCB"
10-May-2020 - 00:00,,,,,,,,,,,,,,,,,11-May-2020 - 00:00,"Collector Office, Yadgir - KSPCB"
11-May-2020 - 00:00,20.38,,11.98,0.57,6.47,3.75,19.65,0.11,19.15,0.12,2.83,28.06,2.22,133.0,34.0,772.0,12-May-2020 - 00:00,"Collector Office, Yadgir - KSPCB"
12-May-2020 - 00:00,21.48,52.22,10.78,2.57,7.58,3.8,20.61,0.1,18.96,0.12,1.89,32.41,1.28,128.31,36.53,770.61,13-May-2020 - 00:00,"Collector Office, Yadgir - KSPCB"
13-May-2020 - 00:00,20.28,50.92,8.5,2.28,6.17,3.75,18.99,0.1,18.9,0.13,2.27,33.94,1.47,129.7,36.18,769.98,14-May-2020 - 00:00,"Collector Office, Yadgir - KSPCB"
14-May-2020 - 00:00,20.16,45.35,8.66,2.64,6.46,3.74,19.48,0.1,18.94,0.16,2.09,33.66,1.68,130.38,39.39,769.6,15-May-2020 - 00:00,"Collector Office, Yadgir - KSPCB"
15-May-2020 - 00:00,19.54,31.9,9.4,2.74,6.85,3.59,19.82,0.1,18.97,0.12,2.18,32.52,1.49,129.97,43.86,769.5,16-May-2020 - 00:00,"Collector Office, Yadgir - KSPCB"
16-May-2020 - 00:00,15.56,26.82,9.08,2.7,6.75,3.8,18.92,0.1,18.92,0.12,2.56,31.69,1.88,131.45,43.28,769.23,17-May-2020 - 00:00,"Collector Office, Yadgir - KSPCB"
17-May-2020 - 00:00,12.69,22.5,14.51,2.57,9.26,4.06,17.82,0.1,18.58,0.12,2.42,26.92,1.85,131.42,54.58,768.65,18-May-2020 - 00:00,"Collector Office, Yadgir - KSPCB"
18-May-2020 - 00:00,,,,,,,,,,,,,,,,,19-May-2020 - 00:00,"Collector Office, Yadgir - KSPCB"
19-May-2020 - 00:00,,,,,,,,,,,,,,,,,20-May-2020 - 00:00,"Collector Office, Yadgir - KSPCB"
20-May-2020 - 00:00,,,,,,,,,,,,,,,,,21-May-2020 - 00:00,"Collector Office, Yadgir - KSPCB"
21-May-2020 - 00:00,,,,,,,,,,,,,,,,,22-May-2020 - 00:00,"Collector Office, Yadgir - KSPCB"
22-May-2020 - 00:00,23.86,76.58,16.06,3.12,10.7,4.58,20.25,0.1,18.88,0.2,2.4,37.88,1.68,130.64,32.03,768.36,23-May-2020 - 00:00,"Collector Office, Yadgir - KSPCB"
23-May-2020 - 00:00,25.29,85.12,12.07,3.31,8.8,4.28,21.95,0.1,18.91,0.19,2.81,36.83,2.15,132.6,30.23,768.29,24-May-2020 - 00:00,"Collector Office, Yadgir - KSPCB"
24-May-2020 - 00:00,31.85,89.28,9.81,2.35,6.99,3.98,20.47,0.1,19.03,0.21,2.37,36.47,1.75,131.04,34.05,768.89,25-May-2020 - 00:00,"Collector Office, Yadgir - KSPCB"
25-May-2020 - 00:00,24.93,70.6,6.41,2.58,5.16,3.74,22.22,0.1,18.88,0.16,2.4,36.2,2.05,132.15,39.95,769.5,26-May-2020 - 00:00,"Collector Office, Yadgir - KSPCB"
26-May-2020 - 00:00,,,,,,,,,,,,,,,,,27-May-2020 - 00:00,"Collector Office, Yadgir - KSPCB"
27-May-2020 - 00:00,,,,,,,,,,,,,,,,,28-May-2020 - 00:00,"Collector Office, Yadgir - KSPCB"
28-May-2020 - 00:00,,,,,,,,,,,,,,,,,29-May-2020 - 00:00,"Collector Office, Yadgir - KSPCB"
29-May-2020 - 00:00,19.7,57.05,11.07,9.54,8.64,4.13,21.57,0.11,19.07,0.15,2.52,39.43,2.2,132.88,33.05,767.65,30-May-2020 - 00:00,"Collector Office, Yadgir - KSPCB"
30-May-2020 - 00:00,14.7,36.89,15.74,9.71,11.21,5.17,17.37,0.1,18.92,0.15,3.29,31.7,2.66,134.67,39.08,770.44,31-May-2020 - 00:00,"Collector Office, Yadgir - KSPCB"
31-May-2020 - 00:00,15.36,29.18,13.47,8.69,9.23,4.36,19.22,0.1,18.97,0.11,1.84,32.0,1.56,130.25,47.26,770.4,01-Jun-2020 - 00:00,"Collector Office, Yadgir - KSPCB"
01-Jun-2020 - 00:00,17.87,30.04,11.81,8.99,8.6,4.23,16.86,0.1,18.85,0.11,2.18,29.62,2.17,132.31,48.79,771.72,02-Jun-2020 - 00:00,"Collector Office, Yadgir - KSPCB"
02-Jun-2020 - 00:00,5.4,6.88,10.08,8.97,7.71,5.11,11.12,0.13,18.77,0.16,4.56,23.25,4.88,143.56,36.39,772.25,03-Jun-2020 - 00:00,"Collector Office, Yadgir - KSPCB"
03-Jun-2020 - 00:00,7.88,17.75,6.88,10.05,6.8,4.22,20.82,0.11,19.3,0.03,1.29,30.62,1.42,129.62,49.25,770.0,04-Jun-2020 - 00:00,"Collector Office, Yadgir - KSPCB"
04-Jun-2020 - 00:00,,,,,,,,,,,,,,,,,05-Jun-2020 - 00:00,"Collector Office, Yadgir - KSPCB"
05-Jun-2020 - 00:00,,,,,,,,,,,,,,,,,06-Jun-2020 - 00:00,"Collector Office, Yadgir - KSPCB"
06-Jun-2020 - 00:00,,,,,,,,,,,,,,,,,07-Jun-2020 - 00:00,"Collector Office, Yadgir - KSPCB"
07-Jun-2020 - 00:00,,,,,,,,,,,,,,,,,08-Jun-2020 - 00:00,"Collector Office, Yadgir - KSPCB"
08-Jun-2020 - 00:00,,,,,,,,,,,,,,,,,09-Jun-2020 - 00:00,"Collector Office, Yadgir - KSPCB"
09-Jun-2020 - 00:00,15.24,43.88,14.37,10.97,11.56,4.59,18.34,0.1,18.87,0.09,1.85,35.06,1.44,129.75,38.76,,10-Jun-2020 - 00:00,"Collector Office, Yadgir - KSPCB"
10-Jun-2020 - 00:00,14.78,32.75,7.64,9.66,6.91,3.52,18.32,0.1,18.85,0.1,1.52,29.8,1.41,129.39,49.9,767.25,11-Jun-2020 - 00:00,"Collector Office, Yadgir - KSPCB"
11-Jun-2020 - 00:00,12.65,20.6,8.4,9.85,7.47,3.61,16.65,0.1,18.91,0.08,1.29,27.45,0.93,127.66,57.68,766.99,12-Jun-2020 - 00:00,"Collector Office, Yadgir - KSPCB"
12-Jun-2020 - 00:00,11.37,20.14,7.06,10.68,7.44,3.58,16.02,0.1,18.99,0.06,1.14,27.84,0.86,127.46,57.5,766.24,13-Jun-2020 - 00:00,"Collector Office, Yadgir - KSPCB"
13-Jun-2020 - 00:00,,27.0,8.7,10.18,7.95,3.32,10.97,0.15,23.0,,,32.8,,122.5,74.5,765.0,14-Jun-2020 - 00:00,"Collector Office, Yadgir - KSPCB"
14-Jun-2020 - 00:00,,,,,,,,,,,,,,,,,15-Jun-2020 - 00:00,"Collector Office, Yadgir - KSPCB"
15-Jun-2020 - 00:00,,,,,,,,,,,,,,,,,16-Jun-2020 - 00:00,"Collector Office, Yadgir - KSPCB"
16-Jun-2020 - 00:00,,,,,,,,,,,,,,,,,17-Jun-2020 - 00:00,"Collector Office, Yadgir - KSPCB"
17-Jun-2020 - 00:00,,,8.13,,7.78,3.98,,0.11,19.36,,,22.11,1.78,129.89,38.38,768.14,18-Jun-2020 - 00:00,"Collector Office, Yadgir - KSPCB"
18-Jun-2020 - 00:00,,,6.76,17.95,8.6,3.81,,0.1,18.85,,,18.93,0.83,125.0,,768.74,19-Jun-2020 - 00:00,"Collector Office, Yadgir - KSPCB"
19-Jun-2020 - 00:00,15.3,38.82,9.55,9.47,9.78,3.33,11.24,0.56,18.79,0.62,1.47,22.48,2.29,125.1,75.44,769.26,20-Jun-2020 - 00:00,"Collector Office, Yadgir - KSPCB"
20-Jun-2020 - 00:00,17.16,51.47,8.16,8.17,7.98,2.93,9.31,0.62,12.13,0.51,1.21,22.99,2.24,125.03,76.09,769.23,21-Jun-2020 - 00:00,"Collector Office, Yadgir - KSPCB"
21-Jun-2020 - 00:00,16.21,48.62,6.54,7.3,6.41,2.54,8.0,0.62,12.08,0.41,0.97,23.11,2.38,125.5,76.25,768.53,22-Jun-2020 - 00:00,"Collector Office, Yadgir - KSPCB"
22-Jun-2020 - 00:00,13.51,40.53,7.99,7.43,7.29,2.84,8.2,0.62,12.12,0.46,1.1,22.96,2.15,124.6,72.79,767.46,23-Jun-2020 - 00:00,"Collector Office, Yadgir - KSPCB"
23-Jun-2020 - 00:00,17.85,53.55,9.85,5.62,6.81,2.68,6.8,0.6,22.47,0.44,1.03,23.52,2.11,124.4,66.85,768.02,24-Jun-2020 - 00:00,"Collector Office, Yadgir - KSPCB"
24-Jun-2020 - 00:00,81.96,59.22,14.23,7.14,10.39,4.77,10.38,0.33,48.83,0.66,1.57,25.95,3.56,170.2,59.33,769.36,25-Jun-2020 - 00:00,"Collector Office, Yadgir - KSPCB"
25-Jun-2020 - 00:00,13.26,39.78,8.75,7.32,7.58,2.53,10.65,0.14,52.86,0.49,1.14,23.53,2.59,134.32,46.25,768.12,26-Jun-2020 - 00:00,"Collector Office, Yadgir - KSPCB"
26-Jun-2020 - 00:00,15.65,46.94,9.61,6.5,7.11,2.44,9.15,0.15,50.29,0.45,1.08,22.62,1.05,33.12,36.98,767.96,27-Jun-2020 - 00:00,"Collector Office, Yadgir - KSPCB"
27-Jun-2020 - 00:00,11.88,35.62,15.57,6.64,7.69,2.76,7.02,0.45,29.01,0.49,1.16,25.22,0.97,175.26,64.9,767.58,28-Jun-2020 - 00:00,"Collector Office, Yadgir - KSPCB"
28-Jun-2020 - 00:00,12.74,38.23,14.5,6.64,7.11,3.04,7.15,0.4,24.66,0.45,1.07,21.06,1.12,174.2,61.91,768.69,29-Jun-2020 - 00:00,"Collector Office, Yadgir - KSPCB"
29-Jun-2020 - 00:00,13.48,40.43,13.82,6.49,6.63,2.47,6.8,0.4,24.78,0.42,1.01,21.94,1.07,173.48,61.35,767.81,30-Jun-2020 - 00:00,"Collector Office, Yadgir - KSPCB"
30-Jun-2020 - 00:00,33.08,48.93,16.95,8.48,9.9,3.3,15.25,0.38,22.98,0.63,1.49,21.85,1.41,135.0,55.35,767.39,01-Jul-2020 - 00:00,"Collector Office, Yadgir - KSPCB"
01-Jul-2020 - 00:00,8.98,26.93,16.27,8.71,9.72,3.17,21.93,0.36,19.08,0.62,1.46,26.63,1.61,188.06,58.39,768.04,02-Jul-2020 - 00:00,"Collector Office, Yadgir - KSPCB"
02-Jul-2020 - 00:00,8.99,26.97,15.02,6.89,7.41,2.97,21.67,0.36,20.79,0.47,1.12,29.09,1.38,271.28,61.13,767.34,03-Jul-2020 - 00:00,"Collector Office, Yadgir - KSPCB"
03-Jul-2020 - 00:00,23.5,26.39,13.37,5.29,5.36,2.52,19.74,0.37,22.06,0.35,0.81,28.53,1.62,304.06,61.44,767.12,04-Jul-2020 - 00:00,"Collector Office, Yadgir - KSPCB"
04-Jul-2020 - 00:00,10.61,31.82,14.91,5.02,5.92,2.66,21.96,0.4,24.09,0.38,0.89,27.04,1.54,301.4,62.79,766.77,05-Jul-2020 - 00:00,"Collector Office, Yadgir - KSPCB"
05-Jul-2020 - 00:00,7.2,21.59,13.74,5.48,5.44,3.14,18.37,0.35,19.47,0.35,0.83,26.02,1.42,306.27,64.81,767.3,06-Jul-2020 - 00:00,"Collector Office, Yadgir - KSPCB"
06-Jul-2020 - 00:00,21.88,65.65,19.44,4.99,8.5,3.64,27.33,0.65,49.33,0.54,1.28,29.44,1.26,314.53,57.53,766.72,07-Jul-2020 - 00:00,"Collector Office, Yadgir - KSPCB"
07-Jul-2020 - 00:00,12.2,36.61,13.8,5.31,5.65,2.5,19.14,0.43,29.16,0.36,0.86,28.26,2.62,280.28,60.28,767.5,08-Jul-2020 - 00:00,"Collector Office, Yadgir - KSPCB"
08-Jul-2020 - 00:00,,,,,,,,,,,,,,,,,09-Jul-2020 - 00:00,"Collector Office, Yadgir - KSPCB"
09-Jul-2020 - 00:00,,,,,,,,,,,,,,,,,10-Jul-2020 - 00:00,"Collector Office, Yadgir - KSPCB"
10-Jul-2020 - 00:00,,,,,,,,,,,,,,,,,11-Jul-2020 - 00:00,"Collector Office, Yadgir - KSPCB"
11-Jul-2020 - 00:00,,,,,,,,,,,,,,,,,12-Jul-2020 - 00:00,"Collector Office, Yadgir - KSPCB"
12-Jul-2020 - 00:00,,,,,,,,,,,,,,,,,13-Jul-2020 - 00:00,"Collector Office, Yadgir - KSPCB"
13-Jul-2020 - 00:00,,,,,,,,,,,,,,,,,14-Jul-2020 - 00:00,"Collector Office, Yadgir - KSPCB"
14-Jul-2020 - 00:00,,,,,,,,,,,,,,,,,15-Jul-2020 - 00:00,"Collector Office, Yadgir - KSPCB"
15-Jul-2020 - 00:00,,,,,,,,,,,,,,,,,16-Jul-2020 - 00:00,"Collector Office, Yadgir - KSPCB"
16-Jul-2020 - 00:00,,,,,,,,,,,,,,,,,17-Jul-2020 - 00:00,"Collector Office, Yadgir - KSPCB"
17-Jul-2020 - 00:00,,,,,,,,,,,,,,,,,18-Jul-2020 - 00:00,"Collector Office, Yadgir - KSPCB"
18-Jul-2020 - 00:00,,,,,,,,,,,,,,,,,19-Jul-2020 - 00:00,"Collector Office, Yadgir - KSPCB"
19-Jul-2020 - 00:00,,,,,,,,,,,,,,,,,20-Jul-2020 - 00:00,"Collector Office, Yadgir - KSPCB"
20-Jul-2020 - 00:00,,,,,,,,,,,,,,,,,21-Jul-2020 - 00:00,"Collector Office, Yadgir - KSPCB"
21-Jul-2020 - 00:00,,,,,,,,,,,,,,,,,22-Jul-2020 - 00:00,"Collector Office, Yadgir - KSPCB"
22-Jul-2020 - 00:00,,,,,,,,,,,,,,,,,23-Jul-2020 - 00:00,"Collector Office, Yadgir - KSPCB"
23-Jul-2020 - 00:00,,,,,,,,,,,,,,,,,24-Jul-2020 - 00:00,"Collector Office, Yadgir - KSPCB"
24-Jul-2020 - 00:00,,,,,,,,,,,,,,,,,25-Jul-2020 - 00:00,"Collector Office, Yadgir - KSPCB"
25-Jul-2020 - 00:00,,,,,,,,,,,,,,,,,26-Jul-2020 - 00:00,"Collector Office, Yadgir - KSPCB"
26-Jul-2020 - 00:00,,,,,,,,,,,,,,,,,27-Jul-2020 - 00:00,"Collector Office, Yadgir - KSPCB"
27-Jul-2020 - 00:00,,,,,,,,,,,,,,,,,28-Jul-2020 - 00:00,"Collector Office, Yadgir - KSPCB"
28-Jul-2020 - 00:00,,,,,,,,,,,,,,,,,29-Jul-2020 - 00:00,"Collector Office, Yadgir - KSPCB"
29-Jul-2020 - 00:00,,,,,,,,,,,,,,,,,30-Jul-2020 - 00:00,"Collector Office, Yadgir - KSPCB"
30-Jul-2020 - 00:00,,,,,,,,,,,,,,,,,31-Jul-2020 - 00:00,"Collector Office, Yadgir - KSPCB"
31-Jul-2020 - 00:00,,,,,,,,,,,,,,,,,01-Aug-2020 - 00:00,"Collector Office, Yadgir - KSPCB"
01-Aug-2020 - 00:00,,,,,,,,,,,,,,,,,02-Aug-2020 - 00:00,"Collector Office, Yadgir - KSPCB"
02-Aug-2020 - 00:00,,,,,,,,,,,,,,,,,03-Aug-2020 - 00:00,"Collector Office, Yadgir - KSPCB"
03-Aug-2020 - 00:00,,,,,,,,,,,,,,,,,04-Aug-2020 - 00:00,"Collector Office, Yadgir - KSPCB"
04-Aug-2020 - 00:00,,,,,,,,,,,,,,,,,05-Aug-2020 - 00:00,"Collector Office, Yadgir - KSPCB"
05-Aug-2020 - 00:00,,,,,,,,,,,,,,,,,06-Aug-2020 - 00:00,"Collector Office, Yadgir - KSPCB"
06-Aug-2020 - 00:00,,,,,,,,,,,,,,,,,07-Aug-2020 - 00:00,"Collector Office, Yadgir - KSPCB"
07-Aug-2020 - 00:00,,,,,,,,,,,,,,,,,08-Aug-2020 - 00:00,"Collector Office, Yadgir - KSPCB"
08-Aug-2020 - 00:00,,,,,,,,,,,,,,,,,09-Aug-2020 - 00:00,"Collector Office, Yadgir - KSPCB"
09-Aug-2020 - 00:00,,,,,,,,,,,,,,,,,10-Aug-2020 - 00:00,"Collector Office, Yadgir - KSPCB"
10-Aug-2020 - 00:00,,,,,,,,,,,,,,,,,11-Aug-2020 - 00:00,"Collector Office, Yadgir - KSPCB"
11-Aug-2020 - 00:00,,,,,,,,,,,,,,,,,12-Aug-2020 - 00:00,"Collector Office, Yadgir - KSPCB"
12-Aug-2020 - 00:00,,,,,,,,,,,,,,,,,13-Aug-2020 - 00:00,"Collector Office, Yadgir - KSPCB"
13-Aug-2020 - 00:00,,,,,,,,,,,,,,,,,14-Aug-2020 - 00:00,"Collector Office, Yadgir - KSPCB"
14-Aug-2020 - 00:00,,,,,,,,,,,,,,,,,15-Aug-2020 - 00:00,"Collector Office, Yadgir - KSPCB"
15-Aug-2020 - 00:00,,,,,,,,,,,,,,,,,16-Aug-2020 - 00:00,"Collector Office, Yadgir - KSPCB"
16-Aug-2020 - 00:00,,,,,,,,,,,,,,,,,17-Aug-2020 - 00:00,"Collector Office, Yadgir - KSPCB"
17-Aug-2020 - 00:00,,,,,,,,,,,,,,,,,18-Aug-2020 - 00:00,"Collector Office, Yadgir - KSPCB"
18-Aug-2020 - 00:00,,,,,,,,,,,,,,,,,19-Aug-2020 - 00:00,"Collector Office, Yadgir - KSPCB"
19-Aug-2020 - 00:00,,,,,,,,,,,,,,,,,20-Aug-2020 - 00:00,"Collector Office, Yadgir - KSPCB"
20-Aug-2020 - 00:00,,,,,,,,,,,,,,,,,21-Aug-2020 - 00:00,"Collector Office, Yadgir - KSPCB"
21-Aug-2020 - 00:00,,,,,,,,,,,,,,,,,22-Aug-2020 - 00:00,"Collector Office, Yadgir - KSPCB"
22-Aug-2020 - 00:00,,,,,,,,,,,,,,,,,23-Aug-2020 - 00:00,"Collector Office, Yadgir - KSPCB"
23-Aug-2020 - 00:00,,,,,,,,,,,,,,,,,24-Aug-2020 - 00:00,"Collector Office, Yadgir - KSPCB"
24-Aug-2020 - 00:00,,,,,,,,,,,,,,,,,25-Aug-2020 - 00:00,"Collector Office, Yadgir - KSPCB"
25-Aug-2020 - 00:00,,,,,,,,,,,,,,,,,26-Aug-2020 - 00:00,"Collector Office, Yadgir - KSPCB"
26-Aug-2020 - 00:00,,,,,,,,,,,,,,,,,27-Aug-2020 - 00:00,"Collector Office, Yadgir - KSPCB"
27-Aug-2020 - 00:00,,,,,,,,,,,,,,,,,28-Aug-2020 - 00:00,"Collector Office, Yadgir - KSPCB"
28-Aug-2020 - 00:00,,,,,,,,,,,,,,,,,29-Aug-2020 - 00:00,"Collector Office, Yadgir - KSPCB"
29-Aug-2020 - 00:00,,,,,,,,,,,,,,,,,30-Aug-2020 - 00:00,"Collector Office, Yadgir - KSPCB"
30-Aug-2020 - 00:00,,,,,,,,,,,,,,,,,31-Aug-2020 - 00:00,"Collector Office, Yadgir - KSPCB"
31-Aug-2020 - 00:00,,,,,,,,,,,,,,,,,01-Sep-2020 - 00:00,"Collector Office, Yadgir - KSPCB"
01-Sep-2020 - 00:00,,,,,,,,,,,,,,,,,02-Sep-2020 - 00:00,"Collector Office, Yadgir - KSPCB"
02-Sep-2020 - 00:00,,,,,,,,,,,,,,,,,03-Sep-2020 - 00:00,"Collector Office, Yadgir - KSPCB"
03-Sep-2020 - 00:00,,,,,,,,,,,,,,,,,04-Sep-2020 - 00:00,"Collector Office, Yadgir - KSPCB"
04-Sep-2020 - 00:00,,,,,,,,,,,,,,,,,05-Sep-2020 - 00:00,"Collector Office, Yadgir - KSPCB"
05-Sep-2020 - 00:00,,,,,,,,,,,,,,,,,06-Sep-2020 - 00:00,"Collector Office, Yadgir - KSPCB"
06-Sep-2020 - 00:00,,,,,,,,,,,,,,,,,07-Sep-2020 - 00:00,"Collector Office, Yadgir - KSPCB"
07-Sep-2020 - 00:00,,,,,,,,,,,,,,,,,08-Sep-2020 - 00:00,"Collector Office, Yadgir - KSPCB"
08-Sep-2020 - 00:00,,,,,,,,,,,,,,,,,09-Sep-2020 - 00:00,"Collector Office, Yadgir - KSPCB"
09-Sep-2020 - 00:00,,,,,,,,,,,,,,,,,10-Sep-2020 - 00:00,"Collector Office, Yadgir - KSPCB"
10-Sep-2020 - 00:00,,,,,,,,,,,,,,,,,11-Sep-2020 - 00:00,"Collector Office, Yadgir - KSPCB"
11-Sep-2020 - 00:00,,,,,,,,,,,,,,,,,12-Sep-2020 - 00:00,"Collector Office, Yadgir - KSPCB"
12-Sep-2020 - 00:00,,,,,,,,,,,,,,,,,13-Sep-2020 - 00:00,"Collector Office, Yadgir - KSPCB"
13-Sep-2020 - 00:00,,,,,,,,,,,,,,,,,14-Sep-2020 - 00:00,"Collector Office, Yadgir - KSPCB"
14-Sep-2020 - 00:00,,,,,,,,,,,,,,,,,15-Sep-2020 - 00:00,"Collector Office, Yadgir - KSPCB"
15-Sep-2020 - 00:00,,,,,,,,,,,,,,,,,16-Sep-2020 - 00:00,"Collector Office, Yadgir - KSPCB"
16-Sep-2020 - 00:00,,,,,,,,,,,,,,,,,17-Sep-2020 - 00:00,"Collector Office, Yadgir - KSPCB"
17-Sep-2020 - 00:00,,,,,,,,,,,,,,,,,18-Sep-2020 - 00:00,"Collector Office, Yadgir - KSPCB"
18-Sep-2020 - 00:00,,,,,,,,,,,,,,,,,19-Sep-2020 - 00:00,"Collector Office, Yadgir - KSPCB"
19-Sep-2020 - 00:00,,,,,,,,,,,,,,,,,20-Sep-2020 - 00:00,"Collector Office, Yadgir - KSPCB"
20-Sep-2020 - 00:00,,,,,,,,,,,,,,,,,21-Sep-2020 - 00:00,"Collector Office, Yadgir - KSPCB"
21-Sep-2020 - 00:00,,,,,,,,,,,,,,,,,22-Sep-2020 - 00:00,"Collector Office, Yadgir - KSPCB"
22-Sep-2020 - 00:00,,,,,,,,,,,,,,,,,23-Sep-2020 - 00:00,"Collector Office, Yadgir - KSPCB"
23-Sep-2020 - 00:00,,,,,,,,,,,,,,,,,24-Sep-2020 - 00:00,"Collector Office, Yadgir - KSPCB"
24-Sep-2020 - 00:00,,,,,,,,,,,,,,,,,25-Sep-2020 - 00:00,"Collector Office, Yadgir - KSPCB"
25-Sep-2020 - 00:00,,,,,,,,,,,,,,,,,26-Sep-2020 - 00:00,"Collector Office, Yadgir - KSPCB"
26-Sep-2020 - 00:00,,,,,,,,,,,,,,,,,27-Sep-2020 - 00:00,"Collector Office, Yadgir - KSPCB"
27-Sep-2020 - 00:00,,,,,,,,,,,,,,,,,28-Sep-2020 - 00:00,"Collector Office, Yadgir - KSPCB"
28-Sep-2020 - 00:00,,,,,,,,,,,,,,,,,29-Sep-2020 - 00:00,"Collector Office, Yadgir - KSPCB"
29-Sep-2020 - 00:00,,,,,,,,,,,,,,,,,30-Sep-2020 - 00:00,"Collector Office, Yadgir - KSPCB"
30-Sep-2020 - 00:00,,,,,,,,,,,,,,,,,01-Oct-2020 - 00:00,"Collector Office, Yadgir - KSPCB"
01-Oct-2020 - 00:00,,,,,,,,,,,,,,,,,02-Oct-2020 - 00:00,"Collector Office, Yadgir - KSPCB"
02-Oct-2020 - 00:00,,,,,,,,,,,,,,,,,03-Oct-2020 - 00:00,"Collector Office, Yadgir - KSPCB"
03-Oct-2020 - 00:00,,,,,,,,,,,,,,,,,04-Oct-2020 - 00:00,"Collector Office, Yadgir - KSPCB"
04-Oct-2020 - 00:00,,,,,,,,,,,,,,,,,05-Oct-2020 - 00:00,"Collector Office, Yadgir - KSPCB"
05-Oct-2020 - 00:00,,,,,,,,,,,,,,,,,06-Oct-2020 - 00:00,"Collector Office, Yadgir - KSPCB"
06-Oct-2020 - 00:00,,,,,,,,,,,,,,,,,07-Oct-2020 - 00:00,"Collector Office, Yadgir - KSPCB"
07-Oct-2020 - 00:00,,,,,,,,,,,,,,,,,08-Oct-2020 - 00:00,"Collector Office, Yadgir - KSPCB"
08-Oct-2020 - 00:00,,,,,,,,,,,,,,,,,09-Oct-2020 - 00:00,"Collector Office, Yadgir - KSPCB"
09-Oct-2020 - 00:00,,,,,,,,,,,,,,,,,10-Oct-2020 - 00:00,"Collector Office, Yadgir - KSPCB"
10-Oct-2020 - 00:00,23.8,40.64,20.6,,9.26,4.57,,0.44,28.78,0.59,1.4,30.69,1.35,48.39,60.76,769.83,11-Oct-2020 - 00:00,"Collector Office, Yadgir - KSPCB"
11-Oct-2020 - 00:00,6.5,14.19,15.38,4.95,6.22,3.5,5.33,0.39,19.72,0.21,0.78,24.38,0.96,61.01,72.76,769.42,12-Oct-2020 - 00:00,"Collector Office, Yadgir - KSPCB"
12-Oct-2020 - 00:00,7.62,17.26,17.43,4.24,7.28,4.36,9.7,0.36,11.06,0.29,0.63,25.1,0.87,46.02,71.77,767.97,13-Oct-2020 - 00:00,"Collector Office, Yadgir - KSPCB"
13-Oct-2020 - 00:00,16.23,35.71,19.65,5.38,8.92,3.56,5.29,0.46,17.47,0.11,1.09,26.18,1.67,63.94,69.63,766.0,14-Oct-2020 - 00:00,"Collector Office, Yadgir - KSPCB"
14-Oct-2020 - 00:00,5.89,13.43,12.07,5.16,4.64,2.49,1.32,0.4,17.19,0.28,0.81,23.53,4.55,80.6,74.67,764.66,15-Oct-2020 - 00:00,"Collector Office, Yadgir - KSPCB"
15-Oct-2020 - 00:00,12.15,25.97,14.76,6.13,6.09,2.84,1.4,0.4,19.15,0.11,0.82,25.09,3.46,85.18,69.39,767.8,16-Oct-2020 - 00:00,"Collector Office, Yadgir - KSPCB"
16-Oct-2020 - 00:00,19.56,48.46,13.82,3.4,5.47,2.63,0.8,0.35,16.94,0.15,0.6,26.36,1.66,82.76,63.31,768.88,17-Oct-2020 - 00:00,"Collector Office, Yadgir - KSPCB"
17-Oct-2020 - 00:00,22.82,75.83,25.32,,11.89,4.68,,0.46,12.99,0.16,1.11,28.38,0.44,50.2,62.9,769.83,18-Oct-2020 - 00:00,"Collector Office, Yadgir - KSPCB"
18-Oct-2020 - 00:00,19.12,49.84,18.74,,8.34,3.05,,0.33,16.19,0.09,0.5,28.3,0.78,61.83,62.18,770.38,19-Oct-2020 - 00:00,"Collector Office, Yadgir - KSPCB"
19-Oct-2020 - 00:00,12.16,29.78,19.34,,8.29,3.5,,0.33,14.72,0.08,0.48,26.43,0.9,49.34,67.43,770.65,20-Oct-2020 - 00:00,"Collector Office, Yadgir - KSPCB"
20-Oct-2020 - 00:00,16.73,36.83,20.67,,8.99,3.38,,0.34,14.78,0.08,0.55,25.93,0.9,61.09,68.41,770.24,21-Oct-2020 - 00:00,"Collector Office, Yadgir - KSPCB"
21-Oct-2020 - 00:00,29.57,46.18,20.0,,9.02,3.12,,0.34,17.08,0.07,0.5,25.81,0.96,68.04,70.88,770.71,22-Oct-2020 - 00:00,"Collector Office, Yadgir - KSPCB"
22-Oct-2020 - 00:00,45.63,75.78,24.43,,10.99,3.64,,0.35,16.38,0.1,0.56,27.35,0.57,68.58,64.74,770.0,23-Oct-2020 - 00:00,"Collector Office, Yadgir - KSPCB"
23-Oct-2020 - 00:00,51.88,83.94,19.19,,8.59,3.37,,0.33,17.33,0.11,0.5,27.7,0.68,54.21,60.71,770.07,24-Oct-2020 - 00:00,"Collector Office, Yadgir - KSPCB"
24-Oct-2020 - 00:00,33.54,72.83,18.58,,8.04,3.02,,0.33,19.74,0.16,0.46,27.4,0.79,47.26,60.17,771.4,25-Oct-2020 - 00:00,"Collector Office, Yadgir - KSPCB"
25-Oct-2020 - 00:00,36.85,69.82,17.11,,7.34,2.91,,0.33,11.34,0.11,0.47,28.02,0.96,53.48,58.91,772.67,26-Oct-2020 - 00:00,"Collector Office, Yadgir - KSPCB"
26-Oct-2020 - 00:00,42.2,72.23,12.73,,5.06,2.39,,0.31,11.67,0.12,0.39,27.76,1.02,45.8,59.0,773.39,27-Oct-2020 - 00:00,"Collector Office, Yadgir - KSPCB"
27-Oct-2020 - 00:00,43.73,87.42,20.32,,9.12,3.4,,0.38,5.84,0.18,0.68,27.44,1.1,55.33,54.92,773.02,28-Oct-2020 - 00:00,"Collector Office, Yadgir - KSPCB"
28-Oct-2020 - 00:00,34.76,64.85,16.58,,7.1,2.86,,0.42,8.05,0.34,0.93,26.68,1.25,45.99,53.2,773.49,29-Oct-2020 - 00:00,"Collector Office, Yadgir - KSPCB"
29-Oct-2020 - 00:00,41.52,78.49,20.87,,9.32,3.47,,0.33,3.61,0.14,0.49,26.31,0.97,48.11,53.07,773.55,30-Oct-2020 - 00:00,"Collector Office, Yadgir - KSPCB"
30-Oct-2020 - 00:00,50.61,92.14,17.7,5.54,7.73,3.05,6.71,0.34,59.25,0.17,0.53,27.81,0.96,41.33,52.14,773.22,31-Oct-2020 - 00:00,"Collector Office, Yadgir - KSPCB"
31-Oct-2020 - 00:00,63.67,108.75,17.51,5.4,7.63,3.12,2.42,0.34,77.8,0.49,0.51,27.33,1.0,52.62,52.64,773.32,01-Nov-2020 - 00:00,"Collector Office, Yadgir - KSPCB"
01-Nov-2020 - 00:00,55.53,104.41,18.88,5.05,8.14,3.36,1.13,0.37,90.89,0.18,0.66,26.21,1.03,57.24,52.0,773.68,02-Nov-2020 - 00:00,"Collector Office, Yadgir - KSPCB"
02-Nov-2020 - 00:00,52.73,102.92,21.17,5.46,9.64,3.47,1.83,0.72,88.78,0.22,0.88,26.21,1.04,45.17,49.61,774.27,03-Nov-2020 - 00:00,"Collector Office, Yadgir - KSPCB"
03-Nov-2020 - 00:00,61.57,109.75,15.46,5.44,6.65,2.99,2.2,0.08,91.15,0.22,1.05,27.45,1.48,57.6,52.06,774.4,04-Nov-2020 - 00:00,"Collector Office, Yadgir - KSPCB"
04-Nov-2020 - 00:00,49.08,93.75,19.39,5.35,8.67,3.41,2.1,0.22,87.7,0.2,0.81,26.67,1.11,52.02,46.4,774.34,05-Nov-2020 - 00:00,"Collector Office, Yadgir - KSPCB"
05-Nov-2020 - 00:00,39.73,84.64,26.39,5.21,12.12,4.52,1.94,0.23,71.29,0.13,0.67,24.67,1.02,52.84,50.23,774.55,06-Nov-2020 - 00:00,"Collector Office, Yadgir - KSPCB"
06-Nov-2020 - 00:00,44.79,100.11,19.44,5.46,8.78,3.49,1.93,0.21,78.64,0.18,0.78,25.15,1.36,61.45,52.66,775.43,07-Nov-2020 - 00:00,"Collector Office, Yadgir - KSPCB"
07-Nov-2020 - 00:00,51.18,87.39,13.56,5.45,5.64,2.83,2.02,0.23,68.44,0.15,0.7,27.43,1.82,55.76,57.05,775.77,08-Nov-2020 - 00:00,"Collector Office, Yadgir - KSPCB"
08-Nov-2020 - 00:00,54.91,94.45,14.78,5.05,5.96,2.9,1.45,0.23,87.38,0.12,0.57,26.47,1.52,46.91,51.2,776.1,09-Nov-2020 - 00:00,"Collector Office, Yadgir - KSPCB"
09-Nov-2020 - 00:00,49.2,89.64,26.46,5.01,12.09,4.46,3.34,0.21,87.2,0.34,0.94,23.82,1.1,60.96,44.8,775.49,10-Nov-2020 - 00:00,"Collector Office, Yadgir - KSPCB"
10-Nov-2020 - 00:00,69.19,120.97,27.55,5.7,13.57,4.56,1.94,0.2,89.68,0.38,1.25,21.73,1.47,49.52,48.05,774.32,11-Nov-2020 - 00:00,"Collector Office, Yadgir - KSPCB"
11-Nov-2020 - 00:00,,,,,,,,,,,,,,,,,12-Nov-2020 - 00:00,"Collector Office, Yadgir - KSPCB"
12-Nov-2020 - 00:00,24.5,25.96,13.24,4.7,4.85,2.22,13.65,0.45,44.4,0.19,0.88,29.43,3.58,77.35,51.12,765.08,13-Nov-2020 - 00:00,"Collector Office, Yadgir - KSPCB"
13-Nov-2020 - 00:00,,,,,,,,,,,,,,,,,14-Nov-2020 - 00:00,"Collector Office, Yadgir - KSPCB"
14-Nov-2020 - 00:00,,,,,,,,,,,,,,,,,15-Nov-2020 - 00:00,"Collector Office, Yadgir - KSPCB"
15-Nov-2020 - 00:00,,,,,,,,,,,,,,,,,16-Nov-2020 - 00:00,"Collector Office, Yadgir - KSPCB"
16-Nov-2020 - 00:00,,,,,,,,,,,,,,,,,17-Nov-2020 - 00:00,"Collector Office, Yadgir - KSPCB"
17-Nov-2020 - 00:00,,,,,,,,,,,,,,,,,18-Nov-2020 - 00:00,"Collector Office, Yadgir - KSPCB"
18-Nov-2020 - 00:00,,,,,,,,,,,,,,,,,19-Nov-2020 - 00:00,"Collector Office, Yadgir - KSPCB"
19-Nov-2020 - 00:00,7.39,24.0,17.43,4.62,7.14,2.46,11.41,0.18,50.3,0.07,0.56,29.51,3.5,77.27,48.25,725.11,20-Nov-2020 - 00:00,"Collector Office, Yadgir - KSPCB"
20-Nov-2020 - 00:00,12.6,44.56,22.45,4.51,9.42,3.21,11.17,0.11,49.39,0.16,0.71,27.86,2.22,79.86,44.28,726.19,21-Nov-2020 - 00:00,"Collector Office, Yadgir - KSPCB"
21-Nov-2020 - 00:00,24.23,69.69,36.04,5.75,17.24,5.07,11.25,0.3,58.99,0.14,0.78,29.18,1.12,56.42,42.96,725.93,22-Nov-2020 - 00:00,"Collector Office, Yadgir - KSPCB"
22-Nov-2020 - 00:00,21.3,55.99,25.19,5.26,11.57,3.71,11.07,0.21,55.35,0.13,0.47,26.13,1.09,65.06,52.45,726.61,23-Nov-2020 - 00:00,"Collector Office, Yadgir - KSPCB"
23-Nov-2020 - 00:00,39.43,78.96,23.14,5.55,10.59,3.93,11.09,0.24,48.98,0.13,0.58,25.96,1.51,55.31,56.07,726.66,24-Nov-2020 - 00:00,"Collector Office, Yadgir - KSPCB"
24-Nov-2020 - 00:00,36.17,70.57,17.33,4.8,7.1,3.28,10.87,0.22,74.17,0.17,0.45,24.48,1.37,43.76,49.9,726.3,25-Nov-2020 - 00:00,"Collector Office, Yadgir - KSPCB"
25-Nov-2020 - 00:00,34.12,65.92,18.87,5.41,8.42,3.62,10.89,0.25,61.67,0.16,0.41,24.28,1.97,57.88,52.21,725.34,26-Nov-2020 - 00:00,"Collector Office, Yadgir - KSPCB"
26-Nov-2020 - 00:00,16.97,38.14,12.02,4.99,4.47,2.3,10.94,0.34,54.48,0.09,0.37,25.17,2.26,59.68,56.3,724.93,27-Nov-2020 - 00:00,"Collector Office, Yadgir - KSPCB"
27-Nov-2020 - 00:00,30.47,49.23,18.54,5.24,8.13,3.5,11.56,0.34,44.55,0.1,0.53,22.0,1.81,51.04,66.68,726.52,28-Nov-2020 - 00:00,"Collector Office, Yadgir - KSPCB"
28-Nov-2020 - 00:00,19.79,30.99,15.49,5.24,6.51,3.29,11.02,0.34,44.6,0.1,0.37,22.36,2.83,62.06,66.0,727.03,29-Nov-2020 - 00:00,"Collector Office, Yadgir - KSPCB"
29-Nov-2020 - 00:00,21.09,52.23,17.33,5.22,7.46,3.25,11.5,0.34,42.35,0.1,0.35,24.78,2.07,60.55,62.08,727.55,30-Nov-2020 - 00:00,"Collector Office, Yadgir - KSPCB"
30-Nov-2020 - 00:00,23.93,80.17,18.66,4.85,7.88,3.4,10.83,0.34,48.17,0.11,0.3,24.93,1.51,53.96,58.97,727.43,01-Dec-2020 - 00:00,"Collector Office, Yadgir - KSPCB"
01-Dec-2020 - 00:00,27.0,61.0,24.3,7.75,13.2,5.05,11.1,0.35,44.11,0.1,0.4,22.7,0.6,30.5,63.0,728.0,02-Dec-2020 - 00:00,"Collector Office, Yadgir - KSPCB"
