from date,PM2.5,PM10,NO2,NO,NOx,NH3,SO2,CO,Benzene,Toluene,Xylene,Eth-Benzene,MP-Xylene,to date,station
01-Jan-2020 - 00:00,,,,,,,,,,,,,,02-Jan-2020 - 00:00,"Kacheripady, Ernakulam - Kerala PCB"
02-Jan-2020 - 00:00,,,,,,,,,,,,,,03-Jan-2020 - 00:00,"Kacheripady, Ernakulam - Kerala PCB"
03-Jan-2020 - 00:00,,,,,,,,,,,,,,04-Jan-2020 - 00:00,"Kacheripady, Ernakulam - Kerala PCB"
04-Jan-2020 - 00:00,,,,,,,,,,,,,,05-Jan-2020 - 00:00,"Kacheripady, Ernakulam - Kerala PCB"
05-Jan-2020 - 00:00,,,,,,,,,,,,,,06-Jan-2020 - 00:00,"Kacheripady, Ernakulam - Kerala PCB"
06-Jan-2020 - 00:00,,,,,,,,,,,,,,07-Jan-2020 - 00:00,"Kacheripady, Ernakulam - Kerala PCB"
07-Jan-2020 - 00:00,,,,,,,,,,,,,,08-Jan-2020 - 00:00,"Kacheripady, Ernakulam - Kerala PCB"
08-Jan-2020 - 00:00,,,,,,,,,,,,,,09-Jan-2020 - 00:00,"Kacheripady, Ernakulam - Kerala PCB"
09-Jan-2020 - 00:00,,,,,,,,,,,,,,10-Jan-2020 - 00:00,"Kacheripady, Ernakulam - Kerala PCB"
10-Jan-2020 - 00:00,,,,,,,,,,,,,,11-Jan-2020 - 00:00,"Kacheripady, Ernakulam - Kerala PCB"
11-Jan-2020 - 00:00,,,,,,,,,,,,,,12-Jan-2020 - 00:00,"Kacheripady, Ernakulam - Kerala PCB"
12-Jan-2020 - 00:00,,,,,,,,,,,,,,13-Jan-2020 - 00:00,"Kacheripady, Ernakulam - Kerala PCB"
13-Jan-2020 - 00:00,,,,,,,,,,,,,,14-Jan-2020 - 00:00,"Kacheripady, Ernakulam - Kerala PCB"
14-Jan-2020 - 00:00,,,,,,,,,,,,,,15-Jan-2020 - 00:00,"Kacheripady, Ernakulam - Kerala PCB"
15-Jan-2020 - 00:00,,,,,,,,,,,,,,16-Jan-2020 - 00:00,"Kacheripady, Ernakulam - Kerala PCB"
16-Jan-2020 - 00:00,,,,,,,,,,,,,,17-Jan-2020 - 00:00,"Kacheripady, Ernakulam - Kerala PCB"
17-Jan-2020 - 00:00,,,,,,,,,,,,,,18-Jan-2020 - 00:00,"Kacheripady, Ernakulam - Kerala PCB"
18-Jan-2020 - 00:00,,,,,,,,,,,,,,19-Jan-2020 - 00:00,"Kacheripady, Ernakulam - Kerala PCB"
19-Jan-2020 - 00:00,,,,,,,,,,,,,,20-Jan-2020 - 00:00,"Kacheripady, Ernakulam - Kerala PCB"
20-Jan-2020 - 00:00,,,,,,,,,,,,,,21-Jan-2020 - 00:00,"Kacheripady, Ernakulam - Kerala PCB"
21-Jan-2020 - 00:00,,,,,,,,,,,,,,22-Jan-2020 - 00:00,"Kacheripady, Ernakulam - Kerala PCB"
22-Jan-2020 - 00:00,36.99,79.32,7.76,127.54,135.31,101.78,3.34,1.92,0.65,1.11,0.16,0.09,0.64,23-Jan-2020 - 00:00,"Kacheripady, Ernakulam - Kerala PCB"
23-Jan-2020 - 00:00,,,,,,,,,,,,,,24-Jan-2020 - 00:00,"Kacheripady, Ernakulam - Kerala PCB"
24-Jan-2020 - 00:00,41.23,69.22,7.97,125.65,133.62,102.61,3.47,1.14,0.7,1.91,0.31,0.2,1.23,25-Jan-2020 - 00:00,"Kacheripady, Ernakulam - Kerala PCB"
25-Jan-2020 - 00:00,52.95,84.33,7.77,126.35,134.13,104.22,3.48,1.18,0.92,1.99,0.2,0.34,1.16,26-Jan-2020 - 00:00,"Kacheripady, Ernakulam - Kerala PCB"
26-Jan-2020 - 00:00,59.0,86.04,7.94,125.12,133.07,103.22,3.54,1.19,1.16,1.81,0.15,0.37,0.95,27-Jan-2020 - 00:00,"Kacheripady, Ernakulam - Kerala PCB"
27-Jan-2020 - 00:00,51.9,79.19,5.36,154.58,158.31,136.16,3.5,1.22,1.59,2.56,0.22,0.35,1.34,28-Jan-2020 - 00:00,"Kacheripady, Ernakulam - Kerala PCB"
28-Jan-2020 - 00:00,60.76,94.96,7.98,127.77,135.4,102.02,3.56,1.37,1.39,2.3,0.28,0.33,1.36,29-Jan-2020 - 00:00,"Kacheripady, Ernakulam - Kerala PCB"
29-Jan-2020 - 00:00,57.29,96.25,16.33,65.97,82.31,35.0,3.58,1.36,5.07,9.85,1.39,2.28,7.55,30-Jan-2020 - 00:00,"Kacheripady, Ernakulam - Kerala PCB"
30-Jan-2020 - 00:00,43.86,80.01,19.16,44.51,63.67,19.99,3.54,1.35,4.96,6.41,0.94,2.15,2.14,31-Jan-2020 - 00:00,"Kacheripady, Ernakulam - Kerala PCB"
31-Jan-2020 - 00:00,35.23,77.85,19.3,43.47,62.77,28.88,3.57,1.27,3.92,5.26,0.74,0.3,2.74,01-Feb-2020 - 00:00,"Kacheripady, Ernakulam - Kerala PCB"
01-Feb-2020 - 00:00,38.52,74.81,19.56,41.5,61.06,27.57,3.53,1.17,1.33,2.55,0.19,0.18,1.02,02-Feb-2020 - 00:00,"Kacheripady, Ernakulam - Kerala PCB"
02-Feb-2020 - 00:00,38.88,67.26,19.75,40.03,59.78,26.58,3.55,1.08,1.73,4.16,0.39,0.88,1.85,03-Feb-2020 - 00:00,"Kacheripady, Ernakulam - Kerala PCB"
03-Feb-2020 - 00:00,41.3,72.94,12.67,39.27,56.84,26.04,3.52,1.14,1.08,2.04,0.17,0.11,0.86,04-Feb-2020 - 00:00,"Kacheripady, Ernakulam - Kerala PCB"
04-Feb-2020 - 00:00,55.01,90.51,5.16,37.01,51.82,24.53,3.43,1.42,1.14,2.01,0.32,0.37,1.2,05-Feb-2020 - 00:00,"Kacheripady, Ernakulam - Kerala PCB"
05-Feb-2020 - 00:00,51.25,94.38,3.7,34.86,42.85,23.15,3.49,1.38,0.96,1.62,0.24,0.32,1.0,06-Feb-2020 - 00:00,"Kacheripady, Ernakulam - Kerala PCB"
06-Feb-2020 - 00:00,36.05,69.7,0.73,33.23,29.31,21.81,3.64,1.36,0.75,1.49,0.19,0.12,0.64,07-Feb-2020 - 00:00,"Kacheripady, Ernakulam - Kerala PCB"
07-Feb-2020 - 00:00,41.99,70.74,0.7,69.27,55.57,46.52,3.79,1.52,2.03,4.25,0.9,1.29,4.18,08-Feb-2020 - 00:00,"Kacheripady, Ernakulam - Kerala PCB"
08-Feb-2020 - 00:00,36.21,68.67,,88.04,69.35,59.11,3.56,1.3,2.4,3.41,0.39,0.28,1.64,09-Feb-2020 - 00:00,"Kacheripady, Ernakulam - Kerala PCB"
09-Feb-2020 - 00:00,36.38,65.12,,81.02,64.22,54.31,3.52,1.14,0.75,1.24,0.05,0.05,0.61,10-Feb-2020 - 00:00,"Kacheripady, Ernakulam - Kerala PCB"
10-Feb-2020 - 00:00,40.96,69.41,0.33,81.58,67.47,57.99,3.67,1.33,2.19,2.84,0.16,0.08,1.64,11-Feb-2020 - 00:00,"Kacheripady, Ernakulam - Kerala PCB"
11-Feb-2020 - 00:00,38.72,70.51,0.66,85.03,84.61,75.2,3.61,1.22,1.46,3.37,0.37,0.59,2.21,12-Feb-2020 - 00:00,"Kacheripady, Ernakulam - Kerala PCB"
12-Feb-2020 - 00:00,51.63,86.08,0.67,72.87,73.54,64.14,3.44,1.43,1.24,2.38,0.31,0.25,1.46,13-Feb-2020 - 00:00,"Kacheripady, Ernakulam - Kerala PCB"
13-Feb-2020 - 00:00,39.24,70.77,2.63,98.85,97.2,55.9,3.66,1.33,1.08,2.23,0.22,0.26,1.29,14-Feb-2020 - 00:00,"Kacheripady, Ernakulam - Kerala PCB"
14-Feb-2020 - 00:00,50.62,84.82,0.37,78.34,78.47,17.56,3.67,1.5,4.05,7.97,0.94,1.09,5.31,15-Feb-2020 - 00:00,"Kacheripady, Ernakulam - Kerala PCB"
15-Feb-2020 - 00:00,32.1,50.39,0.77,80.9,80.76,14.28,3.87,1.32,2.22,3.18,0.48,0.77,1.31,16-Feb-2020 - 00:00,"Kacheripady, Ernakulam - Kerala PCB"
16-Feb-2020 - 00:00,40.09,58.88,0.32,80.99,80.73,15.26,4.08,1.08,0.08,0.26,0.01,0.02,0.06,17-Feb-2020 - 00:00,"Kacheripady, Ernakulam - Kerala PCB"
17-Feb-2020 - 00:00,50.72,79.39,0.89,69.07,69.96,12.51,3.52,1.3,0.68,1.57,0.17,0.09,0.73,18-Feb-2020 - 00:00,"Kacheripady, Ernakulam - Kerala PCB"
18-Feb-2020 - 00:00,49.48,78.99,1.2,65.76,66.96,11.85,3.47,1.34,0.74,1.39,0.18,0.1,0.65,19-Feb-2020 - 00:00,"Kacheripady, Ernakulam - Kerala PCB"
19-Feb-2020 - 00:00,79.01,117.76,1.41,63.42,64.84,11.41,3.54,1.62,1.82,2.6,0.56,0.39,1.36,20-Feb-2020 - 00:00,"Kacheripady, Ernakulam - Kerala PCB"
20-Feb-2020 - 00:00,55.32,87.98,1.64,60.84,62.48,10.92,3.45,1.39,0.81,1.67,0.39,0.22,0.94,21-Feb-2020 - 00:00,"Kacheripady, Ernakulam - Kerala PCB"
21-Feb-2020 - 00:00,59.48,89.07,1.77,59.43,61.2,10.67,3.47,1.59,1.1,2.13,0.44,0.28,1.23,22-Feb-2020 - 00:00,"Kacheripady, Ernakulam - Kerala PCB"
22-Feb-2020 - 00:00,46.41,74.07,1.73,59.72,61.45,10.77,3.5,1.36,0.87,1.43,0.1,0.09,0.64,23-Feb-2020 - 00:00,"Kacheripady, Ernakulam - Kerala PCB"
23-Feb-2020 - 00:00,37.97,59.85,1.8,58.9,60.69,10.64,3.52,1.24,0.62,1.07,0.02,0.01,0.25,24-Feb-2020 - 00:00,"Kacheripady, Ernakulam - Kerala PCB"
24-Feb-2020 - 00:00,44.83,73.46,1.89,57.86,59.75,10.46,3.52,1.5,0.83,1.66,0.15,0.08,0.81,25-Feb-2020 - 00:00,"Kacheripady, Ernakulam - Kerala PCB"
25-Feb-2020 - 00:00,43.11,69.49,1.93,57.36,59.29,10.43,3.66,1.54,1.7,3.51,0.53,0.41,2.74,26-Feb-2020 - 00:00,"Kacheripady, Ernakulam - Kerala PCB"
26-Feb-2020 - 00:00,50.68,77.75,1.9,57.42,59.32,10.52,3.65,1.34,0.82,1.46,0.01,0.01,0.32,27-Feb-2020 - 00:00,"Kacheripady, Ernakulam - Kerala PCB"
27-Feb-2020 - 00:00,47.0,69.42,1.94,56.9,58.85,10.45,3.7,1.57,2.13,4.52,0.49,0.35,2.28,28-Feb-2020 - 00:00,"Kacheripady, Ernakulam - Kerala PCB"
28-Feb-2020 - 00:00,47.45,71.98,1.9,57.22,59.12,10.7,3.98,1.71,1.19,2.2,0.25,0.61,1.43,29-Feb-2020 - 00:00,"Kacheripady, Ernakulam - Kerala PCB"
29-Feb-2020 - 00:00,34.63,54.91,2.25,53.78,56.02,9.75,3.52,1.4,0.54,1.4,0.17,0.15,0.71,01-Mar-2020 - 00:00,"Kacheripady, Ernakulam - Kerala PCB"
01-Mar-2020 - 00:00,34.24,53.81,2.32,53.0,55.31,9.58,3.53,1.24,0.48,0.9,0.02,0.07,0.29,02-Mar-2020 - 00:00,"Kacheripady, Ernakulam - Kerala PCB"
02-Mar-2020 - 00:00,35.99,55.37,2.32,52.92,55.24,9.64,3.6,1.58,0.78,1.86,0.19,0.1,1.06,03-Mar-2020 - 00:00,"Kacheripady, Ernakulam - Kerala PCB"
03-Mar-2020 - 00:00,28.21,44.22,2.66,48.86,51.53,8.94,3.67,1.63,0.83,2.31,0.26,0.14,1.34,04-Mar-2020 - 00:00,"Kacheripady, Ernakulam - Kerala PCB"
04-Mar-2020 - 00:00,31.5,63.19,6.93,0.97,7.9,0.19,4.31,1.79,0.54,1.58,0.26,0.33,1.1,05-Mar-2020 - 00:00,"Kacheripady, Ernakulam - Kerala PCB"
05-Mar-2020 - 00:00,36.41,72.04,6.96,0.57,7.49,0.11,4.12,1.86,0.29,0.89,0.17,0.18,0.7,06-Mar-2020 - 00:00,"Kacheripady, Ernakulam - Kerala PCB"
06-Mar-2020 - 00:00,30.58,63.31,6.99,0.31,7.16,0.06,3.96,1.77,1.52,2.57,0.92,0.77,4.7,07-Mar-2020 - 00:00,"Kacheripady, Ernakulam - Kerala PCB"
07-Mar-2020 - 00:00,18.16,43.98,7.0,0.1,6.99,0.02,3.62,1.25,0.61,1.6,0.22,0.16,0.81,08-Mar-2020 - 00:00,"Kacheripady, Ernakulam - Kerala PCB"
08-Mar-2020 - 00:00,27.75,52.71,7.0,0.15,7.01,0.03,3.57,1.35,0.6,1.22,0.07,0.09,0.58,09-Mar-2020 - 00:00,"Kacheripady, Ernakulam - Kerala PCB"
09-Mar-2020 - 00:00,24.52,49.33,6.99,0.6,7.09,0.1,3.62,1.49,0.55,1.8,0.16,0.1,0.97,10-Mar-2020 - 00:00,"Kacheripady, Ernakulam - Kerala PCB"
10-Mar-2020 - 00:00,34.5,62.33,7.0,0.06,6.98,0.01,3.63,1.31,0.77,1.43,0.0,0.06,0.68,11-Mar-2020 - 00:00,"Kacheripady, Ernakulam - Kerala PCB"
11-Mar-2020 - 00:00,21.95,66.13,5.0,0.12,6.03,1.04,3.89,1.62,0.13,0.33,0.02,0.01,0.2,12-Mar-2020 - 00:00,"Kacheripady, Ernakulam - Kerala PCB"
12-Mar-2020 - 00:00,13.6,40.07,5.0,0.11,5.99,1.0,3.86,1.39,0.2,0.82,0.03,0.09,0.29,13-Mar-2020 - 00:00,"Kacheripady, Ernakulam - Kerala PCB"
13-Mar-2020 - 00:00,20.96,59.21,2.99,0.98,2.4,2.0,4.02,1.65,0.41,1.39,0.05,0.02,0.69,14-Mar-2020 - 00:00,"Kacheripady, Ernakulam - Kerala PCB"
14-Mar-2020 - 00:00,29.09,67.17,2.99,0.99,2.42,2.04,3.57,1.49,0.78,1.48,0.06,0.05,0.61,15-Mar-2020 - 00:00,"Kacheripady, Ernakulam - Kerala PCB"
15-Mar-2020 - 00:00,36.2,72.08,2.99,0.99,2.42,2.04,3.51,1.38,0.59,1.03,0.03,0.14,0.48,16-Mar-2020 - 00:00,"Kacheripady, Ernakulam - Kerala PCB"
16-Mar-2020 - 00:00,37.18,75.71,2.99,1.0,2.45,2.07,3.52,1.59,0.62,1.33,0.15,0.06,0.71,17-Mar-2020 - 00:00,"Kacheripady, Ernakulam - Kerala PCB"
17-Mar-2020 - 00:00,45.17,83.95,2.99,0.99,2.43,2.05,4.05,1.61,0.29,0.42,0.01,0.02,0.16,18-Mar-2020 - 00:00,"Kacheripady, Ernakulam - Kerala PCB"
18-Mar-2020 - 00:00,47.58,91.26,2.99,0.99,2.44,2.06,3.99,1.85,0.82,1.21,0.13,0.15,0.63,19-Mar-2020 - 00:00,"Kacheripady, Ernakulam - Kerala PCB"
19-Mar-2020 - 00:00,40.82,82.6,3.0,0.99,2.43,2.05,3.53,1.7,0.8,1.51,0.15,0.12,0.8,20-Mar-2020 - 00:00,"Kacheripady, Ernakulam - Kerala PCB"
20-Mar-2020 - 00:00,31.57,62.58,3.16,1.35,3.4,2.5,3.44,1.52,0.52,1.15,0.1,0.11,0.66,21-Mar-2020 - 00:00,"Kacheripady, Ernakulam - Kerala PCB"
21-Mar-2020 - 00:00,31.46,63.1,3.5,2.06,5.3,3.42,3.5,1.53,0.55,1.06,0.03,0.09,0.57,22-Mar-2020 - 00:00,"Kacheripady, Ernakulam - Kerala PCB"
22-Mar-2020 - 00:00,20.24,39.17,3.5,2.05,5.27,3.41,3.46,1.1,0.25,0.3,0.0,0.01,0.04,23-Mar-2020 - 00:00,"Kacheripady, Ernakulam - Kerala PCB"
23-Mar-2020 - 00:00,19.48,49.18,3.5,2.09,5.3,3.43,3.4,1.27,0.3,0.58,0.0,0.0,0.19,24-Mar-2020 - 00:00,"Kacheripady, Ernakulam - Kerala PCB"
24-Mar-2020 - 00:00,23.44,47.19,3.5,2.08,5.3,3.44,3.22,1.23,0.29,0.39,0.0,0.0,0.06,25-Mar-2020 - 00:00,"Kacheripady, Ernakulam - Kerala PCB"
25-Mar-2020 - 00:00,16.47,31.88,3.5,2.06,5.28,3.42,3.48,1.15,0.02,0.08,0.0,0.01,0.01,26-Mar-2020 - 00:00,"Kacheripady, Ernakulam - Kerala PCB"
26-Mar-2020 - 00:00,20.39,40.07,3.5,2.05,5.26,3.41,3.18,1.11,0.17,0.22,0.0,0.0,0.0,27-Mar-2020 - 00:00,"Kacheripady, Ernakulam - Kerala PCB"
27-Mar-2020 - 00:00,30.85,54.48,3.5,2.07,5.27,3.4,3.12,1.16,0.29,0.31,0.0,0.0,0.01,28-Mar-2020 - 00:00,"Kacheripady, Ernakulam - Kerala PCB"
28-Mar-2020 - 00:00,30.67,56.83,3.5,2.12,5.33,3.47,3.13,1.16,0.33,0.44,0.01,0.02,0.1,29-Mar-2020 - 00:00,"Kacheripady, Ernakulam - Kerala PCB"
29-Mar-2020 - 00:00,,,,,,,,,,,,,,30-Mar-2020 - 00:00,"Kacheripady, Ernakulam - Kerala PCB"
30-Mar-2020 - 00:00,22.24,44.85,3.51,2.02,5.24,3.38,3.41,1.16,0.0,0.0,0.0,0.0,0.0,31-Mar-2020 - 00:00,"Kacheripady, Ernakulam - Kerala PCB"
31-Mar-2020 - 00:00,21.79,45.46,3.5,2.06,5.26,3.41,3.57,1.26,0.05,0.08,0.0,0.04,0.01,01-Apr-2020 - 00:00,"Kacheripady, Ernakulam - Kerala PCB"
01-Apr-2020 - 00:00,23.04,47.87,2.89,3.42,5.69,3.43,3.48,1.23,0.02,0.02,0.0,0.02,0.0,02-Apr-2020 - 00:00,"Kacheripady, Ernakulam - Kerala PCB"
02-Apr-2020 - 00:00,29.08,50.91,1.3,6.96,6.77,3.42,3.49,1.29,0.03,0.03,0.0,0.02,0.0,03-Apr-2020 - 00:00,"Kacheripady, Ernakulam - Kerala PCB"
03-Apr-2020 - 00:00,23.21,45.2,1.3,6.95,6.76,3.4,3.53,1.29,0.02,0.02,0.0,0.01,0.0,04-Apr-2020 - 00:00,"Kacheripady, Ernakulam - Kerala PCB"
04-Apr-2020 - 00:00,21.28,41.49,1.3,6.95,6.76,3.4,3.47,1.25,0.02,0.03,0.0,0.0,0.0,05-Apr-2020 - 00:00,"Kacheripady, Ernakulam - Kerala PCB"
05-Apr-2020 - 00:00,16.0,32.09,1.3,6.95,6.75,3.42,3.42,1.21,0.04,0.05,0.0,0.01,0.0,06-Apr-2020 - 00:00,"Kacheripady, Ernakulam - Kerala PCB"
06-Apr-2020 - 00:00,9.54,21.72,1.3,6.96,6.78,3.41,3.18,1.17,0.12,0.18,0.0,0.0,0.0,07-Apr-2020 - 00:00,"Kacheripady, Ernakulam - Kerala PCB"
07-Apr-2020 - 00:00,11.97,22.98,1.3,6.97,6.77,3.4,3.42,1.32,0.1,0.11,0.0,0.01,0.0,08-Apr-2020 - 00:00,"Kacheripady, Ernakulam - Kerala PCB"
08-Apr-2020 - 00:00,17.95,38.08,1.3,6.96,6.77,3.42,3.53,1.37,0.06,0.06,0.0,0.02,0.0,09-Apr-2020 - 00:00,"Kacheripady, Ernakulam - Kerala PCB"
09-Apr-2020 - 00:00,17.66,41.49,1.3,6.97,6.78,3.41,3.18,1.22,0.14,0.14,0.0,0.0,0.0,10-Apr-2020 - 00:00,"Kacheripady, Ernakulam - Kerala PCB"
10-Apr-2020 - 00:00,14.62,31.28,2.02,5.49,6.76,3.38,3.08,1.13,0.14,0.14,0.0,0.0,0.0,11-Apr-2020 - 00:00,"Kacheripady, Ernakulam - Kerala PCB"
11-Apr-2020 - 00:00,16.83,29.96,2.8,4.3,6.77,3.4,3.1,1.17,0.28,0.28,0.0,0.0,0.01,12-Apr-2020 - 00:00,"Kacheripady, Ernakulam - Kerala PCB"
12-Apr-2020 - 00:00,14.3,30.51,2.86,4.26,6.3,3.4,3.23,1.24,0.08,0.12,0.0,0.0,0.0,13-Apr-2020 - 00:00,"Kacheripady, Ernakulam - Kerala PCB"
13-Apr-2020 - 00:00,23.85,47.24,3.61,3.94,5.53,3.44,3.68,1.49,0.04,0.03,0.0,0.04,0.0,14-Apr-2020 - 00:00,"Kacheripady, Ernakulam - Kerala PCB"
14-Apr-2020 - 00:00,23.72,46.67,3.5,5.24,5.29,3.43,3.6,1.43,0.03,0.03,0.0,0.05,0.0,15-Apr-2020 - 00:00,"Kacheripady, Ernakulam - Kerala PCB"
15-Apr-2020 - 00:00,14.46,30.2,3.11,6.36,5.28,3.42,3.36,1.34,0.14,0.19,0.0,0.01,0.0,16-Apr-2020 - 00:00,"Kacheripady, Ernakulam - Kerala PCB"
16-Apr-2020 - 00:00,16.38,29.29,3.23,6.36,5.28,3.41,3.1,1.3,0.26,0.28,0.0,0.0,0.01,17-Apr-2020 - 00:00,"Kacheripady, Ernakulam - Kerala PCB"
17-Apr-2020 - 00:00,17.25,33.63,3.66,6.39,5.3,3.44,3.1,1.29,0.21,0.23,0.0,0.0,0.0,18-Apr-2020 - 00:00,"Kacheripady, Ernakulam - Kerala PCB"
18-Apr-2020 - 00:00,15.67,29.79,3.55,6.37,5.29,3.43,3.66,1.46,0.03,0.04,0.0,0.05,0.0,19-Apr-2020 - 00:00,"Kacheripady, Ernakulam - Kerala PCB"
19-Apr-2020 - 00:00,21.07,36.39,3.13,6.36,5.28,3.41,3.63,1.49,0.07,0.05,0.0,0.01,0.0,20-Apr-2020 - 00:00,"Kacheripady, Ernakulam - Kerala PCB"
20-Apr-2020 - 00:00,16.4,26.59,2.72,6.21,5.19,3.41,3.41,1.46,0.03,0.08,0.0,0.0,0.01,21-Apr-2020 - 00:00,"Kacheripady, Ernakulam - Kerala PCB"
21-Apr-2020 - 00:00,11.2,23.15,0.22,77.59,71.76,109.65,3.49,1.1,0.12,0.25,0.0,0.0,0.03,22-Apr-2020 - 00:00,"Kacheripady, Ernakulam - Kerala PCB"
22-Apr-2020 - 00:00,11.37,25.98,,34.46,31.46,54.32,2.34,1.12,0.27,0.36,0.0,0.0,0.04,23-Apr-2020 - 00:00,"Kacheripady, Ernakulam - Kerala PCB"
23-Apr-2020 - 00:00,25.47,37.51,,34.26,30.97,57.4,2.72,1.16,0.32,0.39,0.0,0.0,0.09,24-Apr-2020 - 00:00,"Kacheripady, Ernakulam - Kerala PCB"
24-Apr-2020 - 00:00,21.35,41.35,0.06,10.02,9.1,18.09,2.67,1.12,0.4,0.59,0.0,0.0,0.13,25-Apr-2020 - 00:00,"Kacheripady, Ernakulam - Kerala PCB"
25-Apr-2020 - 00:00,19.34,47.74,0.06,13.1,11.87,28.62,4.99,1.04,0.15,0.31,0.01,0.0,0.05,26-Apr-2020 - 00:00,"Kacheripady, Ernakulam - Kerala PCB"
26-Apr-2020 - 00:00,18.04,43.25,,15.38,13.88,38.43,2.88,1.16,0.07,0.07,0.0,0.08,0.0,27-Apr-2020 - 00:00,"Kacheripady, Ernakulam - Kerala PCB"
27-Apr-2020 - 00:00,15.32,32.0,,13.43,12.12,35.27,2.83,1.35,0.1,0.13,0.01,0.12,0.05,28-Apr-2020 - 00:00,"Kacheripady, Ernakulam - Kerala PCB"
28-Apr-2020 - 00:00,15.62,34.48,,11.6,10.45,33.35,2.88,1.52,0.09,0.16,0.0,0.11,0.04,29-Apr-2020 - 00:00,"Kacheripady, Ernakulam - Kerala PCB"
29-Apr-2020 - 00:00,14.67,32.07,,9.65,8.7,27.73,2.82,1.52,0.08,0.15,0.0,0.13,0.15,30-Apr-2020 - 00:00,"Kacheripady, Ernakulam - Kerala PCB"
30-Apr-2020 - 00:00,18.87,42.65,,9.12,8.21,27.2,2.91,1.71,0.15,0.22,0.06,0.24,0.28,01-May-2020 - 00:00,"Kacheripady, Ernakulam - Kerala PCB"
01-May-2020 - 00:00,17.33,38.82,,8.49,7.66,25.31,2.85,1.62,0.16,0.14,0.0,0.11,0.16,02-May-2020 - 00:00,"Kacheripady, Ernakulam - Kerala PCB"
02-May-2020 - 00:00,19.47,38.49,,8.26,7.44,24.98,2.87,1.74,0.19,0.34,0.0,0.12,0.23,03-May-2020 - 00:00,"Kacheripady, Ernakulam - Kerala PCB"
03-May-2020 - 00:00,19.32,39.61,,8.16,7.35,25.11,2.87,1.64,0.08,0.11,0.0,0.08,0.04,04-May-2020 - 00:00,"Kacheripady, Ernakulam - Kerala PCB"
04-May-2020 - 00:00,19.26,45.85,,7.88,7.1,24.97,2.96,1.88,0.07,0.31,0.01,0.06,0.17,05-May-2020 - 00:00,"Kacheripady, Ernakulam - Kerala PCB"
05-May-2020 - 00:00,24.67,51.67,,7.5,6.75,23.61,2.88,1.92,0.14,0.34,0.04,0.12,0.21,06-May-2020 - 00:00,"Kacheripady, Ernakulam - Kerala PCB"
06-May-2020 - 00:00,24.3,50.92,,7.24,6.52,22.88,2.86,1.98,0.29,0.48,0.08,0.16,0.33,07-May-2020 - 00:00,"Kacheripady, Ernakulam - Kerala PCB"
07-May-2020 - 00:00,9.83,29.32,,11.52,10.38,39.83,2.87,1.76,0.12,0.42,0.46,0.07,0.41,08-May-2020 - 00:00,"Kacheripady, Ernakulam - Kerala PCB"
08-May-2020 - 00:00,9.96,23.67,,10.82,9.73,39.28,2.7,1.73,0.12,0.27,0.18,0.07,0.27,09-May-2020 - 00:00,"Kacheripady, Ernakulam - Kerala PCB"
09-May-2020 - 00:00,14.38,33.14,,9.26,8.33,33.86,2.75,1.86,0.12,0.34,0.0,0.01,0.15,10-May-2020 - 00:00,"Kacheripady, Ernakulam - Kerala PCB"
10-May-2020 - 00:00,17.32,36.85,,8.8,7.92,32.53,2.75,1.73,0.14,0.14,0.0,0.01,0.08,11-May-2020 - 00:00,"Kacheripady, Ernakulam - Kerala PCB"
11-May-2020 - 00:00,12.06,28.9,,8.39,7.55,31.03,2.76,1.9,0.13,0.32,0.02,0.03,0.22,12-May-2020 - 00:00,"Kacheripady, Ernakulam - Kerala PCB"
12-May-2020 - 00:00,23.57,50.01,,8.33,7.5,30.99,2.79,2.13,0.23,0.43,0.01,0.05,0.35,13-May-2020 - 00:00,"Kacheripady, Ernakulam - Kerala PCB"
13-May-2020 - 00:00,13.44,32.04,,7.97,7.17,29.51,2.75,1.99,0.12,0.29,0.0,0.02,0.23,14-May-2020 - 00:00,"Kacheripady, Ernakulam - Kerala PCB"
14-May-2020 - 00:00,18.19,43.63,,7.62,6.85,28.45,2.77,2.19,0.16,0.34,0.02,0.03,0.27,15-May-2020 - 00:00,"Kacheripady, Ernakulam - Kerala PCB"
15-May-2020 - 00:00,17.08,44.54,,7.42,6.67,27.84,2.8,2.06,0.14,0.26,0.01,0.02,0.15,16-May-2020 - 00:00,"Kacheripady, Ernakulam - Kerala PCB"
16-May-2020 - 00:00,10.75,34.34,,7.29,6.55,27.62,2.85,2.43,0.1,0.29,0.04,0.03,0.2,17-May-2020 - 00:00,"Kacheripady, Ernakulam - Kerala PCB"
17-May-2020 - 00:00,14.45,35.93,,7.1,6.39,26.84,2.84,1.96,0.04,0.08,0.0,0.02,0.02,18-May-2020 - 00:00,"Kacheripady, Ernakulam - Kerala PCB"
18-May-2020 - 00:00,21.82,47.21,,6.84,6.15,25.76,2.82,2.58,0.18,0.36,0.06,0.05,0.24,19-May-2020 - 00:00,"Kacheripady, Ernakulam - Kerala PCB"
19-May-2020 - 00:00,17.95,48.68,,8.01,7.2,31.85,2.8,2.51,0.08,0.17,0.02,0.01,0.14,20-May-2020 - 00:00,"Kacheripady, Ernakulam - Kerala PCB"
20-May-2020 - 00:00,8.64,32.93,,7.36,6.61,30.42,2.83,2.21,0.0,0.0,0.0,0.0,0.0,21-May-2020 - 00:00,"Kacheripady, Ernakulam - Kerala PCB"
21-May-2020 - 00:00,8.23,19.65,,7.87,7.07,32.82,2.76,1.76,0.0,0.02,0.0,0.0,0.0,22-May-2020 - 00:00,"Kacheripady, Ernakulam - Kerala PCB"
22-May-2020 - 00:00,9.8,24.91,,6.99,6.3,28.56,2.57,1.75,0.24,0.81,0.11,0.12,0.6,23-May-2020 - 00:00,"Kacheripady, Ernakulam - Kerala PCB"
23-May-2020 - 00:00,16.19,48.49,,6.39,5.75,25.26,2.43,1.88,0.46,1.44,0.11,0.12,1.0,24-May-2020 - 00:00,"Kacheripady, Ernakulam - Kerala PCB"
24-May-2020 - 00:00,15.88,43.38,,6.2,5.58,24.48,2.43,1.55,0.18,0.38,0.0,0.0,0.03,25-May-2020 - 00:00,"Kacheripady, Ernakulam - Kerala PCB"
25-May-2020 - 00:00,17.79,45.89,,5.97,5.38,23.62,2.44,1.88,0.38,1.23,0.12,0.06,0.68,26-May-2020 - 00:00,"Kacheripady, Ernakulam - Kerala PCB"
26-May-2020 - 00:00,13.65,34.75,,5.97,5.38,23.85,2.49,1.92,0.31,1.39,0.02,0.0,0.74,27-May-2020 - 00:00,"Kacheripady, Ernakulam - Kerala PCB"
27-May-2020 - 00:00,18.28,39.23,,5.87,5.29,23.51,2.52,2.03,0.65,1.68,0.11,0.06,0.83,28-May-2020 - 00:00,"Kacheripady, Ernakulam - Kerala PCB"
28-May-2020 - 00:00,12.08,26.76,,5.77,5.2,23.08,2.46,2.0,0.55,1.65,0.15,0.1,0.93,29-May-2020 - 00:00,"Kacheripady, Ernakulam - Kerala PCB"
29-May-2020 - 00:00,12.15,33.77,,5.68,5.12,22.69,2.52,1.87,0.35,0.99,0.05,0.04,0.41,30-May-2020 - 00:00,"Kacheripady, Ernakulam - Kerala PCB"
30-May-2020 - 00:00,8.55,21.26,,5.62,5.06,22.38,2.47,1.71,0.12,0.52,0.02,0.01,0.13,31-May-2020 - 00:00,"Kacheripady, Ernakulam - Kerala PCB"
31-May-2020 - 00:00,6.0,13.32,,5.46,4.92,21.69,2.49,1.53,0.05,0.12,0.0,0.0,0.0,01-Jun-2020 - 00:00,"Kacheripady, Ernakulam - Kerala PCB"
01-Jun-2020 - 00:00,8.37,19.44,,5.37,4.84,21.34,2.43,1.82,0.19,0.71,0.07,0.04,0.33,02-Jun-2020 - 00:00,"Kacheripady, Ernakulam - Kerala PCB"
02-Jun-2020 - 00:00,5.49,13.75,,5.31,4.78,21.02,2.49,1.77,0.14,0.96,0.03,0.02,0.47,03-Jun-2020 - 00:00,"Kacheripady, Ernakulam - Kerala PCB"
03-Jun-2020 - 00:00,5.95,14.44,,5.16,4.65,20.28,2.46,1.68,0.21,0.55,0.02,0.03,0.28,04-Jun-2020 - 00:00,"Kacheripady, Ernakulam - Kerala PCB"
04-Jun-2020 - 00:00,4.01,15.79,,5.12,4.61,20.19,2.45,1.7,0.16,0.62,0.03,0.04,0.28,05-Jun-2020 - 00:00,"Kacheripady, Ernakulam - Kerala PCB"
05-Jun-2020 - 00:00,6.57,17.56,,4.99,4.5,19.69,2.56,1.85,0.24,1.05,0.1,0.29,0.67,06-Jun-2020 - 00:00,"Kacheripady, Ernakulam - Kerala PCB"
06-Jun-2020 - 00:00,7.14,14.94,,4.86,4.39,19.1,2.6,2.06,0.35,1.52,0.38,0.23,1.02,07-Jun-2020 - 00:00,"Kacheripady, Ernakulam - Kerala PCB"
07-Jun-2020 - 00:00,9.94,21.35,,4.79,4.32,18.86,2.49,1.72,0.25,0.61,0.0,0.01,0.19,08-Jun-2020 - 00:00,"Kacheripady, Ernakulam - Kerala PCB"
08-Jun-2020 - 00:00,10.6,29.22,,4.76,4.29,18.75,2.59,2.17,0.41,1.43,0.15,0.05,0.93,09-Jun-2020 - 00:00,"Kacheripady, Ernakulam - Kerala PCB"
09-Jun-2020 - 00:00,16.49,41.72,,4.77,4.29,19.07,2.68,2.28,0.84,3.19,0.24,0.22,2.97,10-Jun-2020 - 00:00,"Kacheripady, Ernakulam - Kerala PCB"
10-Jun-2020 - 00:00,15.62,39.5,,4.71,4.25,18.83,2.64,2.26,0.72,2.58,0.22,0.14,1.51,11-Jun-2020 - 00:00,"Kacheripady, Ernakulam - Kerala PCB"
11-Jun-2020 - 00:00,10.84,28.28,1.54,4.62,4.16,18.35,2.65,2.15,0.47,1.9,0.17,0.38,1.12,12-Jun-2020 - 00:00,"Kacheripady, Ernakulam - Kerala PCB"
12-Jun-2020 - 00:00,21.04,48.3,1.55,4.58,4.13,18.28,2.68,2.88,2.48,7.85,2.01,1.72,8.6,13-Jun-2020 - 00:00,"Kacheripady, Ernakulam - Kerala PCB"
13-Jun-2020 - 00:00,15.14,36.11,1.54,4.58,4.12,18.37,2.7,2.3,1.42,4.68,0.49,0.35,4.0,14-Jun-2020 - 00:00,"Kacheripady, Ernakulam - Kerala PCB"
14-Jun-2020 - 00:00,7.46,16.01,1.55,4.49,4.04,17.77,2.61,1.77,0.13,0.43,0.0,0.0,0.02,15-Jun-2020 - 00:00,"Kacheripady, Ernakulam - Kerala PCB"
15-Jun-2020 - 00:00,10.31,36.72,,4.56,4.1,18.29,2.71,2.06,0.55,2.61,0.0,0.0,1.1,16-Jun-2020 - 00:00,"Kacheripady, Ernakulam - Kerala PCB"
16-Jun-2020 - 00:00,6.29,14.91,0.1,1.37,0.67,3.91,2.63,1.99,0.2,0.88,0.09,0.03,0.37,17-Jun-2020 - 00:00,"Kacheripady, Ernakulam - Kerala PCB"
17-Jun-2020 - 00:00,,,,,,,,,,,,,,18-Jun-2020 - 00:00,"Kacheripady, Ernakulam - Kerala PCB"
18-Jun-2020 - 00:00,,,,,,,,,,,,,,19-Jun-2020 - 00:00,"Kacheripady, Ernakulam - Kerala PCB"
19-Jun-2020 - 00:00,14.84,28.16,2.12,3.74,3.63,4.89,2.76,2.85,0.22,0.72,0.14,0.14,0.75,20-Jun-2020 - 00:00,"Kacheripady, Ernakulam - Kerala PCB"
20-Jun-2020 - 00:00,20.39,40.51,2.14,3.57,3.45,4.57,2.76,2.53,0.14,0.27,0.03,0.08,0.19,21-Jun-2020 - 00:00,"Kacheripady, Ernakulam - Kerala PCB"
21-Jun-2020 - 00:00,6.22,14.15,2.4,2.6,1.6,1.51,2.74,2.06,0.05,0.2,0.0,0.0,0.05,22-Jun-2020 - 00:00,"Kacheripady, Ernakulam - Kerala PCB"
22-Jun-2020 - 00:00,12.87,28.45,2.19,5.22,3.31,4.78,2.64,2.51,0.49,1.65,0.33,0.2,1.08,23-Jun-2020 - 00:00,"Kacheripady, Ernakulam - Kerala PCB"
23-Jun-2020 - 00:00,16.05,40.47,2.2,5.67,3.6,5.28,2.63,2.56,0.56,1.91,0.46,0.35,1.34,24-Jun-2020 - 00:00,"Kacheripady, Ernakulam - Kerala PCB"
24-Jun-2020 - 00:00,22.88,49.58,2.34,3.34,2.09,2.42,2.69,2.73,1.52,4.4,1.06,1.11,3.51,25-Jun-2020 - 00:00,"Kacheripady, Ernakulam - Kerala PCB"
25-Jun-2020 - 00:00,10.96,26.03,2.29,3.91,2.46,3.2,2.65,2.22,0.32,1.04,0.03,0.14,0.61,26-Jun-2020 - 00:00,"Kacheripady, Ernakulam - Kerala PCB"
26-Jun-2020 - 00:00,6.19,19.07,2.39,3.06,1.91,2.09,2.67,2.17,0.22,1.15,0.01,0.02,0.52,27-Jun-2020 - 00:00,"Kacheripady, Ernakulam - Kerala PCB"
27-Jun-2020 - 00:00,12.17,27.41,2.13,5.41,3.43,5.05,2.69,2.44,0.36,1.37,0.09,0.12,0.7,28-Jun-2020 - 00:00,"Kacheripady, Ernakulam - Kerala PCB"
28-Jun-2020 - 00:00,9.63,21.89,2.01,7.2,4.58,7.23,2.66,2.16,0.3,1.04,0.03,0.03,0.41,29-Jun-2020 - 00:00,"Kacheripady, Ernakulam - Kerala PCB"
29-Jun-2020 - 00:00,11.7,24.14,2.18,5.34,3.39,4.94,2.74,2.39,0.14,0.18,0.01,0.02,0.13,30-Jun-2020 - 00:00,"Kacheripady, Ernakulam - Kerala PCB"
30-Jun-2020 - 00:00,11.65,29.78,2.34,3.74,2.36,2.93,2.65,2.43,0.0,0.0,0.0,0.0,0.0,01-Jul-2020 - 00:00,"Kacheripady, Ernakulam - Kerala PCB"
01-Jul-2020 - 00:00,8.04,21.29,2.36,3.08,1.92,2.11,2.76,2.29,0.0,0.0,0.0,0.0,0.0,02-Jul-2020 - 00:00,"Kacheripady, Ernakulam - Kerala PCB"
02-Jul-2020 - 00:00,15.21,30.49,2.4,2.6,1.61,1.48,2.77,2.57,0.0,0.0,0.0,0.0,0.0,03-Jul-2020 - 00:00,"Kacheripady, Ernakulam - Kerala PCB"
03-Jul-2020 - 00:00,7.95,14.78,2.7,2.79,1.68,1.7,2.67,2.25,0.0,0.0,0.0,0.0,0.0,04-Jul-2020 - 00:00,"Kacheripady, Ernakulam - Kerala PCB"
04-Jul-2020 - 00:00,8.58,24.76,,40.76,29.24,35.08,2.07,2.19,0.0,0.0,0.0,0.0,0.0,05-Jul-2020 - 00:00,"Kacheripady, Ernakulam - Kerala PCB"
05-Jul-2020 - 00:00,4.79,23.09,,33.25,23.83,28.49,2.11,1.87,0.0,0.0,0.0,0.0,0.0,06-Jul-2020 - 00:00,"Kacheripady, Ernakulam - Kerala PCB"
06-Jul-2020 - 00:00,10.47,29.03,,25.35,16.1,24.63,2.15,2.13,0.0,0.0,0.0,0.0,0.0,07-Jul-2020 - 00:00,"Kacheripady, Ernakulam - Kerala PCB"
07-Jul-2020 - 00:00,6.94,16.32,,14.51,6.58,17.47,2.45,2.37,0.0,0.0,0.0,0.0,0.0,08-Jul-2020 - 00:00,"Kacheripady, Ernakulam - Kerala PCB"
08-Jul-2020 - 00:00,,,,,,,,,,,,,,09-Jul-2020 - 00:00,"Kacheripady, Ernakulam - Kerala PCB"
09-Jul-2020 - 00:00,,,,,,,,,,,,,,10-Jul-2020 - 00:00,"Kacheripady, Ernakulam - Kerala PCB"
10-Jul-2020 - 00:00,6.9,20.47,,16.83,7.63,20.53,2.04,1.98,0.0,0.0,0.0,0.0,0.0,11-Jul-2020 - 00:00,"Kacheripady, Ernakulam - Kerala PCB"
11-Jul-2020 - 00:00,14.64,27.98,,13.68,6.22,16.69,2.03,1.9,0.0,0.0,0.0,0.0,0.0,12-Jul-2020 - 00:00,"Kacheripady, Ernakulam - Kerala PCB"
12-Jul-2020 - 00:00,3.94,10.39,,12.49,5.68,15.18,2.0,1.71,0.0,0.0,0.0,0.0,0.0,13-Jul-2020 - 00:00,"Kacheripady, Ernakulam - Kerala PCB"
13-Jul-2020 - 00:00,7.41,20.65,6.19,11.77,5.36,14.32,2.01,2.03,0.0,0.0,0.0,0.0,0.0,14-Jul-2020 - 00:00,"Kacheripady, Ernakulam - Kerala PCB"
14-Jul-2020 - 00:00,7.74,20.82,6.34,11.31,5.15,13.77,2.02,2.01,0.0,0.0,0.0,0.0,0.0,15-Jul-2020 - 00:00,"Kacheripady, Ernakulam - Kerala PCB"
15-Jul-2020 - 00:00,6.82,17.49,6.34,11.28,5.14,13.82,2.04,1.94,0.0,0.0,0.0,0.0,0.0,16-Jul-2020 - 00:00,"Kacheripady, Ernakulam - Kerala PCB"
16-Jul-2020 - 00:00,3.86,11.46,6.51,10.93,4.98,13.42,2.08,2.05,0.0,0.0,0.0,0.0,0.0,17-Jul-2020 - 00:00,"Kacheripady, Ernakulam - Kerala PCB"
17-Jul-2020 - 00:00,11.43,23.31,6.64,10.61,4.83,13.05,2.1,2.35,0.0,0.0,0.0,0.0,0.0,18-Jul-2020 - 00:00,"Kacheripady, Ernakulam - Kerala PCB"
18-Jul-2020 - 00:00,11.97,30.78,10.68,9.77,5.85,11.2,2.0,2.26,0.0,0.0,0.0,0.0,0.0,19-Jul-2020 - 00:00,"Kacheripady, Ernakulam - Kerala PCB"
19-Jul-2020 - 00:00,7.57,20.52,11.42,16.13,10.12,18.18,1.88,1.86,0.0,0.0,0.0,0.0,0.0,20-Jul-2020 - 00:00,"Kacheripady, Ernakulam - Kerala PCB"
20-Jul-2020 - 00:00,8.5,23.56,11.46,16.03,10.08,18.05,1.89,2.0,0.0,0.0,0.0,0.0,0.0,21-Jul-2020 - 00:00,"Kacheripady, Ernakulam - Kerala PCB"
21-Jul-2020 - 00:00,11.78,27.62,11.46,16.03,10.08,18.06,1.9,2.2,0.0,0.0,0.0,0.0,0.0,22-Jul-2020 - 00:00,"Kacheripady, Ernakulam - Kerala PCB"
22-Jul-2020 - 00:00,,,,,,,,,,,,,,23-Jul-2020 - 00:00,"Kacheripady, Ernakulam - Kerala PCB"
23-Jul-2020 - 00:00,,,,,,,,,,,,,,24-Jul-2020 - 00:00,"Kacheripady, Ernakulam - Kerala PCB"
24-Jul-2020 - 00:00,5.91,17.33,11.06,14.09,9.07,18.03,1.94,2.19,0.0,0.0,0.0,0.0,0.0,25-Jul-2020 - 00:00,"Kacheripady, Ernakulam - Kerala PCB"
25-Jul-2020 - 00:00,5.67,18.08,11.06,14.09,9.07,18.03,2.01,2.1,0.0,0.0,0.0,0.0,0.0,26-Jul-2020 - 00:00,"Kacheripady, Ernakulam - Kerala PCB"
26-Jul-2020 - 00:00,8.64,21.52,11.06,14.1,9.08,18.04,2.3,2.06,0.0,0.0,0.0,0.0,0.0,27-Jul-2020 - 00:00,"Kacheripady, Ernakulam - Kerala PCB"
27-Jul-2020 - 00:00,14.99,36.16,11.06,14.1,9.08,18.03,2.02,2.61,0.0,0.0,0.0,0.0,0.0,28-Jul-2020 - 00:00,"Kacheripady, Ernakulam - Kerala PCB"
28-Jul-2020 - 00:00,7.53,20.37,11.38,13.75,8.77,17.39,1.92,2.58,0.0,0.0,0.0,0.0,0.0,29-Jul-2020 - 00:00,"Kacheripady, Ernakulam - Kerala PCB"
29-Jul-2020 - 00:00,4.42,10.6,11.58,13.66,7.67,17.05,1.91,2.34,0.0,0.0,0.0,0.0,0.0,30-Jul-2020 - 00:00,"Kacheripady, Ernakulam - Kerala PCB"
30-Jul-2020 - 00:00,3.99,10.8,11.88,14.72,7.61,16.47,1.92,2.14,0.0,0.0,0.0,0.0,0.0,31-Jul-2020 - 00:00,"Kacheripady, Ernakulam - Kerala PCB"
31-Jul-2020 - 00:00,2.75,8.44,12.53,14.17,6.57,15.14,1.92,2.07,0.0,0.0,0.0,0.0,0.0,01-Aug-2020 - 00:00,"Kacheripady, Ernakulam - Kerala PCB"
01-Aug-2020 - 00:00,9.73,12.1,12.06,13.12,5.13,16.14,1.93,2.21,0.0,0.0,0.0,0.0,0.0,02-Aug-2020 - 00:00,"Kacheripady, Ernakulam - Kerala PCB"
02-Aug-2020 - 00:00,5.92,12.15,13.09,12.26,6.24,15.18,1.9,2.19,0.0,0.0,0.0,0.0,0.0,03-Aug-2020 - 00:00,"Kacheripady, Ernakulam - Kerala PCB"
03-Aug-2020 - 00:00,3.08,14.86,13.49,14.29,5.81,12.91,1.92,2.13,0.0,0.0,0.0,0.0,0.0,04-Aug-2020 - 00:00,"Kacheripady, Ernakulam - Kerala PCB"
04-Aug-2020 - 00:00,3.02,18.45,13.59,17.91,6.3,8.87,2.13,2.06,0.0,0.0,0.0,0.0,0.0,05-Aug-2020 - 00:00,"Kacheripady, Ernakulam - Kerala PCB"
05-Aug-2020 - 00:00,5.0,16.57,13.8,17.9,8.51,7.85,2.35,2.15,0.0,0.0,0.0,0.0,0.0,06-Aug-2020 - 00:00,"Kacheripady, Ernakulam - Kerala PCB"
06-Aug-2020 - 00:00,3.12,22.81,14.35,17.5,9.51,7.47,2.09,2.16,0.0,0.0,0.0,0.0,0.0,07-Aug-2020 - 00:00,"Kacheripady, Ernakulam - Kerala PCB"
07-Aug-2020 - 00:00,6.3,12.31,5.83,9.24,6.22,7.65,1.84,2.48,0.0,0.0,0.0,0.0,0.0,08-Aug-2020 - 00:00,"Kacheripady, Ernakulam - Kerala PCB"
08-Aug-2020 - 00:00,6.51,10.65,6.36,7.33,4.93,5.6,1.88,2.26,0.0,0.0,0.0,0.0,0.0,09-Aug-2020 - 00:00,"Kacheripady, Ernakulam - Kerala PCB"
09-Aug-2020 - 00:00,1.76,5.88,6.46,6.89,4.63,5.27,1.88,2.11,0.0,0.0,0.0,0.0,0.0,10-Aug-2020 - 00:00,"Kacheripady, Ernakulam - Kerala PCB"
10-Aug-2020 - 00:00,10.91,18.98,6.57,6.51,4.38,4.95,1.85,2.39,0.0,0.0,0.0,0.0,0.0,11-Aug-2020 - 00:00,"Kacheripady, Ernakulam - Kerala PCB"
11-Aug-2020 - 00:00,5.36,22.78,6.7,19.84,16.55,8.07,2.2,2.16,0.0,0.0,0.0,0.0,0.0,12-Aug-2020 - 00:00,"Kacheripady, Ernakulam - Kerala PCB"
12-Aug-2020 - 00:00,8.42,32.81,7.31,17.77,13.14,6.18,1.91,2.48,0.0,0.0,0.0,0.0,0.0,13-Aug-2020 - 00:00,"Kacheripady, Ernakulam - Kerala PCB"
13-Aug-2020 - 00:00,7.58,29.53,7.55,16.82,11.79,5.44,1.93,2.48,0.0,0.0,0.0,0.0,0.0,14-Aug-2020 - 00:00,"Kacheripady, Ernakulam - Kerala PCB"
14-Aug-2020 - 00:00,8.14,27.78,7.68,16.31,11.06,5.04,1.97,2.52,0.0,0.0,0.0,0.0,0.0,15-Aug-2020 - 00:00,"Kacheripady, Ernakulam - Kerala PCB"
15-Aug-2020 - 00:00,7.66,27.01,7.76,15.99,10.6,4.78,1.97,2.47,0.0,0.0,0.0,0.0,0.0,16-Aug-2020 - 00:00,"Kacheripady, Ernakulam - Kerala PCB"
16-Aug-2020 - 00:00,13.46,32.03,8.17,14.36,8.29,3.44,1.97,2.48,0.0,0.0,0.0,0.0,0.0,17-Aug-2020 - 00:00,"Kacheripady, Ernakulam - Kerala PCB"
17-Aug-2020 - 00:00,9.85,28.86,8.31,11.56,3.53,0.55,1.97,2.67,0.0,0.0,0.0,0.0,0.0,18-Aug-2020 - 00:00,"Kacheripady, Ernakulam - Kerala PCB"
18-Aug-2020 - 00:00,8.2,29.9,7.31,13.09,4.87,1.12,1.93,2.71,0.0,0.0,0.0,0.0,0.0,19-Aug-2020 - 00:00,"Kacheripady, Ernakulam - Kerala PCB"
19-Aug-2020 - 00:00,16.47,36.93,7.31,13.09,4.87,1.13,2.14,3.05,0.0,0.0,0.0,0.0,0.0,20-Aug-2020 - 00:00,"Kacheripady, Ernakulam - Kerala PCB"
20-Aug-2020 - 00:00,11.03,28.54,6.66,13.82,6.22,1.15,2.17,2.95,0.0,0.0,0.0,0.0,0.0,21-Aug-2020 - 00:00,"Kacheripady, Ernakulam - Kerala PCB"
21-Aug-2020 - 00:00,9.03,28.29,5.23,14.55,13.38,3.88,2.0,2.06,0.0,0.0,0.0,0.0,0.0,22-Aug-2020 - 00:00,"Kacheripady, Ernakulam - Kerala PCB"
22-Aug-2020 - 00:00,14.13,30.81,6.07,11.13,10.04,2.48,2.15,1.86,0.0,0.0,0.0,0.0,0.0,23-Aug-2020 - 00:00,"Kacheripady, Ernakulam - Kerala PCB"
23-Aug-2020 - 00:00,8.1,20.23,6.7,8.69,7.67,1.47,2.13,1.66,0.0,0.0,0.0,0.0,0.0,24-Aug-2020 - 00:00,"Kacheripady, Ernakulam - Kerala PCB"
24-Aug-2020 - 00:00,10.48,30.78,6.82,9.15,8.08,1.27,2.18,1.94,0.0,0.0,0.0,0.0,0.0,25-Aug-2020 - 00:00,"Kacheripady, Ernakulam - Kerala PCB"
25-Aug-2020 - 00:00,15.08,42.78,6.33,9.69,8.12,0.44,2.19,1.95,0.0,0.0,0.0,0.0,0.0,26-Aug-2020 - 00:00,"Kacheripady, Ernakulam - Kerala PCB"
26-Aug-2020 - 00:00,8.1,31.62,5.39,11.17,9.16,0.49,2.2,1.94,0.0,0.0,0.0,0.0,0.0,27-Aug-2020 - 00:00,"Kacheripady, Ernakulam - Kerala PCB"
27-Aug-2020 - 00:00,9.3,31.65,5.39,11.17,9.16,0.49,2.23,2.0,0.0,0.0,0.0,0.0,0.0,28-Aug-2020 - 00:00,"Kacheripady, Ernakulam - Kerala PCB"
28-Aug-2020 - 00:00,9.24,31.64,5.94,12.87,10.2,1.56,2.19,1.99,0.0,0.0,0.0,0.0,0.0,29-Aug-2020 - 00:00,"Kacheripady, Ernakulam - Kerala PCB"
29-Aug-2020 - 00:00,14.46,36.66,5.74,14.82,11.7,2.82,2.18,1.98,0.0,0.0,0.0,0.0,0.0,30-Aug-2020 - 00:00,"Kacheripady, Ernakulam - Kerala PCB"
30-Aug-2020 - 00:00,10.83,22.76,5.11,15.31,12.27,3.16,2.05,1.74,0.0,0.0,0.0,0.0,0.0,31-Aug-2020 - 00:00,"Kacheripady, Ernakulam - Kerala PCB"
31-Aug-2020 - 00:00,2.44,15.15,5.11,15.31,12.27,3.15,2.07,1.71,0.0,0.0,0.0,0.0,0.0,01-Sep-2020 - 00:00,"Kacheripady, Ernakulam - Kerala PCB"
01-Sep-2020 - 00:00,6.46,20.86,5.11,15.31,12.27,3.15,2.09,1.82,0.0,0.0,0.0,0.0,0.0,02-Sep-2020 - 00:00,"Kacheripady, Ernakulam - Kerala PCB"
02-Sep-2020 - 00:00,7.66,20.13,4.78,15.61,12.62,3.05,2.12,1.82,0.0,0.0,0.0,0.0,0.0,03-Sep-2020 - 00:00,"Kacheripady, Ernakulam - Kerala PCB"
03-Sep-2020 - 00:00,6.15,10.28,4.24,16.11,13.19,2.87,2.07,1.82,0.0,0.0,0.0,0.0,0.0,04-Sep-2020 - 00:00,"Kacheripady, Ernakulam - Kerala PCB"
04-Sep-2020 - 00:00,7.11,14.2,3.82,16.52,13.11,2.59,2.11,1.87,0.0,0.0,0.0,0.0,0.0,05-Sep-2020 - 00:00,"Kacheripady, Ernakulam - Kerala PCB"
05-Sep-2020 - 00:00,5.05,11.75,3.62,17.6,13.21,2.45,2.18,1.9,0.0,0.0,0.0,0.0,0.0,06-Sep-2020 - 00:00,"Kacheripady, Ernakulam - Kerala PCB"
06-Sep-2020 - 00:00,4.66,10.46,4.05,18.08,13.43,2.75,2.31,1.79,0.0,0.0,0.0,0.0,0.0,07-Sep-2020 - 00:00,"Kacheripady, Ernakulam - Kerala PCB"
07-Sep-2020 - 00:00,4.03,13.26,4.48,18.57,14.2,2.91,2.32,1.91,0.0,0.0,0.0,0.0,0.0,08-Sep-2020 - 00:00,"Kacheripady, Ernakulam - Kerala PCB"
08-Sep-2020 - 00:00,5.48,18.34,4.95,18.68,14.8,3.57,2.35,1.96,0.0,0.0,0.0,0.0,0.0,09-Sep-2020 - 00:00,"Kacheripady, Ernakulam - Kerala PCB"
09-Sep-2020 - 00:00,3.09,12.02,4.32,17.91,14.71,3.76,2.39,1.98,0.0,0.0,0.0,0.0,0.0,10-Sep-2020 - 00:00,"Kacheripady, Ernakulam - Kerala PCB"
10-Sep-2020 - 00:00,6.57,25.56,3.88,17.81,15.19,3.51,2.35,2.03,0.0,0.0,0.0,0.0,0.0,11-Sep-2020 - 00:00,"Kacheripady, Ernakulam - Kerala PCB"
11-Sep-2020 - 00:00,28.5,48.5,3.22,20.35,17.66,15.01,4.59,1.41,0.0,0.0,0.0,0.0,0.0,12-Sep-2020 - 00:00,"Kacheripady, Ernakulam - Kerala PCB"
12-Sep-2020 - 00:00,,,,,,,,,,,,,,13-Sep-2020 - 00:00,"Kacheripady, Ernakulam - Kerala PCB"
13-Sep-2020 - 00:00,15.28,27.74,3.88,17.81,15.19,1.02,2.47,1.7,0.0,0.0,0.0,0.0,0.0,14-Sep-2020 - 00:00,"Kacheripady, Ernakulam - Kerala PCB"
14-Sep-2020 - 00:00,13.96,30.71,3.95,18.21,15.65,1.49,2.51,1.77,0.0,0.0,0.0,0.0,0.0,15-Sep-2020 - 00:00,"Kacheripady, Ernakulam - Kerala PCB"
15-Sep-2020 - 00:00,12.16,30.98,4.65,19.07,16.7,2.62,2.56,1.8,0.0,0.0,0.0,0.0,0.0,16-Sep-2020 - 00:00,"Kacheripady, Ernakulam - Kerala PCB"
16-Sep-2020 - 00:00,10.4,27.65,5.0,19.67,17.53,3.42,2.53,1.78,0.0,0.0,0.0,0.0,0.0,17-Sep-2020 - 00:00,"Kacheripady, Ernakulam - Kerala PCB"
17-Sep-2020 - 00:00,11.71,35.9,4.38,19.99,17.93,3.35,2.59,1.68,0.0,0.0,0.0,0.0,0.0,18-Sep-2020 - 00:00,"Kacheripady, Ernakulam - Kerala PCB"
18-Sep-2020 - 00:00,16.18,32.54,4.59,20.69,18.27,3.26,2.41,1.77,0.0,0.0,0.0,0.0,0.0,19-Sep-2020 - 00:00,"Kacheripady, Ernakulam - Kerala PCB"
19-Sep-2020 - 00:00,7.86,21.64,4.77,20.57,18.12,3.67,2.32,1.6,0.0,0.0,0.0,0.0,0.0,20-Sep-2020 - 00:00,"Kacheripady, Ernakulam - Kerala PCB"
20-Sep-2020 - 00:00,4.5,14.12,4.32,19.44,17.38,3.74,2.34,1.39,0.0,0.0,0.0,0.0,0.0,21-Sep-2020 - 00:00,"Kacheripady, Ernakulam - Kerala PCB"
21-Sep-2020 - 00:00,4.39,14.73,4.54,19.62,17.62,3.63,2.34,1.39,0.0,0.0,0.0,0.0,0.0,22-Sep-2020 - 00:00,"Kacheripady, Ernakulam - Kerala PCB"
22-Sep-2020 - 00:00,8.75,32.62,4.64,21.85,19.93,4.11,2.62,1.41,0.0,0.0,0.0,0.0,0.0,23-Sep-2020 - 00:00,"Kacheripady, Ernakulam - Kerala PCB"
23-Sep-2020 - 00:00,8.4,29.26,5.58,20.61,18.82,3.71,2.41,1.41,0.0,0.0,0.0,0.0,0.0,24-Sep-2020 - 00:00,"Kacheripady, Ernakulam - Kerala PCB"
24-Sep-2020 - 00:00,11.82,33.18,6.02,21.97,20.24,4.49,2.55,1.43,0.0,0.0,0.0,0.0,0.0,25-Sep-2020 - 00:00,"Kacheripady, Ernakulam - Kerala PCB"
25-Sep-2020 - 00:00,13.41,38.62,5.88,21.16,19.58,4.79,2.51,1.57,0.0,0.0,0.0,0.0,0.0,26-Sep-2020 - 00:00,"Kacheripady, Ernakulam - Kerala PCB"
26-Sep-2020 - 00:00,25.63,57.53,5.13,21.05,19.28,5.66,2.49,1.75,0.0,0.0,0.0,0.0,0.0,27-Sep-2020 - 00:00,"Kacheripady, Ernakulam - Kerala PCB"
27-Sep-2020 - 00:00,19.26,41.45,4.49,22.07,19.85,6.15,2.53,1.58,0.0,0.0,0.0,0.0,0.0,28-Sep-2020 - 00:00,"Kacheripady, Ernakulam - Kerala PCB"
28-Sep-2020 - 00:00,16.17,41.26,4.49,22.07,19.86,6.15,2.59,1.66,0.0,0.0,0.0,0.0,0.0,29-Sep-2020 - 00:00,"Kacheripady, Ernakulam - Kerala PCB"
29-Sep-2020 - 00:00,32.26,65.13,4.49,22.08,19.86,6.15,2.7,1.97,0.0,0.0,0.0,0.0,0.0,30-Sep-2020 - 00:00,"Kacheripady, Ernakulam - Kerala PCB"
30-Sep-2020 - 00:00,15.71,36.49,5.09,21.29,19.01,5.08,2.69,1.8,0.0,0.0,0.0,0.0,0.0,01-Oct-2020 - 00:00,"Kacheripady, Ernakulam - Kerala PCB"
01-Oct-2020 - 00:00,28.5,43.33,5.5,20.76,18.44,4.35,2.68,1.8,0.0,0.0,0.0,0.0,0.0,02-Oct-2020 - 00:00,"Kacheripady, Ernakulam - Kerala PCB"
02-Oct-2020 - 00:00,20.43,39.4,5.15,20.08,17.8,4.72,2.51,1.62,0.0,0.0,0.0,0.0,0.0,03-Oct-2020 - 00:00,"Kacheripady, Ernakulam - Kerala PCB"
03-Oct-2020 - 00:00,21.79,43.59,4.09,19.92,18.02,5.58,2.69,1.79,0.0,0.0,0.0,0.0,0.0,04-Oct-2020 - 00:00,"Kacheripady, Ernakulam - Kerala PCB"
04-Oct-2020 - 00:00,12.03,26.87,3.37,20.49,18.94,6.06,2.76,1.71,0.0,0.0,0.0,0.0,0.0,05-Oct-2020 - 00:00,"Kacheripady, Ernakulam - Kerala PCB"
05-Oct-2020 - 00:00,13.71,33.67,3.37,20.49,18.94,6.06,2.68,1.81,0.0,0.0,0.0,0.0,0.0,06-Oct-2020 - 00:00,"Kacheripady, Ernakulam - Kerala PCB"
06-Oct-2020 - 00:00,19.74,50.41,3.87,21.46,18.38,5.61,2.43,1.7,0.0,0.0,0.0,0.0,0.0,07-Oct-2020 - 00:00,"Kacheripady, Ernakulam - Kerala PCB"
07-Oct-2020 - 00:00,8.09,28.64,4.86,22.91,17.77,4.14,2.27,1.54,0.0,0.0,0.0,0.0,0.0,08-Oct-2020 - 00:00,"Kacheripady, Ernakulam - Kerala PCB"
08-Oct-2020 - 00:00,10.59,24.87,5.6,21.49,17.77,3.86,2.55,1.73,0.0,0.0,0.0,0.0,0.0,09-Oct-2020 - 00:00,"Kacheripady, Ernakulam - Kerala PCB"
09-Oct-2020 - 00:00,7.21,18.24,5.38,20.03,16.84,4.74,2.42,1.66,0.0,0.0,0.0,0.0,0.0,10-Oct-2020 - 00:00,"Kacheripady, Ernakulam - Kerala PCB"
10-Oct-2020 - 00:00,22.8,37.13,4.49,18.72,15.76,4.89,2.45,1.82,0.0,0.0,0.0,0.0,0.0,11-Oct-2020 - 00:00,"Kacheripady, Ernakulam - Kerala PCB"
11-Oct-2020 - 00:00,15.85,25.21,3.76,16.9,14.61,4.31,2.41,1.64,0.0,0.0,0.0,0.0,0.0,12-Oct-2020 - 00:00,"Kacheripady, Ernakulam - Kerala PCB"
12-Oct-2020 - 00:00,14.74,30.89,4.29,16.93,14.83,3.91,2.46,1.67,0.0,0.0,0.0,0.0,0.0,13-Oct-2020 - 00:00,"Kacheripady, Ernakulam - Kerala PCB"
13-Oct-2020 - 00:00,14.29,32.57,5.79,18.66,16.63,4.6,2.62,1.72,0.0,0.0,0.0,0.0,0.0,14-Oct-2020 - 00:00,"Kacheripady, Ernakulam - Kerala PCB"
14-Oct-2020 - 00:00,8.51,24.14,6.23,19.97,17.47,5.44,2.62,1.66,0.0,0.0,0.0,0.0,0.0,15-Oct-2020 - 00:00,"Kacheripady, Ernakulam - Kerala PCB"
15-Oct-2020 - 00:00,8.55,26.44,6.27,19.82,17.32,5.37,2.57,1.75,0.0,0.0,0.0,0.0,0.0,16-Oct-2020 - 00:00,"Kacheripady, Ernakulam - Kerala PCB"
16-Oct-2020 - 00:00,14.44,32.34,6.21,19.73,17.25,5.37,2.41,1.72,0.0,0.0,0.0,0.0,0.0,17-Oct-2020 - 00:00,"Kacheripady, Ernakulam - Kerala PCB"
17-Oct-2020 - 00:00,,,,,,,,,,,,,,18-Oct-2020 - 00:00,"Kacheripady, Ernakulam - Kerala PCB"
18-Oct-2020 - 00:00,,,,,,,,,,,,,,19-Oct-2020 - 00:00,"Kacheripady, Ernakulam - Kerala PCB"
19-Oct-2020 - 00:00,,,,,,,,,,,,,,20-Oct-2020 - 00:00,"Kacheripady, Ernakulam - Kerala PCB"
20-Oct-2020 - 00:00,18.16,55.52,1.34,14.99,16.34,5.62,1.92,1.85,0.0,0.0,0.0,0.0,0.0,21-Oct-2020 - 00:00,"Kacheripady, Ernakulam - Kerala PCB"
21-Oct-2020 - 00:00,19.69,44.25,1.76,15.63,17.39,4.41,1.89,1.58,0.0,0.0,0.0,0.0,0.0,22-Oct-2020 - 00:00,"Kacheripady, Ernakulam - Kerala PCB"
22-Oct-2020 - 00:00,14.51,43.12,2.18,16.28,18.46,3.2,1.91,1.52,0.0,0.0,0.0,0.0,0.0,23-Oct-2020 - 00:00,"Kacheripady, Ernakulam - Kerala PCB"
23-Oct-2020 - 00:00,23.44,59.29,2.84,16.85,19.69,3.78,1.91,1.71,0.0,0.0,0.0,0.0,0.0,24-Oct-2020 - 00:00,"Kacheripady, Ernakulam - Kerala PCB"
24-Oct-2020 - 00:00,18.13,43.73,3.42,17.36,20.78,4.28,1.9,1.85,0.0,0.0,0.0,0.0,0.0,25-Oct-2020 - 00:00,"Kacheripady, Ernakulam - Kerala PCB"
25-Oct-2020 - 00:00,22.31,43.44,3.42,17.36,20.78,4.28,1.88,1.85,0.0,0.0,0.0,0.0,0.0,26-Oct-2020 - 00:00,"Kacheripady, Ernakulam - Kerala PCB"
26-Oct-2020 - 00:00,14.07,35.7,2.69,16.61,19.3,4.28,1.89,1.82,0.0,0.0,0.0,0.0,0.0,27-Oct-2020 - 00:00,"Kacheripady, Ernakulam - Kerala PCB"
27-Oct-2020 - 00:00,11.04,34.52,1.79,16.08,16.61,4.7,1.9,1.55,0.0,0.0,0.0,0.0,0.0,28-Oct-2020 - 00:00,"Kacheripady, Ernakulam - Kerala PCB"
28-Oct-2020 - 00:00,23.14,50.42,2.55,17.45,16.94,4.98,1.9,1.56,0.0,0.0,0.0,0.0,0.0,29-Oct-2020 - 00:00,"Kacheripady, Ernakulam - Kerala PCB"
29-Oct-2020 - 00:00,31.24,66.5,4.1,20.06,18.05,3.99,1.9,1.49,0.0,0.0,0.0,0.0,0.0,30-Oct-2020 - 00:00,"Kacheripady, Ernakulam - Kerala PCB"
30-Oct-2020 - 00:00,,,,,,,,,,,,,,31-Oct-2020 - 00:00,"Kacheripady, Ernakulam - Kerala PCB"
31-Oct-2020 - 00:00,,,,,,,,,,,,,,01-Nov-2020 - 00:00,"Kacheripady, Ernakulam - Kerala PCB"
01-Nov-2020 - 00:00,28.76,53.47,5.02,22.1,19.11,4.06,1.91,1.42,0.0,0.0,0.0,0.0,0.0,02-Nov-2020 - 00:00,"Kacheripady, Ernakulam - Kerala PCB"
02-Nov-2020 - 00:00,30.71,58.85,5.51,22.51,19.41,4.5,1.91,1.5,0.0,0.0,0.0,0.0,0.0,03-Nov-2020 - 00:00,"Kacheripady, Ernakulam - Kerala PCB"
03-Nov-2020 - 00:00,59.88,98.53,6.04,22.93,19.95,5.46,1.92,1.81,0.0,0.0,0.0,0.0,0.0,04-Nov-2020 - 00:00,"Kacheripady, Ernakulam - Kerala PCB"
04-Nov-2020 - 00:00,45.06,71.48,6.3,24.03,21.67,7.11,1.91,1.7,0.0,0.0,0.0,0.0,0.0,05-Nov-2020 - 00:00,"Kacheripady, Ernakulam - Kerala PCB"
05-Nov-2020 - 00:00,34.51,54.13,6.31,24.05,21.69,7.12,1.91,1.67,0.0,0.0,0.0,0.0,0.0,06-Nov-2020 - 00:00,"Kacheripady, Ernakulam - Kerala PCB"
06-Nov-2020 - 00:00,31.55,51.8,5.66,24.05,21.66,6.41,2.35,1.75,0.0,0.0,0.0,0.0,0.0,07-Nov-2020 - 00:00,"Kacheripady, Ernakulam - Kerala PCB"
07-Nov-2020 - 00:00,33.01,57.0,5.34,23.93,22.13,5.77,3.16,1.7,0.0,0.0,0.0,0.0,0.0,08-Nov-2020 - 00:00,"Kacheripady, Ernakulam - Kerala PCB"
08-Nov-2020 - 00:00,25.23,38.63,5.88,23.81,22.63,6.08,3.4,1.53,0.0,0.0,0.0,0.0,0.0,09-Nov-2020 - 00:00,"Kacheripady, Ernakulam - Kerala PCB"
09-Nov-2020 - 00:00,25.9,46.04,5.32,23.26,21.88,5.93,3.75,1.63,0.0,0.0,0.0,0.0,0.0,10-Nov-2020 - 00:00,"Kacheripady, Ernakulam - Kerala PCB"
10-Nov-2020 - 00:00,53.84,85.35,4.92,22.6,21.07,5.72,3.62,1.72,0.0,0.0,0.0,0.0,0.0,11-Nov-2020 - 00:00,"Kacheripady, Ernakulam - Kerala PCB"
11-Nov-2020 - 00:00,61.52,96.21,5.2,23.42,22.09,5.93,4.45,1.7,0.0,0.0,0.0,0.0,0.0,12-Nov-2020 - 00:00,"Kacheripady, Ernakulam - Kerala PCB"
12-Nov-2020 - 00:00,67.96,104.61,5.95,24.21,22.87,6.64,4.95,1.9,0.0,0.0,0.0,0.0,0.0,13-Nov-2020 - 00:00,"Kacheripady, Ernakulam - Kerala PCB"
13-Nov-2020 - 00:00,61.85,89.38,6.11,23.72,24.8,6.74,4.96,1.92,0.0,0.0,0.0,0.0,0.0,14-Nov-2020 - 00:00,"Kacheripady, Ernakulam - Kerala PCB"
14-Nov-2020 - 00:00,36.67,62.55,4.22,22.63,27.24,4.43,4.98,1.83,0.0,0.0,0.0,0.0,0.0,15-Nov-2020 - 00:00,"Kacheripady, Ernakulam - Kerala PCB"
15-Nov-2020 - 00:00,38.94,59.85,3.19,22.36,26.55,3.19,4.97,1.69,0.0,0.0,0.0,0.0,0.0,16-Nov-2020 - 00:00,"Kacheripady, Ernakulam - Kerala PCB"
16-Nov-2020 - 00:00,32.4,53.15,3.81,21.38,25.89,3.47,4.97,1.8,0.0,0.0,0.0,0.0,0.0,17-Nov-2020 - 00:00,"Kacheripady, Ernakulam - Kerala PCB"
17-Nov-2020 - 00:00,24.0,33.73,5.49,19.96,23.87,4.13,5.35,1.93,0.0,0.0,0.0,0.0,0.0,18-Nov-2020 - 00:00,"Kacheripady, Ernakulam - Kerala PCB"
18-Nov-2020 - 00:00,16.12,31.34,5.62,20.99,22.36,4.13,5.76,2.11,0.0,0.0,0.0,0.0,0.0,19-Nov-2020 - 00:00,"Kacheripady, Ernakulam - Kerala PCB"
19-Nov-2020 - 00:00,32.65,52.46,6.21,22.04,21.2,4.93,6.29,2.17,0.0,0.0,0.0,0.0,0.0,20-Nov-2020 - 00:00,"Kacheripady, Ernakulam - Kerala PCB"
20-Nov-2020 - 00:00,15.16,34.85,6.47,21.88,20.94,5.8,5.76,2.05,0.0,0.0,0.0,0.0,0.0,21-Nov-2020 - 00:00,"Kacheripady, Ernakulam - Kerala PCB"
21-Nov-2020 - 00:00,18.03,43.83,5.98,22.18,21.88,6.99,5.23,2.06,0.0,0.0,0.0,0.0,0.0,22-Nov-2020 - 00:00,"Kacheripady, Ernakulam - Kerala PCB"
22-Nov-2020 - 00:00,34.1,53.7,5.88,23.56,21.72,6.48,5.26,1.6,0.0,0.0,0.0,0.0,0.0,23-Nov-2020 - 00:00,"Kacheripady, Ernakulam - Kerala PCB"
23-Nov-2020 - 00:00,31.15,59.09,5.46,23.19,21.79,6.34,5.04,1.69,0.0,0.0,0.0,0.0,0.0,24-Nov-2020 - 00:00,"Kacheripady, Ernakulam - Kerala PCB"
24-Nov-2020 - 00:00,66.12,101.57,5.65,23.19,22.06,5.91,5.12,1.9,0.0,0.0,0.0,0.0,0.0,25-Nov-2020 - 00:00,"Kacheripady, Ernakulam - Kerala PCB"
25-Nov-2020 - 00:00,57.96,91.75,5.82,23.74,22.76,6.25,5.39,1.91,0.0,0.0,0.0,0.0,0.0,26-Nov-2020 - 00:00,"Kacheripady, Ernakulam - Kerala PCB"
26-Nov-2020 - 00:00,29.28,51.65,4.95,23.11,24.56,5.9,5.67,1.44,0.0,0.0,0.0,0.0,0.0,27-Nov-2020 - 00:00,"Kacheripady, Ernakulam - Kerala PCB"
27-Nov-2020 - 00:00,26.51,48.68,4.62,22.88,27.52,5.91,6.23,1.3,0.0,0.0,0.0,0.0,0.0,28-Nov-2020 - 00:00,"Kacheripady, Ernakulam - Kerala PCB"
28-Nov-2020 - 00:00,28.34,53.42,5.94,23.82,29.76,6.4,9.32,1.37,0.0,0.0,0.0,0.0,0.0,29-Nov-2020 - 00:00,"Kacheripady, Ernakulam - Kerala PCB"
29-Nov-2020 - 00:00,22.96,44.01,6.79,24.63,31.41,6.82,12.54,1.42,0.0,0.0,0.0,0.0,0.0,30-Nov-2020 - 00:00,"Kacheripady, Ernakulam - Kerala PCB"
30-Nov-2020 - 00:00,26.44,50.23,5.94,24.86,30.8,6.28,11.05,1.52,0.0,0.0,0.0,0.0,0.0,01-Dec-2020 - 00:00,"Kacheripady, Ernakulam - Kerala PCB"
01-Dec-2020 - 00:00,42.0,66.0,5.38,25.02,30.4,5.94,9.98,1.56,0.0,0.0,0.0,0.0,0.0,02-Dec-2020 - 00:00,"Kacheripady, Ernakulam - Kerala PCB"
