from date,NO2,NH3,CO,Ozone,SO2,Benzene,PM10,PM2.5,NOx,NO,WS,WD,AT,RH,SR,MP-Xylene,Eth-Benzene,to date,station
01-Jan-2020 - 00:00,18.98,2.72,1.99,30.9,32.87,0.0,320.48,155.06,16.06,0.86,3.09,169.65,,68.77,152.58,0.09,0.03,02-Jan-2020 - 00:00,"Talcher Coalfields,Talcher - OSPCB"
02-Jan-2020 - 00:00,18.65,2.77,1.67,0.1,28.5,0.0,255.5,112.58,16.72,0.67,3.45,144.72,,85.81,0.53,0.07,0.02,03-Jan-2020 - 00:00,"Talcher Coalfields,Talcher - OSPCB"
03-Jan-2020 - 00:00,17.64,3.11,1.46,8.26,23.06,0.0,262.31,89.14,23.38,17.68,2.83,215.79,,94.72,7.92,4.64,4.61,04-Jan-2020 - 00:00,"Talcher Coalfields,Talcher - OSPCB"
04-Jan-2020 - 00:00,17.87,2.87,1.41,8.78,25.25,0.0,138.97,54.87,17.49,3.99,3.2,188.09,,86.81,50.06,0.06,0.02,05-Jan-2020 - 00:00,"Talcher Coalfields,Talcher - OSPCB"
05-Jan-2020 - 00:00,23.26,2.17,1.63,11.73,23.05,0.0,207.28,90.72,10.46,,3.08,150.19,,82.45,90.72,0.07,0.02,06-Jan-2020 - 00:00,"Talcher Coalfields,Talcher - OSPCB"
06-Jan-2020 - 00:00,23.35,2.16,1.92,19.19,21.51,0.0,267.26,135.77,10.34,,3.77,169.87,,79.77,143.52,0.06,0.03,07-Jan-2020 - 00:00,"Talcher Coalfields,Talcher - OSPCB"
07-Jan-2020 - 00:00,23.17,2.18,3.14,20.25,25.98,0.0,387.74,231.74,10.57,,3.15,151.61,,77.83,149.48,0.01,0.09,08-Jan-2020 - 00:00,"Talcher Coalfields,Talcher - OSPCB"
08-Jan-2020 - 00:00,22.39,2.28,1.65,18.88,22.35,0.0,223.17,133.95,11.62,,3.14,188.82,,73.77,159.57,0.0,0.07,09-Jan-2020 - 00:00,"Talcher Coalfields,Talcher - OSPCB"
09-Jan-2020 - 00:00,21.62,2.39,1.5,22.18,2.24,0.0,227.27,120.34,12.61,0.44,3.23,167.94,,81.64,45.8,0.0,0.05,10-Jan-2020 - 00:00,"Talcher Coalfields,Talcher - OSPCB"
10-Jan-2020 - 00:00,22.51,2.25,1.72,17.99,1.68,0.0,229.4,104.56,11.38,2.47,3.23,142.78,,74.86,98.12,0.0,0.06,11-Jan-2020 - 00:00,"Talcher Coalfields,Talcher - OSPCB"
11-Jan-2020 - 00:00,22.22,2.31,2.01,28.66,2.38,0.0,276.86,130.73,11.76,1.95,3.09,150.18,,73.81,154.08,0.0,0.08,12-Jan-2020 - 00:00,"Talcher Coalfields,Talcher - OSPCB"
12-Jan-2020 - 00:00,22.55,2.26,2.07,30.53,2.55,0.0,314.48,140.47,11.25,1.45,3.71,144.82,,68.58,238.53,0.0,0.08,13-Jan-2020 - 00:00,"Talcher Coalfields,Talcher - OSPCB"
13-Jan-2020 - 00:00,24.95,1.92,2.29,23.45,2.94,9.68,393.97,180.41,7.95,,3.01,148.83,,67.7,235.46,0.01,0.06,14-Jan-2020 - 00:00,"Talcher Coalfields,Talcher - OSPCB"
14-Jan-2020 - 00:00,25.27,15.62,2.0,9.15,7.16,0.61,351.85,173.05,69.38,182.21,3.25,173.44,,72.21,212.78,0.01,0.0,15-Jan-2020 - 00:00,"Talcher Coalfields,Talcher - OSPCB"
15-Jan-2020 - 00:00,18.6,1.72,0.77,13.83,24.91,0.05,305.17,175.27,12.16,12.64,3.29,181.15,,80.04,120.8,43.13,43.14,16-Jan-2020 - 00:00,"Talcher Coalfields,Talcher - OSPCB"
16-Jan-2020 - 00:00,10.35,1.62,1.26,21.75,19.13,0.0,256.65,151.04,18.06,8.71,3.65,186.13,,73.55,183.22,65.53,65.53,17-Jan-2020 - 00:00,"Talcher Coalfields,Talcher - OSPCB"
17-Jan-2020 - 00:00,11.26,1.5,1.32,10.85,16.48,0.0,310.73,146.14,16.87,5.74,3.14,172.53,,77.86,192.32,37.39,37.39,18-Jan-2020 - 00:00,"Talcher Coalfields,Talcher - OSPCB"
18-Jan-2020 - 00:00,11.26,1.5,1.43,7.58,15.45,0.0,262.99,133.82,16.77,5.52,3.09,171.25,,79.37,111.6,0.0,0.0,19-Jan-2020 - 00:00,"Talcher Coalfields,Talcher - OSPCB"
19-Jan-2020 - 00:00,10.9,1.54,1.73,15.67,14.62,0.0,322.95,157.3,17.25,6.53,3.04,164.23,,72.68,144.62,0.0,0.0,20-Jan-2020 - 00:00,"Talcher Coalfields,Talcher - OSPCB"
20-Jan-2020 - 00:00,10.04,1.65,1.3,16.38,13.37,0.0,242.87,134.22,18.42,8.38,3.16,190.49,,77.91,73.91,16.11,16.11,21-Jan-2020 - 00:00,"Talcher Coalfields,Talcher - OSPCB"
21-Jan-2020 - 00:00,8.82,1.81,1.16,21.89,11.45,0.0,280.79,83.4,20.04,11.21,3.23,188.54,,78.13,95.2,65.53,65.53,22-Jan-2020 - 00:00,"Talcher Coalfields,Talcher - OSPCB"
22-Jan-2020 - 00:00,8.8,1.82,1.36,23.97,10.73,0.0,326.32,113.37,20.03,11.25,3.46,161.43,,76.0,154.56,65.53,65.53,23-Jan-2020 - 00:00,"Talcher Coalfields,Talcher - OSPCB"
23-Jan-2020 - 00:00,7.36,2.02,1.39,9.33,9.78,0.0,320.72,192.49,22.06,14.7,2.98,183.33,,90.34,68.54,65.53,65.53,24-Jan-2020 - 00:00,"Talcher Coalfields,Talcher - OSPCB"
24-Jan-2020 - 00:00,7.13,1.74,1.45,28.36,10.35,0.0,414.09,62.26,18.4,18.83,3.79,143.78,,61.25,170.74,65.53,65.53,25-Jan-2020 - 00:00,"Talcher Coalfields,Talcher - OSPCB"
25-Jan-2020 - 00:00,4.66,1.8,1.76,27.2,17.59,0.0,354.2,53.58,16.24,16.94,3.45,160.93,,70.75,166.33,65.53,65.53,26-Jan-2020 - 00:00,"Talcher Coalfields,Talcher - OSPCB"
26-Jan-2020 - 00:00,5.7,1.27,1.95,36.13,27.78,0.0,359.95,215.99,12.23,6.54,2.97,137.86,,70.86,175.9,65.53,65.53,27-Jan-2020 - 00:00,"Talcher Coalfields,Talcher - OSPCB"
27-Jan-2020 - 00:00,5.72,2.16,1.79,19.22,13.42,0.0,311.52,186.95,22.56,9.13,3.58,146.58,,58.1,206.77,65.53,65.53,28-Jan-2020 - 00:00,"Talcher Coalfields,Talcher - OSPCB"
28-Jan-2020 - 00:00,5.02,1.37,1.0,23.81,12.24,0.0,182.89,109.74,13.18,8.16,3.16,212.24,,72.25,163.83,49.15,49.15,29-Jan-2020 - 00:00,"Talcher Coalfields,Talcher - OSPCB"
29-Jan-2020 - 00:00,4.65,1.42,1.42,17.71,11.07,0.0,221.25,132.76,13.61,8.97,3.08,159.68,,75.92,133.63,0.0,0.0,30-Jan-2020 - 00:00,"Talcher Coalfields,Talcher - OSPCB"
30-Jan-2020 - 00:00,4.1,1.49,1.59,23.68,10.84,0.0,173.7,104.19,14.33,10.23,2.92,142.54,,76.79,107.05,0.0,0.0,31-Jan-2020 - 00:00,"Talcher Coalfields,Talcher - OSPCB"
31-Jan-2020 - 00:00,5.58,1.29,1.58,24.18,10.63,0.0,200.57,120.07,12.34,9.42,3.01,154.42,,64.72,182.26,0.0,0.0,01-Feb-2020 - 00:00,"Talcher Coalfields,Talcher - OSPCB"
01-Feb-2020 - 00:00,6.06,2.36,0.18,28.03,11.32,0.0,175.52,105.3,23.26,28.93,2.91,189.77,,72.54,105.16,0.0,0.0,02-Feb-2020 - 00:00,"Talcher Coalfields,Talcher - OSPCB"
02-Feb-2020 - 00:00,5.51,1.3,0.08,32.37,10.41,0.0,167.37,100.42,12.45,7.15,3.5,195.63,,70.32,124.55,0.0,0.0,03-Feb-2020 - 00:00,"Talcher Coalfields,Talcher - OSPCB"
03-Feb-2020 - 00:00,5.76,1.26,0.0,44.7,9.72,0.0,123.67,74.21,12.17,6.74,3.19,191.73,,64.18,142.78,0.0,0.0,04-Feb-2020 - 00:00,"Talcher Coalfields,Talcher - OSPCB"
04-Feb-2020 - 00:00,5.28,1.33,0.72,47.51,11.35,0.0,128.17,76.92,12.78,7.5,3.1,201.29,,65.77,74.86,0.0,0.0,05-Feb-2020 - 00:00,"Talcher Coalfields,Talcher - OSPCB"
05-Feb-2020 - 00:00,4.84,1.39,2.22,26.79,12.23,0.0,124.88,74.95,13.4,8.56,3.7,185.69,,85.43,39.98,0.0,0.0,06-Feb-2020 - 00:00,"Talcher Coalfields,Talcher - OSPCB"
06-Feb-2020 - 00:00,5.29,13.64,2.2,8.73,9.07,0.0,143.32,86.29,33.8,30.71,2.98,173.13,,83.79,56.16,0.0,0.0,07-Feb-2020 - 00:00,"Talcher Coalfields,Talcher - OSPCB"
07-Feb-2020 - 00:00,2.28,2.05,0.98,6.41,1.57,0.0,72.69,43.64,10.04,7.76,3.03,186.49,,91.46,11.54,0.0,0.0,08-Feb-2020 - 00:00,"Talcher Coalfields,Talcher - OSPCB"
08-Feb-2020 - 00:00,2.94,1.82,1.14,8.18,1.24,0.0,68.07,40.84,8.35,5.41,3.26,172.75,,91.98,10.84,0.0,0.0,09-Feb-2020 - 00:00,"Talcher Coalfields,Talcher - OSPCB"
09-Feb-2020 - 00:00,3.34,1.69,1.14,1.75,0.78,0.0,54.14,32.49,7.29,4.18,2.81,133.03,,91.01,25.21,0.0,0.0,10-Feb-2020 - 00:00,"Talcher Coalfields,Talcher - OSPCB"
10-Feb-2020 - 00:00,6.35,1.83,1.75,22.83,26.49,0.0,191.29,114.8,19.83,19.45,3.28,137.38,,58.8,224.91,42.69,42.69,11-Feb-2020 - 00:00,"Talcher Coalfields,Talcher - OSPCB"
11-Feb-2020 - 00:00,6.11,1.24,2.05,33.85,33.64,0.0,233.18,139.92,12.05,7.19,3.22,155.07,,67.52,235.73,65.53,65.53,12-Feb-2020 - 00:00,"Talcher Coalfields,Talcher - OSPCB"
12-Feb-2020 - 00:00,6.6,1.68,1.93,34.31,30.85,0.0,195.34,117.18,17.74,17.91,3.31,135.9,,65.03,244.21,51.97,51.97,13-Feb-2020 - 00:00,"Talcher Coalfields,Talcher - OSPCB"
13-Feb-2020 - 00:00,8.35,0.9,1.71,26.96,26.83,0.0,239.12,143.48,8.47,5.37,3.61,122.36,,60.61,264.41,65.53,65.53,14-Feb-2020 - 00:00,"Talcher Coalfields,Talcher - OSPCB"
14-Feb-2020 - 00:00,5.58,1.29,1.7,30.16,27.91,0.0,238.79,143.27,12.42,6.84,3.25,140.27,,57.49,263.51,48.41,48.41,15-Feb-2020 - 00:00,"Talcher Coalfields,Talcher - OSPCB"
15-Feb-2020 - 00:00,5.61,1.29,1.8,37.04,27.69,0.0,213.32,127.98,12.31,6.7,2.95,147.4,,60.03,249.67,0.0,0.0,16-Feb-2020 - 00:00,"Talcher Coalfields,Talcher - OSPCB"
16-Feb-2020 - 00:00,5.06,1.61,2.08,44.41,29.06,0.0,256.54,153.98,16.15,13.39,3.32,162.78,,64.16,234.57,30.03,30.03,17-Feb-2020 - 00:00,"Talcher Coalfields,Talcher - OSPCB"
17-Feb-2020 - 00:00,4.89,1.38,1.99,40.21,29.25,0.0,260.49,156.29,13.24,9.18,3.52,143.94,,62.93,259.38,65.53,65.53,18-Feb-2020 - 00:00,"Talcher Coalfields,Talcher - OSPCB"
18-Feb-2020 - 00:00,5.12,1.47,1.97,34.88,41.36,0.0,186.4,108.93,14.27,11.4,3.15,140.58,,52.57,281.55,52.46,52.46,19-Feb-2020 - 00:00,"Talcher Coalfields,Talcher - OSPCB"
19-Feb-2020 - 00:00,5.05,1.62,2.07,22.66,51.79,0.0,164.73,98.83,16.0,13.91,3.08,173.02,,57.94,240.86,19.94,19.94,20-Feb-2020 - 00:00,"Talcher Coalfields,Talcher - OSPCB"
20-Feb-2020 - 00:00,5.63,1.28,1.85,16.11,49.98,0.0,111.77,67.05,12.36,7.04,3.15,183.93,,67.06,182.2,30.72,30.72,21-Feb-2020 - 00:00,"Talcher Coalfields,Talcher - OSPCB"
21-Feb-2020 - 00:00,5.01,1.36,0.93,24.61,35.83,0.0,58.68,35.21,13.14,8.13,3.61,198.05,,64.18,238.48,0.0,0.0,22-Feb-2020 - 00:00,"Talcher Coalfields,Talcher - OSPCB"
22-Feb-2020 - 00:00,4.52,1.43,1.13,37.25,28.91,0.0,89.0,53.41,13.79,9.27,3.05,191.81,,60.1,225.28,0.0,0.0,23-Feb-2020 - 00:00,"Talcher Coalfields,Talcher - OSPCB"
23-Feb-2020 - 00:00,4.64,1.41,1.62,33.25,29.01,0.0,116.5,69.89,13.6,8.96,3.59,188.1,,59.78,184.64,0.0,0.0,24-Feb-2020 - 00:00,"Talcher Coalfields,Talcher - OSPCB"
24-Feb-2020 - 00:00,4.01,1.5,1.81,9.85,36.23,0.0,89.25,53.54,14.51,10.51,3.18,152.89,,83.12,19.23,0.0,0.0,25-Feb-2020 - 00:00,"Talcher Coalfields,Talcher - OSPCB"
25-Feb-2020 - 00:00,3.62,1.56,1.21,15.62,34.69,0.0,38.52,23.1,15.12,11.6,3.18,188.84,,88.89,30.14,0.0,0.0,26-Feb-2020 - 00:00,"Talcher Coalfields,Talcher - OSPCB"
26-Feb-2020 - 00:00,4.06,1.5,1.51,17.79,28.19,0.0,78.76,47.27,14.41,10.37,3.02,135.44,,78.83,185.9,0.0,0.0,27-Feb-2020 - 00:00,"Talcher Coalfields,Talcher - OSPCB"
27-Feb-2020 - 00:00,4.49,1.43,2.16,23.37,33.8,0.0,113.91,68.35,13.82,9.33,2.94,125.64,,63.29,292.16,0.0,0.0,28-Feb-2020 - 00:00,"Talcher Coalfields,Talcher - OSPCB"
28-Feb-2020 - 00:00,4.04,1.49,2.03,25.18,37.79,0.0,122.35,73.4,14.38,10.82,3.26,166.4,,67.61,235.92,0.0,0.0,29-Feb-2020 - 00:00,"Talcher Coalfields,Talcher - OSPCB"
29-Feb-2020 - 00:00,3.94,1.9,1.93,48.79,40.25,0.0,122.78,73.65,19.03,18.52,3.49,165.74,,67.01,267.64,0.0,0.0,01-Mar-2020 - 00:00,"Talcher Coalfields,Talcher - OSPCB"
01-Mar-2020 - 00:00,3.73,1.53,2.03,45.32,44.04,0.0,137.67,82.59,14.79,11.08,3.09,160.3,,67.12,204.34,0.0,0.0,02-Mar-2020 - 00:00,"Talcher Coalfields,Talcher - OSPCB"
02-Mar-2020 - 00:00,4.2,2.45,2.08,30.07,46.59,0.0,143.5,86.09,26.28,13.13,3.21,171.93,,67.81,158.11,0.0,0.0,03-Mar-2020 - 00:00,"Talcher Coalfields,Talcher - OSPCB"
03-Mar-2020 - 00:00,4.32,1.45,1.38,32.24,48.18,0.0,90.63,54.38,14.04,9.72,3.07,193.67,,61.8,208.48,0.0,0.0,04-Mar-2020 - 00:00,"Talcher Coalfields,Talcher - OSPCB"
04-Mar-2020 - 00:00,3.73,2.29,1.41,4.78,52.08,0.0,59.36,34.46,24.07,21.46,3.5,187.12,,78.19,90.8,17.71,17.71,05-Mar-2020 - 00:00,"Talcher Coalfields,Talcher - OSPCB"
05-Mar-2020 - 00:00,3.4,1.79,1.09,3.84,50.23,0.0,25.83,15.6,17.76,16.09,3.08,201.06,,82.67,82.08,36.78,36.78,06-Mar-2020 - 00:00,"Talcher Coalfields,Talcher - OSPCB"
06-Mar-2020 - 00:00,4.37,12.2,1.1,4.29,47.63,0.0,26.82,16.09,123.44,108.04,2.66,223.53,,78.02,93.44,0.7,0.7,07-Mar-2020 - 00:00,"Talcher Coalfields,Talcher - OSPCB"
07-Mar-2020 - 00:00,3.4,1.65,1.26,20.05,46.77,0.0,21.4,12.84,15.97,13.11,2.92,205.69,,82.12,83.31,0.0,0.0,08-Mar-2020 - 00:00,"Talcher Coalfields,Talcher - OSPCB"
08-Mar-2020 - 00:00,4.03,1.55,1.74,11.24,45.99,0.0,38.7,23.22,15.26,11.87,2.85,133.27,,84.44,111.77,0.0,0.0,09-Mar-2020 - 00:00,"Talcher Coalfields,Talcher - OSPCB"
09-Mar-2020 - 00:00,3.73,1.74,1.66,40.71,37.85,0.0,43.96,26.37,16.83,14.67,2.88,147.28,,49.28,334.6,0.0,0.0,10-Mar-2020 - 00:00,"Talcher Coalfields,Talcher - OSPCB"
10-Mar-2020 - 00:00,3.76,1.67,1.41,34.91,34.46,0.0,44.84,26.91,16.19,13.57,3.19,173.79,,66.54,136.46,0.0,0.0,11-Mar-2020 - 00:00,"Talcher Coalfields,Talcher - OSPCB"
11-Mar-2020 - 00:00,4.92,1.83,1.12,45.59,68.67,0.0,14.7,8.83,17.81,16.37,3.17,187.35,,48.77,166.8,0.0,0.0,12-Mar-2020 - 00:00,"Talcher Coalfields,Talcher - OSPCB"
12-Mar-2020 - 00:00,7.33,3.51,1.29,16.29,66.12,0.0,28.18,16.91,15.23,12.99,3.0,197.67,,73.67,106.07,0.0,0.0,13-Mar-2020 - 00:00,"Talcher Coalfields,Talcher - OSPCB"
13-Mar-2020 - 00:00,12.56,7.09,1.36,32.23,73.99,0.0,26.25,15.76,15.44,18.85,3.02,199.9,,67.64,216.23,0.0,0.0,14-Mar-2020 - 00:00,"Talcher Coalfields,Talcher - OSPCB"
14-Mar-2020 - 00:00,12.98,6.76,1.16,17.64,56.49,0.0,21.99,13.19,11.01,0.51,2.6,199.11,,80.3,169.3,0.0,0.0,15-Mar-2020 - 00:00,"Talcher Coalfields,Talcher - OSPCB"
15-Mar-2020 - 00:00,,,,,,,,,,,,,,,,,,16-Mar-2020 - 00:00,"Talcher Coalfields,Talcher - OSPCB"
16-Mar-2020 - 00:00,,,,,,,,,,,,,,,,,,17-Mar-2020 - 00:00,"Talcher Coalfields,Talcher - OSPCB"
17-Mar-2020 - 00:00,,,,,,,,,,,,,,,,,,18-Mar-2020 - 00:00,"Talcher Coalfields,Talcher - OSPCB"
18-Mar-2020 - 00:00,3.85,13.3,1.89,80.65,38.46,0.0,82.39,14.43,0.0,,2.88,135.65,31.68,37.76,80.89,0.0,0.0,19-Mar-2020 - 00:00,"Talcher Coalfields,Talcher - OSPCB"
19-Mar-2020 - 00:00,4.36,11.97,1.99,39.34,16.73,0.0,58.35,36.44,0.07,,3.03,215.04,30.09,55.95,149.72,0.0,0.0,20-Mar-2020 - 00:00,"Talcher Coalfields,Talcher - OSPCB"
20-Mar-2020 - 00:00,4.27,15.28,3.47,39.44,23.97,0.0,189.82,64.37,30.1,70.81,,,,,,0.0,0.0,21-Mar-2020 - 00:00,"Talcher Coalfields,Talcher - OSPCB"
21-Mar-2020 - 00:00,5.12,14.07,2.87,34.57,15.15,0.0,90.64,46.35,11.26,33.09,,,,,,0.0,0.0,22-Mar-2020 - 00:00,"Talcher Coalfields,Talcher - OSPCB"
22-Mar-2020 - 00:00,4.49,13.52,1.81,45.27,5.38,0.0,51.49,33.21,4.68,20.7,,,,,,0.0,0.0,23-Mar-2020 - 00:00,"Talcher Coalfields,Talcher - OSPCB"
23-Mar-2020 - 00:00,5.33,13.09,1.69,37.0,2.1,0.0,66.83,27.23,0.31,1.47,,,,,,0.0,0.0,24-Mar-2020 - 00:00,"Talcher Coalfields,Talcher - OSPCB"
24-Mar-2020 - 00:00,5.5,13.07,2.3,45.83,0.48,0.0,110.51,57.37,0.29,1.12,,,,,,0.0,0.0,25-Mar-2020 - 00:00,"Talcher Coalfields,Talcher - OSPCB"
25-Mar-2020 - 00:00,5.16,14.64,2.47,43.74,,0.0,112.23,67.21,17.81,37.74,,,,,,0.0,0.0,26-Mar-2020 - 00:00,"Talcher Coalfields,Talcher - OSPCB"
26-Mar-2020 - 00:00,5.88,13.37,2.56,41.3,0.01,0.0,134.93,62.69,4.1,150.78,,,,,,0.0,0.0,27-Mar-2020 - 00:00,"Talcher Coalfields,Talcher - OSPCB"
27-Mar-2020 - 00:00,5.46,13.1,2.11,54.52,,0.0,120.31,55.04,0.8,17.52,,,,,,0.0,0.0,28-Mar-2020 - 00:00,"Talcher Coalfields,Talcher - OSPCB"
28-Mar-2020 - 00:00,5.06,13.11,2.4,50.64,,0.0,148.84,67.6,0.57,0.62,,,,,,0.0,0.0,29-Mar-2020 - 00:00,"Talcher Coalfields,Talcher - OSPCB"
29-Mar-2020 - 00:00,4.4,13.4,2.17,61.2,,0.0,114.86,54.24,3.17,9.86,,,,,,0.0,0.0,30-Mar-2020 - 00:00,"Talcher Coalfields,Talcher - OSPCB"
30-Mar-2020 - 00:00,4.39,13.25,1.99,60.68,,0.0,91.21,43.31,1.25,2.71,,,,,,0.0,0.0,31-Mar-2020 - 00:00,"Talcher Coalfields,Talcher - OSPCB"
31-Mar-2020 - 00:00,5.54,13.41,2.16,58.66,,0.0,115.58,55.17,2.08,5.36,,,,,,0.0,0.0,01-Apr-2020 - 00:00,"Talcher Coalfields,Talcher - OSPCB"
01-Apr-2020 - 00:00,4.37,20.17,1.92,48.84,3.97,0.0,104.68,33.32,34.8,74.08,,,,,,0.0,0.0,02-Apr-2020 - 00:00,"Talcher Coalfields,Talcher - OSPCB"
02-Apr-2020 - 00:00,4.19,13.29,1.92,49.75,,0.0,78.1,40.67,0.74,0.86,,,,,,0.0,0.0,03-Apr-2020 - 00:00,"Talcher Coalfields,Talcher - OSPCB"
03-Apr-2020 - 00:00,6.11,13.57,1.97,95.38,,0.0,70.79,32.48,6.82,85.48,,,,,,0.0,0.0,04-Apr-2020 - 00:00,"Talcher Coalfields,Talcher - OSPCB"
04-Apr-2020 - 00:00,4.85,13.17,2.42,65.19,,0.0,99.45,57.97,0.58,1.2,,,,,,0.0,0.0,05-Apr-2020 - 00:00,"Talcher Coalfields,Talcher - OSPCB"
05-Apr-2020 - 00:00,4.37,13.34,1.98,65.61,,0.0,75.99,47.71,1.47,3.22,,,,,,0.0,0.0,06-Apr-2020 - 00:00,"Talcher Coalfields,Talcher - OSPCB"
06-Apr-2020 - 00:00,4.58,13.64,2.75,55.52,,0.0,155.83,68.01,4.32,11.75,,,,,,0.0,0.0,07-Apr-2020 - 00:00,"Talcher Coalfields,Talcher - OSPCB"
07-Apr-2020 - 00:00,4.21,13.49,2.18,70.33,,0.0,76.61,43.69,3.74,10.92,,,,,,0.0,0.0,08-Apr-2020 - 00:00,"Talcher Coalfields,Talcher - OSPCB"
08-Apr-2020 - 00:00,4.92,14.45,2.19,51.88,,0.0,61.51,32.61,13.41,16.81,,,,,,0.0,0.0,09-Apr-2020 - 00:00,"Talcher Coalfields,Talcher - OSPCB"
09-Apr-2020 - 00:00,5.26,13.41,1.92,79.26,,0.0,54.21,29.26,2.06,5.3,,,,,,0.0,0.0,10-Apr-2020 - 00:00,"Talcher Coalfields,Talcher - OSPCB"
10-Apr-2020 - 00:00,5.01,13.45,2.11,69.81,,0.0,70.95,42.35,2.27,5.37,,,,,,0.0,0.0,11-Apr-2020 - 00:00,"Talcher Coalfields,Talcher - OSPCB"
11-Apr-2020 - 00:00,4.77,13.53,2.26,71.92,,0.0,100.79,54.11,2.76,7.38,,,,,,0.0,0.0,12-Apr-2020 - 00:00,"Talcher Coalfields,Talcher - OSPCB"
12-Apr-2020 - 00:00,4.08,13.38,2.59,86.06,,0.0,105.36,33.76,1.99,5.04,,,,,,0.0,0.0,13-Apr-2020 - 00:00,"Talcher Coalfields,Talcher - OSPCB"
13-Apr-2020 - 00:00,4.81,14.06,2.46,78.99,,0.0,93.7,,10.33,30.78,,,,,,0.0,0.0,14-Apr-2020 - 00:00,"Talcher Coalfields,Talcher - OSPCB"
14-Apr-2020 - 00:00,5.32,13.37,2.68,68.19,,0.0,135.74,,1.8,4.35,,,,,,0.0,0.0,15-Apr-2020 - 00:00,"Talcher Coalfields,Talcher - OSPCB"
15-Apr-2020 - 00:00,5.09,14.01,2.21,76.16,,0.0,75.41,,5.43,17.04,,,,,,0.0,0.0,16-Apr-2020 - 00:00,"Talcher Coalfields,Talcher - OSPCB"
16-Apr-2020 - 00:00,4.97,13.47,2.23,93.7,,0.0,80.7,,3.17,9.15,,,,,,0.0,0.0,17-Apr-2020 - 00:00,"Talcher Coalfields,Talcher - OSPCB"
17-Apr-2020 - 00:00,5.14,13.13,1.99,81.63,,0.0,52.43,,0.48,0.63,,,,,,0.0,0.0,18-Apr-2020 - 00:00,"Talcher Coalfields,Talcher - OSPCB"
18-Apr-2020 - 00:00,6.21,14.76,1.96,68.59,,0.0,59.92,,20.29,49.35,,,,,,0.0,0.0,19-Apr-2020 - 00:00,"Talcher Coalfields,Talcher - OSPCB"
19-Apr-2020 - 00:00,5.07,13.48,3.2,70.32,,0.0,62.02,,3.64,24.45,,,,,,0.0,0.0,20-Apr-2020 - 00:00,"Talcher Coalfields,Talcher - OSPCB"
20-Apr-2020 - 00:00,5.48,13.14,2.36,69.79,,0.0,48.14,,0.93,6.6,,,,,,0.0,0.0,21-Apr-2020 - 00:00,"Talcher Coalfields,Talcher - OSPCB"
21-Apr-2020 - 00:00,4.93,13.42,1.79,35.97,,0.0,14.21,,2.95,49.09,,,,,,0.0,0.0,22-Apr-2020 - 00:00,"Talcher Coalfields,Talcher - OSPCB"
22-Apr-2020 - 00:00,5.57,13.12,1.88,35.2,,0.0,18.42,,0.6,30.15,,,,,,0.0,0.0,23-Apr-2020 - 00:00,"Talcher Coalfields,Talcher - OSPCB"
23-Apr-2020 - 00:00,5.19,13.11,1.92,60.09,,0.0,40.13,,0.44,0.64,,,,,,0.0,0.0,24-Apr-2020 - 00:00,"Talcher Coalfields,Talcher - OSPCB"
24-Apr-2020 - 00:00,11.25,10.91,1.89,48.19,75.66,0.0,21.69,24.63,12.47,28.39,2.88,205.15,24.31,80.57,37.5,0.0,0.0,25-Apr-2020 - 00:00,"Talcher Coalfields,Talcher - OSPCB"
25-Apr-2020 - 00:00,21.06,3.16,2.04,54.96,49.05,0.0,19.29,17.07,26.25,7.56,2.92,204.34,25.66,79.08,99.19,0.0,0.0,26-Apr-2020 - 00:00,"Talcher Coalfields,Talcher - OSPCB"
26-Apr-2020 - 00:00,20.63,3.21,1.94,46.92,,0.0,18.84,,26.83,6.21,2.93,184.15,27.0,74.61,134.74,0.0,0.0,27-Apr-2020 - 00:00,"Talcher Coalfields,Talcher - OSPCB"
27-Apr-2020 - 00:00,20.75,3.2,2.07,60.05,,0.0,21.59,,26.64,6.94,3.66,195.01,27.16,69.07,174.91,0.0,0.0,28-Apr-2020 - 00:00,"Talcher Coalfields,Talcher - OSPCB"
28-Apr-2020 - 00:00,20.37,3.91,2.02,67.0,,0.0,27.5,20.92,34.61,6.82,2.85,202.07,28.39,67.3,131.92,0.0,0.0,29-Apr-2020 - 00:00,"Talcher Coalfields,Talcher - OSPCB"
29-Apr-2020 - 00:00,19.36,3.76,2.46,56.88,,0.0,7.94,38.88,33.81,17.54,2.8,202.54,25.82,72.56,175.76,0.0,0.0,30-Apr-2020 - 00:00,"Talcher Coalfields,Talcher - OSPCB"
30-Apr-2020 - 00:00,19.26,3.38,1.95,57.38,,0.0,33.74,15.57,28.62,9.36,3.31,212.58,28.24,69.73,261.21,0.0,0.0,01-May-2020 - 00:00,"Talcher Coalfields,Talcher - OSPCB"
01-May-2020 - 00:00,18.86,3.43,2.15,53.41,,0.0,50.89,27.57,29.08,10.22,3.3,187.43,29.69,71.02,272.51,0.0,0.0,02-May-2020 - 00:00,"Talcher Coalfields,Talcher - OSPCB"
02-May-2020 - 00:00,,,,,,,,,,,,,,,,,,03-May-2020 - 00:00,"Talcher Coalfields,Talcher - OSPCB"
03-May-2020 - 00:00,19.01,3.42,1.96,73.38,,0.0,39.55,20.68,28.9,9.9,2.53,221.95,31.92,66.1,249.4,0.0,0.0,04-May-2020 - 00:00,"Talcher Coalfields,Talcher - OSPCB"
04-May-2020 - 00:00,17.4,4.68,2.02,47.51,,0.0,23.51,10.73,43.96,34.26,3.14,210.94,28.01,72.27,113.23,0.0,0.0,05-May-2020 - 00:00,"Talcher Coalfields,Talcher - OSPCB"
05-May-2020 - 00:00,17.46,5.82,1.89,44.46,20.01,0.0,71.31,39.97,21.79,8.77,3.12,204.53,29.98,68.45,138.36,0.0,0.0,06-May-2020 - 00:00,"Talcher Coalfields,Talcher - OSPCB"
06-May-2020 - 00:00,17.39,12.18,1.73,59.43,15.17,0.0,107.7,41.12,26.11,44.85,2.93,201.82,28.01,70.87,173.58,0.0,0.0,07-May-2020 - 00:00,"Talcher Coalfields,Talcher - OSPCB"
07-May-2020 - 00:00,16.74,11.27,1.59,48.34,14.22,0.0,105.15,43.41,15.83,5.86,2.79,154.07,25.83,73.85,110.27,0.0,0.0,08-May-2020 - 00:00,"Talcher Coalfields,Talcher - OSPCB"
08-May-2020 - 00:00,18.51,10.99,1.54,84.56,13.45,0.0,166.06,50.29,13.45,3.12,2.61,261.89,34.01,51.91,119.22,0.0,0.0,09-May-2020 - 00:00,"Talcher Coalfields,Talcher - OSPCB"
09-May-2020 - 00:00,17.38,11.77,2.18,72.24,14.6,0.0,141.68,81.98,22.58,29.02,3.28,191.66,29.35,67.18,237.29,0.0,0.0,10-May-2020 - 00:00,"Talcher Coalfields,Talcher - OSPCB"
10-May-2020 - 00:00,16.78,12.08,1.5,57.81,13.69,0.0,103.8,49.7,27.32,41.87,3.11,207.03,29.31,69.48,122.62,0.0,0.0,11-May-2020 - 00:00,"Talcher Coalfields,Talcher - OSPCB"
11-May-2020 - 00:00,18.37,11.04,1.74,60.19,14.67,0.0,169.16,59.49,13.61,4.36,3.49,207.45,29.22,63.78,200.39,0.0,0.0,12-May-2020 - 00:00,"Talcher Coalfields,Talcher - OSPCB"
12-May-2020 - 00:00,17.65,11.11,1.42,48.5,14.66,0.0,154.71,50.1,14.63,5.62,2.87,203.71,30.34,66.78,190.34,0.0,0.0,13-May-2020 - 00:00,"Talcher Coalfields,Talcher - OSPCB"
13-May-2020 - 00:00,18.93,10.95,1.36,47.94,14.46,0.0,139.8,44.08,12.87,3.34,3.02,214.95,30.44,59.0,223.45,0.0,0.0,14-May-2020 - 00:00,"Talcher Coalfields,Talcher - OSPCB"
14-May-2020 - 00:00,13.59,13.28,1.27,45.54,15.67,0.0,59.65,53.84,35.68,46.52,3.5,219.06,31.48,61.79,233.97,0.0,0.0,15-May-2020 - 00:00,"Talcher Coalfields,Talcher - OSPCB"
15-May-2020 - 00:00,14.2,11.71,1.41,54.48,15.37,0.0,40.39,20.19,19.59,6.92,3.4,216.18,31.17,60.92,198.98,0.0,0.0,16-May-2020 - 00:00,"Talcher Coalfields,Talcher - OSPCB"
16-May-2020 - 00:00,12.84,14.11,1.52,58.91,16.38,0.0,55.32,27.66,43.37,38.15,3.21,200.41,30.29,64.78,156.5,0.0,0.0,17-May-2020 - 00:00,"Talcher Coalfields,Talcher - OSPCB"
17-May-2020 - 00:00,10.84,11.64,0.46,22.25,20.21,0.0,87.76,43.9,3.32,11.93,3.28,190.04,30.1,66.27,176.62,0.0,0.0,18-May-2020 - 00:00,"Talcher Coalfields,Talcher - OSPCB"
18-May-2020 - 00:00,14.84,11.56,0.78,,16.5,0.0,31.71,15.85,10.55,10.79,3.04,197.25,30.46,62.69,141.27,0.0,0.0,19-May-2020 - 00:00,"Talcher Coalfields,Talcher - OSPCB"
19-May-2020 - 00:00,15.54,11.99,1.6,,17.2,0.0,39.79,19.89,23.33,30.25,3.27,159.95,29.2,71.2,49.9,0.0,0.0,20-May-2020 - 00:00,"Talcher Coalfields,Talcher - OSPCB"
20-May-2020 - 00:00,16.72,11.38,1.87,,19.55,0.0,44.52,22.25,16.21,3.87,2.8,136.96,25.49,71.54,24.18,0.0,0.0,21-May-2020 - 00:00,"Talcher Coalfields,Talcher - OSPCB"
21-May-2020 - 00:00,17.64,11.22,2.18,,22.65,0.0,68.39,34.2,14.94,0.55,3.28,158.04,29.11,63.27,173.91,0.0,0.0,22-May-2020 - 00:00,"Talcher Coalfields,Talcher - OSPCB"
22-May-2020 - 00:00,16.96,11.36,1.48,,23.82,0.0,45.79,22.9,17.03,6.31,2.93,205.9,30.52,71.77,200.28,0.0,0.0,23-May-2020 - 00:00,"Talcher Coalfields,Talcher - OSPCB"
23-May-2020 - 00:00,16.01,11.43,1.42,,25.01,0.0,40.75,20.38,16.97,2.69,2.55,211.45,30.92,73.24,178.68,0.0,0.0,24-May-2020 - 00:00,"Talcher Coalfields,Talcher - OSPCB"
24-May-2020 - 00:00,17.18,11.22,1.44,,27.58,0.0,42.18,21.09,15.32,4.53,2.64,218.16,31.49,71.11,217.03,0.0,0.0,25-May-2020 - 00:00,"Talcher Coalfields,Talcher - OSPCB"
25-May-2020 - 00:00,17.86,11.11,1.41,,28.14,0.0,36.23,18.11,14.4,0.89,3.1,210.62,31.84,71.6,212.75,0.0,0.0,26-May-2020 - 00:00,"Talcher Coalfields,Talcher - OSPCB"
26-May-2020 - 00:00,17.36,11.17,1.44,,29.48,0.0,35.68,17.84,15.07,1.53,3.36,211.48,31.91,70.28,189.05,0.0,0.0,27-May-2020 - 00:00,"Talcher Coalfields,Talcher - OSPCB"
27-May-2020 - 00:00,19.36,10.91,1.48,,32.84,0.0,40.4,20.21,12.38,,2.58,216.03,32.84,64.41,212.04,0.0,0.0,28-May-2020 - 00:00,"Talcher Coalfields,Talcher - OSPCB"
28-May-2020 - 00:00,17.26,11.19,1.41,,27.46,0.0,39.73,19.87,15.25,2.7,2.93,202.98,28.9,75.43,119.42,0.0,0.0,29-May-2020 - 00:00,"Talcher Coalfields,Talcher - OSPCB"
29-May-2020 - 00:00,18.32,11.07,1.66,,25.2,0.0,26.78,13.4,14.3,10.32,3.48,218.93,29.08,72.2,112.24,0.0,0.0,30-May-2020 - 00:00,"Talcher Coalfields,Talcher - OSPCB"
30-May-2020 - 00:00,20.77,11.52,1.69,,24.73,0.0,40.25,20.12,23.86,99.06,3.11,189.01,29.07,67.87,168.5,0.0,0.0,31-May-2020 - 00:00,"Talcher Coalfields,Talcher - OSPCB"
31-May-2020 - 00:00,19.53,11.47,1.52,,26.4,0.0,35.12,17.57,21.08,75.11,3.15,215.16,30.91,70.28,196.13,0.0,0.0,01-Jun-2020 - 00:00,"Talcher Coalfields,Talcher - OSPCB"
01-Jun-2020 - 00:00,18.98,11.16,1.7,,28.31,0.0,42.2,21.1,16.12,36.63,3.03,205.67,27.55,80.71,58.3,0.0,0.0,02-Jun-2020 - 00:00,"Talcher Coalfields,Talcher - OSPCB"
02-Jun-2020 - 00:00,17.77,11.46,1.87,,30.46,0.0,63.4,31.69,20.4,24.78,3.19,192.05,26.66,80.56,108.68,0.0,0.0,03-Jun-2020 - 00:00,"Talcher Coalfields,Talcher - OSPCB"
03-Jun-2020 - 00:00,20.52,11.35,2.24,,30.59,0.0,68.71,34.38,18.76,93.83,3.04,182.17,27.53,78.26,128.95,0.0,0.0,04-Jun-2020 - 00:00,"Talcher Coalfields,Talcher - OSPCB"
04-Jun-2020 - 00:00,,,0.38,,,0.0,103.71,51.86,0.0,,2.5,262.43,35.45,48.42,429.79,0.0,0.0,05-Jun-2020 - 00:00,"Talcher Coalfields,Talcher - OSPCB"
05-Jun-2020 - 00:00,,,1.95,47.29,27.31,0.0,72.42,36.21,0.0,,3.03,197.51,31.02,63.47,106.13,0.0,0.0,06-Jun-2020 - 00:00,"Talcher Coalfields,Talcher - OSPCB"
06-Jun-2020 - 00:00,,,2.15,68.96,31.2,0.0,64.22,32.36,0.0,,3.86,174.74,31.32,65.72,174.47,0.0,0.0,07-Jun-2020 - 00:00,"Talcher Coalfields,Talcher - OSPCB"
07-Jun-2020 - 00:00,,,,,,,,,,,,,,,,,,08-Jun-2020 - 00:00,"Talcher Coalfields,Talcher - OSPCB"
08-Jun-2020 - 00:00,,,2.15,44.66,26.9,0.0,106.42,54.31,0.0,,2.86,172.67,33.58,54.79,173.19,0.0,0.0,09-Jun-2020 - 00:00,"Talcher Coalfields,Talcher - OSPCB"
09-Jun-2020 - 00:00,,,,,,,,,,,,,,,,,,10-Jun-2020 - 00:00,"Talcher Coalfields,Talcher - OSPCB"
10-Jun-2020 - 00:00,,,,,,,,,,,,,,,,,,11-Jun-2020 - 00:00,"Talcher Coalfields,Talcher - OSPCB"
11-Jun-2020 - 00:00,,,,,,,,,,,,,,,,,,12-Jun-2020 - 00:00,"Talcher Coalfields,Talcher - OSPCB"
12-Jun-2020 - 00:00,,,,,,,,,,,,,,,,,,13-Jun-2020 - 00:00,"Talcher Coalfields,Talcher - OSPCB"
13-Jun-2020 - 00:00,,,,,,,,,,,,,,,,,,14-Jun-2020 - 00:00,"Talcher Coalfields,Talcher - OSPCB"
14-Jun-2020 - 00:00,,,,,,,,,,,,,,,,,,15-Jun-2020 - 00:00,"Talcher Coalfields,Talcher - OSPCB"
15-Jun-2020 - 00:00,,,,,,,,,,,,,,,,,,16-Jun-2020 - 00:00,"Talcher Coalfields,Talcher - OSPCB"
16-Jun-2020 - 00:00,,,0.0,,,0.0,,,0.0,,,,,,,0.0,0.0,17-Jun-2020 - 00:00,"Talcher Coalfields,Talcher - OSPCB"
17-Jun-2020 - 00:00,,,0.78,79.65,15.23,0.0,77.25,61.8,0.0,,3.05,148.29,24.17,80.22,2.77,0.0,0.0,18-Jun-2020 - 00:00,"Talcher Coalfields,Talcher - OSPCB"
18-Jun-2020 - 00:00,34.43,,1.28,,16.03,0.0,35.04,28.06,22.59,10.8,2.94,160.09,28.26,77.86,93.23,0.0,0.0,19-Jun-2020 - 00:00,"Talcher Coalfields,Talcher - OSPCB"
19-Jun-2020 - 00:00,21.38,,0.59,,15.74,0.0,18.09,14.52,27.37,6.83,3.11,168.99,29.36,72.19,135.26,0.0,0.0,20-Jun-2020 - 00:00,"Talcher Coalfields,Talcher - OSPCB"
20-Jun-2020 - 00:00,21.78,,0.88,,15.84,0.0,27.84,22.26,30.82,9.04,2.85,159.25,26.72,84.64,35.23,0.0,0.0,21-Jun-2020 - 00:00,"Talcher Coalfields,Talcher - OSPCB"
21-Jun-2020 - 00:00,18.8,,0.54,,16.32,0.0,24.24,19.42,11.0,10.52,3.53,153.9,26.89,81.15,53.39,0.0,0.0,22-Jun-2020 - 00:00,"Talcher Coalfields,Talcher - OSPCB"
22-Jun-2020 - 00:00,,,0.53,,16.6,0.0,19.39,15.51,0.0,,2.86,218.4,27.43,81.91,59.85,0.0,0.0,23-Jun-2020 - 00:00,"Talcher Coalfields,Talcher - OSPCB"
23-Jun-2020 - 00:00,,,0.6,,16.66,0.0,23.2,18.59,0.0,,3.24,192.0,28.3,77.8,91.0,0.0,0.0,24-Jun-2020 - 00:00,"Talcher Coalfields,Talcher - OSPCB"
24-Jun-2020 - 00:00,20.55,,0.28,43.97,17.05,0.0,17.44,13.97,6.98,10.87,3.15,218.08,29.98,73.84,172.79,0.0,0.0,25-Jun-2020 - 00:00,"Talcher Coalfields,Talcher - OSPCB"
25-Jun-2020 - 00:00,25.59,5.26,0.48,43.3,17.25,0.0,15.74,12.62,22.72,7.93,2.91,224.92,30.51,68.75,231.74,0.12,0.03,26-Jun-2020 - 00:00,"Talcher Coalfields,Talcher - OSPCB"
26-Jun-2020 - 00:00,21.98,7.48,0.94,44.35,17.56,0.0,17.55,14.04,29.21,7.23,3.33,197.91,28.8,77.48,118.43,0.19,0.04,27-Jun-2020 - 00:00,"Talcher Coalfields,Talcher - OSPCB"
27-Jun-2020 - 00:00,21.82,7.61,1.16,49.58,18.67,0.0,26.48,21.18,14.36,8.46,2.93,176.5,27.59,80.7,92.14,0.26,0.07,28-Jun-2020 - 00:00,"Talcher Coalfields,Talcher - OSPCB"
28-Jun-2020 - 00:00,,,1.58,49.19,21.48,0.0,31.4,25.14,0.0,,3.69,189.87,27.18,83.52,54.49,0.53,0.15,29-Jun-2020 - 00:00,"Talcher Coalfields,Talcher - OSPCB"
29-Jun-2020 - 00:00,20.22,9.82,1.59,45.42,20.45,0.0,25.91,20.73,21.04,23.68,3.66,171.31,26.52,84.48,77.42,0.42,0.12,30-Jun-2020 - 00:00,"Talcher Coalfields,Talcher - OSPCB"
30-Jun-2020 - 00:00,26.77,4.48,1.31,28.25,14.32,0.0,23.55,18.85,47.9,21.29,3.06,187.09,28.57,77.82,111.26,0.4,0.11,01-Jul-2020 - 00:00,"Talcher Coalfields,Talcher - OSPCB"
01-Jul-2020 - 00:00,31.67,7.16,1.54,31.94,14.81,0.0,30.69,24.6,50.07,18.34,3.09,184.94,28.98,76.01,155.46,0.48,0.14,02-Jul-2020 - 00:00,"Talcher Coalfields,Talcher - OSPCB"
02-Jul-2020 - 00:00,20.6,8.89,0.98,37.65,14.1,0.0,18.1,14.49,30.82,10.22,3.17,192.48,30.23,70.96,206.46,0.31,0.08,03-Jul-2020 - 00:00,"Talcher Coalfields,Talcher - OSPCB"
03-Jul-2020 - 00:00,19.23,12.08,0.79,40.92,14.24,0.0,14.58,11.67,28.74,9.52,3.43,201.73,30.5,72.47,171.32,0.14,0.01,04-Jul-2020 - 00:00,"Talcher Coalfields,Talcher - OSPCB"
04-Jul-2020 - 00:00,19.02,10.25,0.8,32.14,14.37,0.0,11.21,8.99,29.99,10.97,3.03,191.85,29.3,75.3,135.18,0.09,0.01,05-Jul-2020 - 00:00,"Talcher Coalfields,Talcher - OSPCB"
05-Jul-2020 - 00:00,20.01,9.44,1.27,23.92,15.36,0.0,19.92,15.99,34.83,14.82,2.73,150.27,27.26,85.25,48.53,0.28,0.08,06-Jul-2020 - 00:00,"Talcher Coalfields,Talcher - OSPCB"
06-Jul-2020 - 00:00,19.03,10.39,1.02,33.6,15.69,0.0,12.16,9.75,30.28,11.26,2.79,141.21,28.55,76.46,84.78,0.34,0.08,07-Jul-2020 - 00:00,"Talcher Coalfields,Talcher - OSPCB"
07-Jul-2020 - 00:00,26.07,5.72,1.43,19.32,16.53,0.0,25.16,20.12,40.16,14.09,3.1,160.01,28.05,78.84,83.94,0.55,0.16,08-Jul-2020 - 00:00,"Talcher Coalfields,Talcher - OSPCB"
08-Jul-2020 - 00:00,22.38,7.32,1.12,22.61,17.49,0.0,21.05,16.86,34.91,12.53,3.27,177.94,28.17,82.3,72.01,0.34,0.08,09-Jul-2020 - 00:00,"Talcher Coalfields,Talcher - OSPCB"
09-Jul-2020 - 00:00,25.65,6.18,1.43,22.36,19.07,0.0,28.45,21.86,39.02,13.38,3.02,172.23,27.48,81.92,103.89,0.38,0.11,10-Jul-2020 - 00:00,"Talcher Coalfields,Talcher - OSPCB"
10-Jul-2020 - 00:00,26.68,6.45,1.35,21.23,21.49,0.0,42.68,27.01,42.03,15.36,3.25,184.73,27.75,84.12,62.51,0.39,0.11,11-Jul-2020 - 00:00,"Talcher Coalfields,Talcher - OSPCB"
11-Jul-2020 - 00:00,25.69,6.05,1.28,18.0,23.22,0.0,36.82,23.35,39.29,13.6,2.9,153.0,28.45,80.76,70.48,0.4,0.11,12-Jul-2020 - 00:00,"Talcher Coalfields,Talcher - OSPCB"
12-Jul-2020 - 00:00,22.22,7.95,1.39,23.41,25.01,0.0,42.53,26.82,33.61,11.39,3.33,144.82,28.59,75.96,105.02,0.29,0.09,13-Jul-2020 - 00:00,"Talcher Coalfields,Talcher - OSPCB"
13-Jul-2020 - 00:00,23.52,7.13,1.47,19.05,26.39,0.0,47.34,29.84,35.91,12.39,2.83,154.81,28.19,78.31,62.48,0.51,0.14,14-Jul-2020 - 00:00,"Talcher Coalfields,Talcher - OSPCB"
14-Jul-2020 - 00:00,20.11,9.99,1.34,32.04,27.79,0.0,32.83,20.78,31.51,11.4,2.87,164.79,27.74,81.41,69.7,0.38,0.09,15-Jul-2020 - 00:00,"Talcher Coalfields,Talcher - OSPCB"
15-Jul-2020 - 00:00,20.13,9.8,0.98,28.79,28.68,0.0,26.88,16.97,29.74,9.61,2.79,209.95,29.15,75.3,160.84,0.18,0.03,16-Jul-2020 - 00:00,"Talcher Coalfields,Talcher - OSPCB"
16-Jul-2020 - 00:00,18.9,11.38,0.88,33.74,29.38,0.0,26.45,16.67,27.74,8.84,2.75,200.64,29.1,74.21,201.72,0.13,0.01,17-Jul-2020 - 00:00,"Talcher Coalfields,Talcher - OSPCB"
17-Jul-2020 - 00:00,20.79,9.15,1.08,28.4,30.36,0.0,29.7,18.75,31.4,10.61,3.57,178.69,28.25,80.57,89.46,0.25,0.05,18-Jul-2020 - 00:00,"Talcher Coalfields,Talcher - OSPCB"
18-Jul-2020 - 00:00,21.39,8.66,0.98,31.16,30.99,0.0,31.25,19.77,31.09,9.7,3.05,204.46,29.6,73.75,150.29,0.15,0.02,19-Jul-2020 - 00:00,"Talcher Coalfields,Talcher - OSPCB"
19-Jul-2020 - 00:00,19.89,10.24,0.97,24.73,32.22,0.0,39.99,25.2,40.88,20.99,2.89,194.39,26.96,85.32,75.99,0.12,0.01,20-Jul-2020 - 00:00,"Talcher Coalfields,Talcher - OSPCB"
20-Jul-2020 - 00:00,23.42,6.84,1.25,21.92,33.09,0.0,34.06,21.46,36.52,13.15,3.07,179.79,28.33,79.34,135.15,0.32,0.08,21-Jul-2020 - 00:00,"Talcher Coalfields,Talcher - OSPCB"
21-Jul-2020 - 00:00,22.98,7.41,1.25,23.12,35.49,0.0,33.7,21.24,40.18,17.2,3.02,166.5,28.9,77.36,88.94,0.2,0.08,22-Jul-2020 - 00:00,"Talcher Coalfields,Talcher - OSPCB"
22-Jul-2020 - 00:00,27.69,5.3,1.64,24.93,27.7,0.0,45.41,28.63,48.3,20.6,2.99,167.08,27.65,81.61,64.76,0.3,0.08,23-Jul-2020 - 00:00,"Talcher Coalfields,Talcher - OSPCB"
23-Jul-2020 - 00:00,26.86,6.25,1.52,19.66,30.6,0.0,42.09,26.64,47.04,20.14,3.22,154.29,26.6,85.09,44.76,0.31,0.09,24-Jul-2020 - 00:00,"Talcher Coalfields,Talcher - OSPCB"
24-Jul-2020 - 00:00,32.92,4.22,1.53,18.59,34.3,0.0,57.64,36.36,55.84,22.99,3.06,181.68,27.29,82.72,72.96,0.39,0.11,25-Jul-2020 - 00:00,"Talcher Coalfields,Talcher - OSPCB"
25-Jul-2020 - 00:00,32.43,4.61,1.38,23.84,36.65,0.0,51.42,32.44,52.09,19.62,3.27,179.75,28.55,77.61,162.84,0.21,0.04,26-Jul-2020 - 00:00,"Talcher Coalfields,Talcher - OSPCB"
26-Jul-2020 - 00:00,27.35,6.81,1.33,27.43,40.9,0.0,48.11,30.42,44.92,17.55,2.87,158.37,30.25,71.0,182.89,0.28,0.07,27-Jul-2020 - 00:00,"Talcher Coalfields,Talcher - OSPCB"
27-Jul-2020 - 00:00,27.46,6.71,1.7,32.93,45.47,0.0,60.87,38.35,44.76,17.3,2.98,154.67,30.68,70.16,133.82,0.4,0.12,28-Jul-2020 - 00:00,"Talcher Coalfields,Talcher - OSPCB"
28-Jul-2020 - 00:00,24.41,7.3,1.5,37.54,48.28,0.0,70.64,44.5,41.71,17.37,3.09,182.5,27.72,80.42,64.69,0.24,0.06,29-Jul-2020 - 00:00,"Talcher Coalfields,Talcher - OSPCB"
29-Jul-2020 - 00:00,25.1,6.97,1.21,25.09,40.94,0.0,55.86,26.79,43.29,18.16,3.05,209.56,28.94,76.23,164.05,0.19,0.04,30-Jul-2020 - 00:00,"Talcher Coalfields,Talcher - OSPCB"
30-Jul-2020 - 00:00,25.79,6.24,1.16,28.06,16.25,0.0,86.52,20.74,47.6,21.77,3.14,195.99,29.58,70.93,200.9,0.15,0.02,31-Jul-2020 - 00:00,"Talcher Coalfields,Talcher - OSPCB"
31-Jul-2020 - 00:00,28.12,4.34,1.32,21.81,18.79,0.0,95.4,24.13,49.29,21.17,3.24,184.08,29.78,71.36,145.41,0.17,0.03,01-Aug-2020 - 00:00,"Talcher Coalfields,Talcher - OSPCB"
01-Aug-2020 - 00:00,25.19,7.36,1.53,37.95,22.35,0.0,112.29,29.49,43.37,18.16,3.29,180.52,29.64,75.15,86.94,0.2,0.04,02-Aug-2020 - 00:00,"Talcher Coalfields,Talcher - OSPCB"
02-Aug-2020 - 00:00,21.58,8.99,1.57,42.77,24.47,0.0,101.36,26.48,38.27,16.61,2.83,157.63,29.15,75.94,86.02,0.23,0.05,03-Aug-2020 - 00:00,"Talcher Coalfields,Talcher - OSPCB"
03-Aug-2020 - 00:00,21.43,8.7,1.75,35.57,27.85,0.0,80.68,22.4,44.13,22.73,2.82,140.69,27.39,83.96,72.44,0.31,0.08,04-Aug-2020 - 00:00,"Talcher Coalfields,Talcher - OSPCB"
04-Aug-2020 - 00:00,21.65,8.42,2.0,29.97,29.49,0.0,88.76,27.44,46.42,24.75,2.88,135.55,27.46,85.65,63.65,0.34,0.09,05-Aug-2020 - 00:00,"Talcher Coalfields,Talcher - OSPCB"
05-Aug-2020 - 00:00,24.43,6.8,1.85,27.86,31.64,0.0,73.12,22.85,49.73,25.3,2.99,160.06,25.52,91.49,22.41,0.33,0.08,06-Aug-2020 - 00:00,"Talcher Coalfields,Talcher - OSPCB"
06-Aug-2020 - 00:00,20.16,9.63,1.31,26.1,32.06,0.0,74.58,21.15,40.42,20.22,3.03,186.59,27.14,86.95,44.54,0.16,0.02,07-Aug-2020 - 00:00,"Talcher Coalfields,Talcher - OSPCB"
07-Aug-2020 - 00:00,22.6,8.2,1.58,21.75,31.91,0.0,91.9,22.13,44.59,22.12,3.2,189.91,28.24,82.0,87.71,0.3,0.09,08-Aug-2020 - 00:00,"Talcher Coalfields,Talcher - OSPCB"
08-Aug-2020 - 00:00,25.29,5.74,1.84,20.27,32.95,0.0,101.74,23.99,53.02,27.59,2.86,158.23,27.92,84.25,56.09,0.34,0.1,09-Aug-2020 - 00:00,"Talcher Coalfields,Talcher - OSPCB"
09-Aug-2020 - 00:00,24.51,6.6,1.82,26.74,34.33,0.0,94.61,25.55,55.92,31.42,2.83,158.78,27.91,81.9,76.74,0.39,0.08,10-Aug-2020 - 00:00,"Talcher Coalfields,Talcher - OSPCB"
10-Aug-2020 - 00:00,20.47,9.31,1.32,27.38,32.38,0.0,89.02,20.28,50.49,29.95,2.73,178.12,28.98,80.1,93.77,0.16,0.03,11-Aug-2020 - 00:00,"Talcher Coalfields,Talcher - OSPCB"
11-Aug-2020 - 00:00,22.22,7.73,1.75,24.67,31.99,0.0,98.06,20.17,51.47,29.26,2.79,154.34,29.37,71.88,111.49,0.28,0.11,12-Aug-2020 - 00:00,"Talcher Coalfields,Talcher - OSPCB"
12-Aug-2020 - 00:00,22.95,7.19,1.88,24.11,32.51,0.0,101.02,24.37,55.37,32.47,2.69,158.41,29.33,76.35,70.07,0.26,0.24,13-Aug-2020 - 00:00,"Talcher Coalfields,Talcher - OSPCB"
13-Aug-2020 - 00:00,21.63,8.31,1.79,25.39,32.63,0.0,91.72,21.86,53.7,32.12,2.67,161.42,28.53,81.24,71.25,0.25,0.12,14-Aug-2020 - 00:00,"Talcher Coalfields,Talcher - OSPCB"
14-Aug-2020 - 00:00,22.42,7.5,1.93,16.89,33.76,0.0,78.41,20.77,48.6,26.1,2.74,141.98,26.41,89.23,28.06,0.37,0.12,15-Aug-2020 - 00:00,"Talcher Coalfields,Talcher - OSPCB"
15-Aug-2020 - 00:00,18.61,10.88,1.56,21.69,34.22,0.0,76.2,16.31,38.5,20.0,2.47,155.29,26.03,87.01,51.84,0.23,0.07,16-Aug-2020 - 00:00,"Talcher Coalfields,Talcher - OSPCB"
16-Aug-2020 - 00:00,24.46,5.61,2.01,17.14,34.95,0.0,86.92,19.68,46.65,22.19,2.98,177.81,26.64,86.86,40.54,0.39,0.11,17-Aug-2020 - 00:00,"Talcher Coalfields,Talcher - OSPCB"
17-Aug-2020 - 00:00,23.99,6.11,2.06,19.13,36.04,0.0,88.33,20.73,47.57,23.53,3.1,163.8,26.65,86.54,39.08,0.33,0.09,18-Aug-2020 - 00:00,"Talcher Coalfields,Talcher - OSPCB"
18-Aug-2020 - 00:00,21.63,9.49,1.76,16.45,29.48,0.0,86.83,21.82,54.63,32.98,2.89,153.89,27.78,82.63,65.12,0.28,0.23,19-Aug-2020 - 00:00,"Talcher Coalfields,Talcher - OSPCB"
19-Aug-2020 - 00:00,21.02,10.19,2.35,17.89,15.71,0.0,79.07,21.78,63.72,42.74,2.72,141.8,26.99,87.55,24.42,0.33,0.08,20-Aug-2020 - 00:00,"Talcher Coalfields,Talcher - OSPCB"
20-Aug-2020 - 00:00,21.91,8.76,2.86,29.77,14.43,0.0,69.03,17.65,42.66,20.75,2.91,175.33,26.22,87.58,39.97,0.24,0.06,21-Aug-2020 - 00:00,"Talcher Coalfields,Talcher - OSPCB"
21-Aug-2020 - 00:00,23.46,7.19,3.16,28.16,17.6,0.0,78.06,19.26,46.45,23.05,3.17,208.33,27.91,81.01,92.65,0.19,0.06,22-Aug-2020 - 00:00,"Talcher Coalfields,Talcher - OSPCB"
22-Aug-2020 - 00:00,23.92,6.06,2.82,20.15,15.01,0.0,78.57,19.94,44.22,20.29,3.56,187.08,26.56,86.89,47.07,0.15,0.06,23-Aug-2020 - 00:00,"Talcher Coalfields,Talcher - OSPCB"
23-Aug-2020 - 00:00,27.09,4.13,3.22,17.31,21.46,0.0,86.66,23.54,64.02,36.96,3.23,155.99,26.81,88.04,34.96,0.29,0.13,24-Aug-2020 - 00:00,"Talcher Coalfields,Talcher - OSPCB"
24-Aug-2020 - 00:00,27.77,4.53,3.52,16.23,19.67,0.0,85.06,24.82,77.72,50.26,2.83,143.63,27.62,83.55,48.18,0.35,0.17,25-Aug-2020 - 00:00,"Talcher Coalfields,Talcher - OSPCB"
25-Aug-2020 - 00:00,25.93,5.45,2.76,19.11,16.92,0.0,80.11,20.02,54.54,28.67,2.8,151.34,26.27,87.88,25.52,0.27,0.09,26-Aug-2020 - 00:00,"Talcher Coalfields,Talcher - OSPCB"
26-Aug-2020 - 00:00,21.73,8.66,3.08,29.61,14.93,0.0,65.37,16.45,48.1,26.38,2.45,146.33,24.97,92.0,32.55,0.12,0.04,27-Aug-2020 - 00:00,"Talcher Coalfields,Talcher - OSPCB"
27-Aug-2020 - 00:00,22.78,8.08,3.43,23.46,15.08,0.0,65.59,18.36,44.92,22.15,3.12,204.57,26.02,87.55,51.14,0.25,0.07,28-Aug-2020 - 00:00,"Talcher Coalfields,Talcher - OSPCB"
28-Aug-2020 - 00:00,26.49,4.78,3.76,24.03,19.53,0.0,89.19,20.69,51.86,25.42,2.94,182.54,28.1,76.68,104.34,0.28,0.07,29-Aug-2020 - 00:00,"Talcher Coalfields,Talcher - OSPCB"
29-Aug-2020 - 00:00,27.0,5.05,3.31,21.74,20.96,0.0,86.43,21.85,63.91,36.68,3.07,188.07,27.03,84.81,112.74,0.22,0.05,30-Aug-2020 - 00:00,"Talcher Coalfields,Talcher - OSPCB"
30-Aug-2020 - 00:00,24.3,7.11,2.5,25.76,17.86,0.0,105.66,22.01,63.53,39.25,4.06,157.99,29.4,75.3,158.55,0.34,0.08,31-Aug-2020 - 00:00,"Talcher Coalfields,Talcher - OSPCB"
31-Aug-2020 - 00:00,23.99,6.82,0.18,37.92,15.31,0.0,101.77,21.16,48.14,24.14,2.93,143.81,29.23,78.77,15.93,0.15,0.21,01-Sep-2020 - 00:00,"Talcher Coalfields,Talcher - OSPCB"
01-Sep-2020 - 00:00,24.94,6.7,0.4,25.03,19.97,0.0,98.69,23.3,65.82,40.92,3.08,161.05,27.47,85.38,24.29,0.2,0.18,02-Sep-2020 - 00:00,"Talcher Coalfields,Talcher - OSPCB"
02-Sep-2020 - 00:00,26.91,4.85,0.31,33.8,19.5,0.0,89.83,21.82,50.31,23.39,3.13,171.31,27.13,80.38,88.1,0.14,0.11,03-Sep-2020 - 00:00,"Talcher Coalfields,Talcher - OSPCB"
03-Sep-2020 - 00:00,23.27,6.88,0.18,33.78,18.87,0.0,87.45,19.15,49.83,26.56,3.13,183.64,28.92,75.87,149.03,0.06,0.06,04-Sep-2020 - 00:00,"Talcher Coalfields,Talcher - OSPCB"
04-Sep-2020 - 00:00,28.38,6.69,0.29,28.86,28.11,0.0,106.2,25.05,66.42,38.03,3.67,184.5,28.9,76.47,163.82,0.14,0.1,05-Sep-2020 - 00:00,"Talcher Coalfields,Talcher - OSPCB"
05-Sep-2020 - 00:00,26.77,6.44,0.32,22.89,25.48,0.0,112.66,24.27,74.11,47.41,3.19,171.65,28.56,77.67,136.27,0.16,0.11,06-Sep-2020 - 00:00,"Talcher Coalfields,Talcher - OSPCB"
06-Sep-2020 - 00:00,23.49,7.58,0.35,31.62,17.74,0.0,106.48,24.69,78.56,55.15,3.16,188.11,29.6,76.35,158.35,0.13,0.14,07-Sep-2020 - 00:00,"Talcher Coalfields,Talcher - OSPCB"
07-Sep-2020 - 00:00,22.23,7.76,0.31,37.6,16.26,0.0,96.78,23.82,57.06,34.95,3.02,174.55,28.48,79.9,114.72,0.13,0.12,08-Sep-2020 - 00:00,"Talcher Coalfields,Talcher - OSPCB"
08-Sep-2020 - 00:00,25.92,5.11,0.38,37.54,19.1,0.0,94.02,26.73,60.9,35.01,3.37,168.78,28.59,77.79,159.54,0.16,0.11,09-Sep-2020 - 00:00,"Talcher Coalfields,Talcher - OSPCB"
09-Sep-2020 - 00:00,,,0.76,47.6,27.23,0.0,83.3,31.53,0.0,,3.78,176.18,28.61,78.95,120.52,0.25,0.1,10-Sep-2020 - 00:00,"Talcher Coalfields,Talcher - OSPCB"
10-Sep-2020 - 00:00,34.42,2.49,0.64,35.48,26.18,0.0,115.92,30.73,36.88,42.11,3.09,181.41,27.9,82.71,118.61,0.27,0.11,11-Sep-2020 - 00:00,"Talcher Coalfields,Talcher - OSPCB"
11-Sep-2020 - 00:00,22.34,6.55,0.41,36.06,25.17,0.0,101.6,24.43,13.29,32.35,3.02,191.31,28.64,78.76,158.01,0.18,0.04,12-Sep-2020 - 00:00,"Talcher Coalfields,Talcher - OSPCB"
12-Sep-2020 - 00:00,,,0.31,30.3,23.21,0.0,84.57,18.87,0.0,,2.86,189.07,29.47,75.26,174.05,0.12,0.02,13-Sep-2020 - 00:00,"Talcher Coalfields,Talcher - OSPCB"
13-Sep-2020 - 00:00,25.08,4.24,0.27,33.58,15.31,0.0,79.71,18.8,8.81,59.52,3.08,185.94,29.11,76.38,158.93,0.08,0.0,14-Sep-2020 - 00:00,"Talcher Coalfields,Talcher - OSPCB"
14-Sep-2020 - 00:00,23.81,6.21,0.47,31.82,14.45,0.0,79.39,18.42,53.54,29.72,3.19,182.72,28.06,81.74,128.71,0.11,0.02,15-Sep-2020 - 00:00,"Talcher Coalfields,Talcher - OSPCB"
15-Sep-2020 - 00:00,34.69,4.12,0.4,28.67,17.09,0.0,78.66,21.47,62.05,27.37,3.14,177.48,27.57,84.54,104.83,0.1,0.09,16-Sep-2020 - 00:00,"Talcher Coalfields,Talcher - OSPCB"
16-Sep-2020 - 00:00,44.72,5.13,0.4,28.19,16.5,0.0,80.96,16.87,62.46,17.75,2.95,190.4,28.95,79.4,54.31,0.03,0.01,17-Sep-2020 - 00:00,"Talcher Coalfields,Talcher - OSPCB"
17-Sep-2020 - 00:00,47.29,4.57,0.39,38.77,19.52,0.0,90.53,21.07,64.18,16.9,3.47,186.33,29.66,75.36,196.07,0.01,0.01,18-Sep-2020 - 00:00,"Talcher Coalfields,Talcher - OSPCB"
18-Sep-2020 - 00:00,42.37,9.41,0.51,34.03,28.37,0.0,102.42,23.62,46.98,22.32,3.46,171.7,28.74,78.99,112.28,0.04,0.0,19-Sep-2020 - 00:00,"Talcher Coalfields,Talcher - OSPCB"
19-Sep-2020 - 00:00,28.66,13.52,0.43,39.79,15.44,0.0,95.22,19.1,9.68,13.59,3.12,186.68,29.12,74.6,219.67,0.02,0.0,20-Sep-2020 - 00:00,"Talcher Coalfields,Talcher - OSPCB"
20-Sep-2020 - 00:00,17.89,,0.67,28.44,22.48,0.0,132.06,27.52,37.94,20.03,3.27,176.92,28.01,81.35,53.57,0.07,0.0,21-Sep-2020 - 00:00,"Talcher Coalfields,Talcher - OSPCB"
21-Sep-2020 - 00:00,16.25,0.05,0.56,26.87,16.88,0.0,74.12,22.7,30.88,14.67,3.26,176.79,26.43,90.85,29.61,0.04,0.0,22-Sep-2020 - 00:00,"Talcher Coalfields,Talcher - OSPCB"
22-Sep-2020 - 00:00,13.55,1.11,0.5,30.3,15.97,0.0,84.31,21.13,25.05,11.54,3.18,163.84,28.04,81.35,22.22,0.03,0.01,23-Sep-2020 - 00:00,"Talcher Coalfields,Talcher - OSPCB"
23-Sep-2020 - 00:00,13.81,0.45,0.43,31.83,18.41,0.0,85.85,19.69,26.52,12.71,3.14,190.87,28.86,77.16,130.93,0.05,0.01,24-Sep-2020 - 00:00,"Talcher Coalfields,Talcher - OSPCB"
24-Sep-2020 - 00:00,12.95,3.95,0.48,31.71,14.79,0.02,88.77,21.35,20.47,8.79,2.96,182.15,29.16,78.0,86.12,0.04,0.0,25-Sep-2020 - 00:00,"Talcher Coalfields,Talcher - OSPCB"
25-Sep-2020 - 00:00,8.51,3.29,0.59,28.33,14.91,0.03,97.2,17.6,15.83,8.05,3.33,167.42,28.69,79.18,131.44,0.05,0.0,26-Sep-2020 - 00:00,"Talcher Coalfields,Talcher - OSPCB"
26-Sep-2020 - 00:00,12.15,4.7,0.74,26.11,16.06,0.01,112.6,26.35,23.94,11.86,2.98,149.83,27.57,83.11,66.32,0.08,0.0,27-Sep-2020 - 00:00,"Talcher Coalfields,Talcher - OSPCB"
27-Sep-2020 - 00:00,12.49,4.56,0.73,35.36,16.79,0.0,127.99,32.65,22.86,10.38,2.93,151.9,28.84,76.29,182.86,0.07,0.0,28-Sep-2020 - 00:00,"Talcher Coalfields,Talcher - OSPCB"
28-Sep-2020 - 00:00,10.6,3.77,0.64,36.01,15.83,0.02,115.66,28.58,18.26,7.63,3.12,159.26,28.58,71.63,206.9,0.06,0.0,29-Sep-2020 - 00:00,"Talcher Coalfields,Talcher - OSPCB"
29-Sep-2020 - 00:00,9.95,3.99,0.63,40.11,16.97,0.01,109.61,25.19,19.1,9.13,3.07,161.6,28.46,77.52,140.93,0.06,0.0,30-Sep-2020 - 00:00,"Talcher Coalfields,Talcher - OSPCB"
30-Sep-2020 - 00:00,13.53,7.8,0.99,22.66,25.46,0.0,144.97,38.32,34.45,20.91,3.56,148.86,26.48,88.51,18.15,0.06,0.0,01-Oct-2020 - 00:00,"Talcher Coalfields,Talcher - OSPCB"
01-Oct-2020 - 00:00,10.67,3.33,0.79,34.58,17.17,0.0,94.45,24.1,17.54,6.88,3.09,148.11,27.53,83.88,40.04,0.08,0.0,02-Oct-2020 - 00:00,"Talcher Coalfields,Talcher - OSPCB"
02-Oct-2020 - 00:00,7.26,2.67,0.69,25.45,15.85,0.0,75.12,22.99,15.92,8.68,3.59,163.86,26.27,86.22,62.87,0.08,0.0,03-Oct-2020 - 00:00,"Talcher Coalfields,Talcher - OSPCB"
03-Oct-2020 - 00:00,7.73,3.73,0.73,23.27,16.38,0.01,73.21,19.95,22.15,15.18,3.06,161.68,25.94,89.14,49.72,0.03,0.0,04-Oct-2020 - 00:00,"Talcher Coalfields,Talcher - OSPCB"
04-Oct-2020 - 00:00,9.48,4.35,0.88,28.89,17.57,0.0,76.93,25.16,28.24,18.79,3.7,171.85,25.41,90.63,42.7,0.02,0.0,05-Oct-2020 - 00:00,"Talcher Coalfields,Talcher - OSPCB"
05-Oct-2020 - 00:00,9.72,2.66,0.87,32.43,19.17,0.0,85.16,25.0,21.43,11.73,3.33,174.58,26.2,85.83,105.14,0.05,0.0,06-Oct-2020 - 00:00,"Talcher Coalfields,Talcher - OSPCB"
06-Oct-2020 - 00:00,8.73,4.4,0.77,31.38,16.65,0.0,94.57,22.04,17.51,20.07,3.15,170.06,26.06,86.2,63.51,0.05,0.0,07-Oct-2020 - 00:00,"Talcher Coalfields,Talcher - OSPCB"
07-Oct-2020 - 00:00,6.04,2.54,0.61,38.76,16.28,0.0,83.47,21.4,0.29,7.8,3.25,182.81,27.49,80.52,122.71,0.04,0.0,08-Oct-2020 - 00:00,"Talcher Coalfields,Talcher - OSPCB"
08-Oct-2020 - 00:00,8.99,2.44,0.67,42.98,15.31,0.0,81.02,21.48,8.75,8.93,3.19,191.31,27.89,80.29,114.62,0.04,0.0,09-Oct-2020 - 00:00,"Talcher Coalfields,Talcher - OSPCB"
09-Oct-2020 - 00:00,5.57,0.39,0.81,35.61,19.05,0.0,122.92,32.54,0.6,4.0,3.5,180.61,28.66,76.94,182.22,0.07,0.0,10-Oct-2020 - 00:00,"Talcher Coalfields,Talcher - OSPCB"
10-Oct-2020 - 00:00,9.71,3.54,1.04,31.7,15.75,0.0,94.97,23.91,9.76,9.83,3.1,161.83,27.64,83.12,99.28,0.05,0.0,11-Oct-2020 - 00:00,"Talcher Coalfields,Talcher - OSPCB"
11-Oct-2020 - 00:00,11.28,3.6,1.72,31.61,17.84,0.0,73.27,25.17,24.24,13.0,3.62,170.9,28.06,76.55,173.05,0.05,0.0,12-Oct-2020 - 00:00,"Talcher Coalfields,Talcher - OSPCB"
12-Oct-2020 - 00:00,7.7,3.06,1.38,32.56,15.6,0.0,55.8,21.99,17.18,9.55,3.15,161.75,28.0,72.91,234.51,0.03,0.0,13-Oct-2020 - 00:00,"Talcher Coalfields,Talcher - OSPCB"
13-Oct-2020 - 00:00,5.68,1.25,1.12,30.01,13.72,0.0,55.8,20.05,8.34,2.66,3.27,169.49,26.92,80.21,84.16,0.02,0.0,14-Oct-2020 - 00:00,"Talcher Coalfields,Talcher - OSPCB"
14-Oct-2020 - 00:00,5.45,1.08,1.08,23.81,13.23,0.0,60.36,17.74,8.05,2.6,3.56,169.98,25.81,88.56,47.87,0.02,0.0,15-Oct-2020 - 00:00,"Talcher Coalfields,Talcher - OSPCB"
15-Oct-2020 - 00:00,12.94,2.35,1.34,20.25,14.09,0.0,73.4,20.4,20.28,8.42,3.76,183.37,25.7,89.59,54.42,0.04,0.0,16-Oct-2020 - 00:00,"Talcher Coalfields,Talcher - OSPCB"
16-Oct-2020 - 00:00,25.72,4.02,1.39,23.96,14.71,0.0,66.23,19.62,32.97,10.69,3.39,176.43,27.45,81.98,149.6,0.01,0.03,17-Oct-2020 - 00:00,"Talcher Coalfields,Talcher - OSPCB"
17-Oct-2020 - 00:00,9.47,4.56,1.73,21.3,17.11,0.0,55.8,26.82,24.82,15.38,3.26,171.05,27.57,78.3,200.97,0.0,0.06,18-Oct-2020 - 00:00,"Talcher Coalfields,Talcher - OSPCB"
18-Oct-2020 - 00:00,11.09,4.41,1.77,25.61,19.06,0.0,55.8,25.61,26.27,15.21,3.29,165.28,27.6,78.44,159.56,0.0,0.04,19-Oct-2020 - 00:00,"Talcher Coalfields,Talcher - OSPCB"
19-Oct-2020 - 00:00,8.16,3.15,1.37,25.63,16.14,0.0,56.71,20.08,16.71,8.59,3.48,182.15,28.4,76.73,130.03,0.0,0.04,20-Oct-2020 - 00:00,"Talcher Coalfields,Talcher - OSPCB"
20-Oct-2020 - 00:00,7.93,2.72,1.37,29.77,15.79,0.0,70.67,24.96,14.74,6.84,3.51,172.84,28.07,78.17,183.0,0.0,0.03,21-Oct-2020 - 00:00,"Talcher Coalfields,Talcher - OSPCB"
21-Oct-2020 - 00:00,10.4,3.96,1.97,36.35,16.33,0.0,80.6,29.88,18.66,8.26,3.15,136.6,27.24,80.28,115.25,0.0,0.05,22-Oct-2020 - 00:00,"Talcher Coalfields,Talcher - OSPCB"
22-Oct-2020 - 00:00,21.71,5.19,2.12,19.63,17.46,0.0,71.89,25.52,35.39,14.45,3.72,136.77,26.97,80.28,81.03,0.02,0.03,23-Oct-2020 - 00:00,"Talcher Coalfields,Talcher - OSPCB"
23-Oct-2020 - 00:00,19.29,5.71,1.81,26.15,18.18,0.0,73.57,26.4,30.6,14.3,3.35,156.24,27.33,77.76,183.19,0.0,0.0,24-Oct-2020 - 00:00,"Talcher Coalfields,Talcher - OSPCB"
24-Oct-2020 - 00:00,16.16,4.85,1.86,31.51,19.72,0.0,100.59,39.85,23.12,7.25,3.16,145.95,26.84,75.99,153.19,0.0,0.0,25-Oct-2020 - 00:00,"Talcher Coalfields,Talcher - OSPCB"
25-Oct-2020 - 00:00,19.99,8.16,0.14,36.37,21.33,0.0,105.08,42.19,35.2,15.79,3.57,153.86,26.85,73.19,140.66,0.0,0.0,26-Oct-2020 - 00:00,"Talcher Coalfields,Talcher - OSPCB"
26-Oct-2020 - 00:00,20.55,9.83,0.0,41.87,25.36,0.0,101.95,40.59,38.52,21.32,2.99,140.9,25.45,69.29,200.39,0.0,0.0,27-Oct-2020 - 00:00,"Talcher Coalfields,Talcher - OSPCB"
27-Oct-2020 - 00:00,141.25,54.77,0.09,47.56,32.98,0.0,97.2,38.2,182.9,98.99,3.72,132.06,25.11,64.45,244.22,0.0,0.0,28-Oct-2020 - 00:00,"Talcher Coalfields,Talcher - OSPCB"
28-Oct-2020 - 00:00,163.86,66.99,0.31,46.12,35.38,0.0,100.56,39.91,215.81,131.31,3.37,150.39,24.36,62.82,241.2,0.0,0.0,29-Oct-2020 - 00:00,"Talcher Coalfields,Talcher - OSPCB"
29-Oct-2020 - 00:00,116.85,57.02,0.14,52.98,31.37,0.0,74.33,26.82,153.96,105.72,3.28,136.68,24.31,57.01,238.44,0.0,0.0,30-Oct-2020 - 00:00,"Talcher Coalfields,Talcher - OSPCB"
30-Oct-2020 - 00:00,126.92,49.35,0.2,64.59,36.22,0.0,99.67,39.44,171.95,101.85,3.19,128.35,24.77,57.59,207.61,0.0,0.0,31-Oct-2020 - 00:00,"Talcher Coalfields,Talcher - OSPCB"
31-Oct-2020 - 00:00,161.02,72.24,0.89,56.12,35.23,0.0,101.2,40.15,214.17,134.46,3.04,135.4,26.14,64.32,209.18,0.0,0.0,01-Nov-2020 - 00:00,"Talcher Coalfields,Talcher - OSPCB"
01-Nov-2020 - 00:00,93.48,33.49,1.63,54.12,29.2,0.0,86.74,33.08,122.66,67.35,3.14,134.49,25.91,71.29,99.06,0.0,0.0,02-Nov-2020 - 00:00,"Talcher Coalfields,Talcher - OSPCB"
02-Nov-2020 - 00:00,119.93,48.94,1.53,66.23,30.5,0.0,96.43,37.87,175.72,144.11,3.26,150.92,27.24,66.97,167.53,0.0,0.0,03-Nov-2020 - 00:00,"Talcher Coalfields,Talcher - OSPCB"
03-Nov-2020 - 00:00,116.17,53.25,1.49,63.85,36.17,0.0,124.85,52.14,153.31,112.45,3.2,150.19,25.83,69.46,178.06,0.0,0.0,04-Nov-2020 - 00:00,"Talcher Coalfields,Talcher - OSPCB"
04-Nov-2020 - 00:00,117.7,29.73,1.0,57.33,36.12,0.0,124.57,52.17,145.35,61.14,3.28,164.04,25.25,71.51,134.68,0.0,0.0,05-Nov-2020 - 00:00,"Talcher Coalfields,Talcher - OSPCB"
05-Nov-2020 - 00:00,97.98,21.34,1.62,54.01,38.27,0.0,135.53,57.37,121.02,47.35,3.59,176.1,24.41,70.74,154.12,0.0,0.0,06-Nov-2020 - 00:00,"Talcher Coalfields,Talcher - OSPCB"
06-Nov-2020 - 00:00,120.78,40.0,2.08,60.49,38.69,0.0,145.73,62.5,167.45,108.86,3.14,143.51,23.94,70.87,155.06,0.0,0.0,07-Nov-2020 - 00:00,"Talcher Coalfields,Talcher - OSPCB"
07-Nov-2020 - 00:00,164.94,67.92,1.83,53.71,41.83,0.0,120.14,49.65,208.05,135.95,3.14,136.39,23.05,63.71,221.79,0.0,0.0,08-Nov-2020 - 00:00,"Talcher Coalfields,Talcher - OSPCB"
08-Nov-2020 - 00:00,131.68,48.13,1.49,56.18,34.84,0.0,108.48,43.79,157.45,88.78,3.1,137.96,21.99,60.76,210.69,0.0,0.0,09-Nov-2020 - 00:00,"Talcher Coalfields,Talcher - OSPCB"
09-Nov-2020 - 00:00,105.12,36.02,1.47,45.53,35.86,0.0,111.05,45.21,128.22,70.72,3.59,137.03,22.5,64.23,211.8,0.02,0.0,10-Nov-2020 - 00:00,"Talcher Coalfields,Talcher - OSPCB"
10-Nov-2020 - 00:00,51.15,19.83,1.52,32.92,26.54,0.0,89.6,34.87,67.46,34.59,3.1,154.37,22.16,73.61,107.9,0.04,0.02,11-Nov-2020 - 00:00,"Talcher Coalfields,Talcher - OSPCB"
11-Nov-2020 - 00:00,27.66,5.99,1.52,36.65,27.02,0.0,101.14,40.56,52.87,32.28,3.25,158.45,24.79,73.6,74.66,0.06,0.01,12-Nov-2020 - 00:00,"Talcher Coalfields,Talcher - OSPCB"
12-Nov-2020 - 00:00,35.07,6.28,1.59,28.06,27.1,0.0,102.14,40.85,66.46,34.35,3.14,160.06,25.11,72.65,73.03,0.07,0.01,13-Nov-2020 - 00:00,"Talcher Coalfields,Talcher - OSPCB"
13-Nov-2020 - 00:00,41.31,8.04,1.44,40.92,29.75,0.0,105.2,42.14,68.22,31.19,3.17,157.18,25.11,65.34,207.26,0.05,0.01,14-Nov-2020 - 00:00,"Talcher Coalfields,Talcher - OSPCB"
14-Nov-2020 - 00:00,43.96,2.69,1.76,47.28,39.74,0.0,136.45,58.42,60.5,18.62,3.76,164.83,24.59,67.66,167.69,0.05,0.01,15-Nov-2020 - 00:00,"Talcher Coalfields,Talcher - OSPCB"
15-Nov-2020 - 00:00,43.66,6.24,1.52,41.12,30.68,0.0,137.24,58.23,63.66,26.85,3.21,167.62,24.99,71.43,173.08,0.04,0.01,16-Nov-2020 - 00:00,"Talcher Coalfields,Talcher - OSPCB"
16-Nov-2020 - 00:00,105.64,22.43,1.21,45.7,25.01,0.0,106.45,42.99,132.36,53.5,3.43,187.43,25.54,71.18,180.85,0.03,0.01,17-Nov-2020 - 00:00,"Talcher Coalfields,Talcher - OSPCB"
17-Nov-2020 - 00:00,113.29,34.1,1.76,41.58,34.86,0.0,123.81,51.54,150.98,78.07,3.71,156.2,25.38,73.53,151.0,0.05,0.01,18-Nov-2020 - 00:00,"Talcher Coalfields,Talcher - OSPCB"
18-Nov-2020 - 00:00,86.92,41.84,1.11,28.57,18.34,0.0,97.08,38.16,115.07,89.66,3.55,184.33,25.58,68.83,226.74,0.03,0.01,19-Nov-2020 - 00:00,"Talcher Coalfields,Talcher - OSPCB"
19-Nov-2020 - 00:00,25.75,7.18,1.14,34.15,9.72,0.0,102.55,41.11,31.98,12.51,3.21,167.77,24.86,71.38,184.22,0.03,0.02,20-Nov-2020 - 00:00,"Talcher Coalfields,Talcher - OSPCB"
20-Nov-2020 - 00:00,24.55,3.12,1.24,26.4,16.79,0.0,106.65,42.94,39.65,22.56,3.32,162.75,25.4,73.25,160.21,0.03,0.03,21-Nov-2020 - 00:00,"Talcher Coalfields,Talcher - OSPCB"
21-Nov-2020 - 00:00,14.53,2.38,1.22,33.15,18.84,0.0,95.88,37.59,33.57,19.05,3.17,150.66,25.36,73.04,103.68,0.03,0.01,22-Nov-2020 - 00:00,"Talcher Coalfields,Talcher - OSPCB"
22-Nov-2020 - 00:00,16.37,2.52,1.33,41.98,24.47,0.0,116.03,47.81,38.21,21.88,3.48,152.64,22.56,73.5,93.72,0.04,0.01,23-Nov-2020 - 00:00,"Talcher Coalfields,Talcher - OSPCB"
23-Nov-2020 - 00:00,17.44,7.86,1.35,50.16,22.32,0.0,113.34,46.31,43.21,29.4,3.14,175.1,21.09,71.31,183.19,0.03,0.01,24-Nov-2020 - 00:00,"Talcher Coalfields,Talcher - OSPCB"
24-Nov-2020 - 00:00,17.47,6.96,1.52,44.52,23.29,0.0,135.39,57.24,46.13,34.46,3.13,152.78,19.54,73.3,110.59,0.05,0.02,25-Nov-2020 - 00:00,"Talcher Coalfields,Talcher - OSPCB"
25-Nov-2020 - 00:00,11.66,23.29,1.99,39.46,22.64,0.0,139.98,59.54,36.9,29.07,3.55,164.6,19.6,71.1,109.12,0.05,0.01,26-Nov-2020 - 00:00,"Talcher Coalfields,Talcher - OSPCB"
26-Nov-2020 - 00:00,41.96,31.15,3.53,16.52,25.75,0.0,147.59,63.73,39.57,7.57,3.12,167.28,19.34,82.4,25.88,0.06,0.11,27-Nov-2020 - 00:00,"Talcher Coalfields,Talcher - OSPCB"
27-Nov-2020 - 00:00,19.1,11.47,2.39,28.04,26.35,0.0,124.37,51.87,25.76,13.58,3.03,139.73,22.25,68.21,68.27,0.05,0.26,28-Nov-2020 - 00:00,"Talcher Coalfields,Talcher - OSPCB"
28-Nov-2020 - 00:00,15.48,9.83,1.45,39.59,22.69,0.0,106.1,42.66,38.24,24.43,3.13,141.29,22.83,62.55,225.19,0.08,0.26,29-Nov-2020 - 00:00,"Talcher Coalfields,Talcher - OSPCB"
29-Nov-2020 - 00:00,23.67,17.13,2.24,45.9,39.83,0.0,120.56,49.87,60.77,37.16,3.12,135.22,21.99,63.7,189.13,0.05,0.0,30-Nov-2020 - 00:00,"Talcher Coalfields,Talcher - OSPCB"
30-Nov-2020 - 00:00,25.81,16.73,2.42,43.4,46.05,0.0,119.69,49.52,65.76,39.94,3.28,140.95,21.41,64.24,197.97,0.05,0.0,01-Dec-2020 - 00:00,"Talcher Coalfields,Talcher - OSPCB"
01-Dec-2020 - 00:00,24.2,6.8,1.54,11.6,14.46,0.0,125.53,52.33,38.48,14.29,3.57,132.0,16.31,86.35,,0.02,0.0,02-Dec-2020 - 00:00,"Talcher Coalfields,Talcher - OSPCB"
