from date,WS,WD,Gust,Variance,AT,RH,SR,BP,Power,PM10,PM2.5,NO,NO2,NOx,CO,CO2,Ozone,to date,station
01-Jan-2018 - 00:00,0.14,2.36,0.31,1.0,11.67,78.57,40.67,985.99,13.86,228.01,142.51,6.22,66.5,17.93,0.73,,36.5,02-Jan-2018 - 00:00,"Burari Crossing, Delhi - IMD"
02-Jan-2018 - 00:00,,2.0,0.13,1.0,9.59,81.79,39.29,986.94,13.88,285.69,188.12,5.85,76.19,0.0,0.69,,44.37,03-Jan-2018 - 00:00,"Burari Crossing, Delhi - IMD"
03-Jan-2018 - 00:00,0.1,2.17,0.13,1.25,11.27,70.62,43.73,986.68,13.87,242.73,151.75,5.77,69.86,0.0,0.7,,38.28,04-Jan-2018 - 00:00,"Burari Crossing, Delhi - IMD"
04-Jan-2018 - 00:00,0.81,2.53,4.24,1.0,10.38,74.8,44.22,986.63,13.87,307.72,192.4,5.72,76.13,0.0,0.68,,46.37,05-Jan-2018 - 00:00,"Burari Crossing, Delhi - IMD"
05-Jan-2018 - 00:00,0.47,2.24,1.75,1.03,10.62,71.76,39.77,985.9,13.87,329.41,205.94,5.32,76.52,0.0,0.66,,49.18,06-Jan-2018 - 00:00,"Burari Crossing, Delhi - IMD"
06-Jan-2018 - 00:00,0.1,2.58,0.18,1.18,11.54,66.52,52.77,985.61,13.86,319.4,199.63,5.24,76.32,0.0,0.66,,47.88,07-Jan-2018 - 00:00,"Burari Crossing, Delhi - IMD"
07-Jan-2018 - 00:00,0.17,2.72,1.7,1.2,10.16,69.79,45.69,986.39,13.88,188.54,117.84,6.74,61.52,0.0,0.77,,31.57,08-Jan-2018 - 00:00,"Burari Crossing, Delhi - IMD"
08-Jan-2018 - 00:00,,,,,,,,,,171.69,107.39,7.08,58.94,0.0,0.8,,29.43,09-Jan-2018 - 00:00,"Burari Crossing, Delhi - IMD"
09-Jan-2018 - 00:00,,,,,,,,,,240.83,150.59,6.0,68.33,0.0,0.71,,38.1,10-Jan-2018 - 00:00,"Burari Crossing, Delhi - IMD"
10-Jan-2018 - 00:00,0.15,2.7,1.89,1.28,16.22,44.74,66.98,988.73,13.82,207.45,129.7,6.34,64.53,0.0,0.74,,33.89,11-Jan-2018 - 00:00,"Burari Crossing, Delhi - IMD"
11-Jan-2018 - 00:00,0.14,2.33,1.17,1.28,14.63,49.42,46.86,987.49,13.82,164.26,102.68,6.96,58.59,0.0,0.79,,28.53,12-Jan-2018 - 00:00,"Burari Crossing, Delhi - IMD"
12-Jan-2018 - 00:00,0.13,2.58,0.69,1.39,15.21,50.85,55.38,987.4,13.83,179.61,112.28,6.73,60.74,0.0,0.77,,30.45,13-Jan-2018 - 00:00,"Burari Crossing, Delhi - IMD"
13-Jan-2018 - 00:00,0.15,2.64,0.81,1.1,15.2,54.63,55.47,988.11,13.85,289.31,180.86,5.86,73.27,0.0,0.7,,44.16,14-Jan-2018 - 00:00,"Burari Crossing, Delhi - IMD"
14-Jan-2018 - 00:00,,,,,,,,,,199.46,124.66,6.28,65.85,0.0,0.74,,32.93,15-Jan-2018 - 00:00,"Burari Crossing, Delhi - IMD"
15-Jan-2018 - 00:00,,,,,,,,,,187.1,116.94,6.86,60.82,0.0,0.78,,31.39,16-Jan-2018 - 00:00,"Burari Crossing, Delhi - IMD"
16-Jan-2018 - 00:00,,,,,,,,,,155.45,97.16,7.92,54.63,0.0,0.86,,27.43,17-Jan-2018 - 00:00,"Burari Crossing, Delhi - IMD"
17-Jan-2018 - 00:00,,,,,,,,,,316.74,197.96,5.17,76.53,17.18,0.65,,47.57,18-Jan-2018 - 00:00,"Burari Crossing, Delhi - IMD"
18-Jan-2018 - 00:00,,3.0,0.04,1.09,15.88,63.51,49.18,986.83,12.75,360.38,225.3,4.88,80.36,85.24,0.63,,53.05,19-Jan-2018 - 00:00,"Burari Crossing, Delhi - IMD"
19-Jan-2018 - 00:00,0.1,2.67,0.37,1.27,16.51,58.18,53.9,987.41,12.51,249.24,155.77,5.8,69.56,75.36,0.7,,39.13,20-Jan-2018 - 00:00,"Burari Crossing, Delhi - IMD"
20-Jan-2018 - 00:00,0.18,2.69,1.85,1.17,15.68,48.42,59.24,986.96,13.86,165.94,103.71,7.17,58.12,65.29,0.8,,28.74,21-Jan-2018 - 00:00,"Burari Crossing, Delhi - IMD"
21-Jan-2018 - 00:00,,2.8,0.12,0.98,15.62,46.56,73.22,985.78,13.85,199.21,124.5,6.6,63.47,70.06,0.76,,32.9,22-Jan-2018 - 00:00,"Burari Crossing, Delhi - IMD"
22-Jan-2018 - 00:00,0.1,2.92,0.52,0.73,14.8,52.33,56.28,985.79,13.87,220.0,137.5,6.04,66.53,72.58,0.72,,35.5,23-Jan-2018 - 00:00,"Burari Crossing, Delhi - IMD"
23-Jan-2018 - 00:00,,,,,,,,,,173.44,108.43,8.23,61.74,69.97,0.86,,28.64,24-Jan-2018 - 00:00,"Burari Crossing, Delhi - IMD"
24-Jan-2018 - 00:00,,,,,,,,,,120.61,75.38,8.69,49.51,58.2,0.92,,23.08,25-Jan-2018 - 00:00,"Burari Crossing, Delhi - IMD"
25-Jan-2018 - 00:00,,,,,,,,,,112.62,70.38,9.24,47.46,56.7,0.96,,22.08,26-Jan-2018 - 00:00,"Burari Crossing, Delhi - IMD"
26-Jan-2018 - 00:00,,,,,,,,,,127.2,79.5,8.8,50.59,59.39,0.92,,23.9,27-Jan-2018 - 00:00,"Burari Crossing, Delhi - IMD"
27-Jan-2018 - 00:00,,,,,,,,,,192.84,120.53,6.57,62.37,68.94,0.76,,32.11,28-Jan-2018 - 00:00,"Burari Crossing, Delhi - IMD"
28-Jan-2018 - 00:00,,,,,,,,,,150.36,93.98,8.43,54.34,62.76,0.9,,26.8,29-Jan-2018 - 00:00,"Burari Crossing, Delhi - IMD"
29-Jan-2018 - 00:00,,,,,,,,,,182.49,114.11,7.0,60.11,67.11,0.79,,30.78,30-Jan-2018 - 00:00,"Burari Crossing, Delhi - IMD"
30-Jan-2018 - 00:00,,,,,,,,,,131.7,82.31,8.44,51.37,59.81,0.9,,24.46,31-Jan-2018 - 00:00,"Burari Crossing, Delhi - IMD"
31-Jan-2018 - 00:00,,,,,,,,,,124.49,77.81,8.35,50.64,59.0,0.89,,23.56,01-Feb-2018 - 00:00,"Burari Crossing, Delhi - IMD"
01-Feb-2018 - 00:00,,,,,,,,,,188.5,117.86,7.57,59.57,67.14,0.77,,30.94,02-Feb-2018 - 00:00,"Burari Crossing, Delhi - IMD"
02-Feb-2018 - 00:00,,,,,,,,,,121.78,76.11,11.81,38.31,50.11,0.93,,23.22,03-Feb-2018 - 00:00,"Burari Crossing, Delhi - IMD"
03-Feb-2018 - 00:00,,,,,,,,,,111.39,69.65,12.52,37.87,50.39,0.96,,21.89,04-Feb-2018 - 00:00,"Burari Crossing, Delhi - IMD"
04-Feb-2018 - 00:00,,,,,,,,,,124.99,78.12,11.47,38.97,50.45,0.9,,23.62,05-Feb-2018 - 00:00,"Burari Crossing, Delhi - IMD"
05-Feb-2018 - 00:00,,,,,,,,,,169.07,105.67,10.72,42.22,52.94,0.84,,29.13,06-Feb-2018 - 00:00,"Burari Crossing, Delhi - IMD"
06-Feb-2018 - 00:00,,,,,,,,,,125.85,78.66,11.31,39.23,50.53,0.89,,23.73,07-Feb-2018 - 00:00,"Burari Crossing, Delhi - IMD"
07-Feb-2018 - 00:00,,,,,,,,,,139.14,86.96,11.13,40.22,51.35,0.87,,25.39,08-Feb-2018 - 00:00,"Burari Crossing, Delhi - IMD"
08-Feb-2018 - 00:00,,,,,,,,,,201.27,125.79,9.56,45.14,54.71,0.76,,33.16,09-Feb-2018 - 00:00,"Burari Crossing, Delhi - IMD"
09-Feb-2018 - 00:00,,,,,,,,,,182.29,113.93,9.89,43.87,53.76,0.78,,30.79,10-Feb-2018 - 00:00,"Burari Crossing, Delhi - IMD"
10-Feb-2018 - 00:00,,,,,,,,,,181.73,113.58,9.9,43.91,53.81,0.78,,30.72,11-Feb-2018 - 00:00,"Burari Crossing, Delhi - IMD"
11-Feb-2018 - 00:00,,,,,,,,,,131.56,82.22,12.15,38.72,50.87,0.95,,24.44,12-Feb-2018 - 00:00,"Burari Crossing, Delhi - IMD"
12-Feb-2018 - 00:00,,,,,,,,,,66.83,41.78,24.51,29.78,54.29,1.68,,16.07,13-Feb-2018 - 00:00,"Burari Crossing, Delhi - IMD"
13-Feb-2018 - 00:00,,,,,,,,,,102.46,64.04,14.7,34.86,49.56,1.14,,20.81,14-Feb-2018 - 00:00,"Burari Crossing, Delhi - IMD"
14-Feb-2018 - 00:00,,,,,,,,,,65.65,41.03,20.25,29.1,49.36,1.55,,16.21,15-Feb-2018 - 00:00,"Burari Crossing, Delhi - IMD"
15-Feb-2018 - 00:00,,,,,,,,,,88.08,55.05,13.67,34.05,47.73,1.07,,19.01,16-Feb-2018 - 00:00,"Burari Crossing, Delhi - IMD"
16-Feb-2018 - 00:00,,,,,,,,,,97.71,61.07,13.67,34.92,48.59,1.07,,20.21,17-Feb-2018 - 00:00,"Burari Crossing, Delhi - IMD"
17-Feb-2018 - 00:00,,,,,,,,,,106.29,66.43,12.44,36.69,49.13,0.97,,21.29,18-Feb-2018 - 00:00,"Burari Crossing, Delhi - IMD"
18-Feb-2018 - 00:00,,,,,,,,,,149.36,93.35,12.15,39.11,51.26,0.95,,26.67,19-Feb-2018 - 00:00,"Burari Crossing, Delhi - IMD"
19-Feb-2018 - 00:00,,,,,,,,,,237.32,148.33,9.46,46.18,55.63,0.75,,37.67,20-Feb-2018 - 00:00,"Burari Crossing, Delhi - IMD"
20-Feb-2018 - 00:00,,,,,,,,,,218.37,136.49,9.61,45.42,55.03,0.76,,35.3,21-Feb-2018 - 00:00,"Burari Crossing, Delhi - IMD"
21-Feb-2018 - 00:00,,,,,,,,,,209.83,131.15,9.27,46.07,55.34,0.74,,34.23,22-Feb-2018 - 00:00,"Burari Crossing, Delhi - IMD"
22-Feb-2018 - 00:00,,,,,,,,,,157.64,98.52,11.01,41.03,52.03,0.87,,27.7,23-Feb-2018 - 00:00,"Burari Crossing, Delhi - IMD"
23-Feb-2018 - 00:00,,,,,,,,,,177.95,111.22,9.98,43.55,53.53,0.79,,30.24,24-Feb-2018 - 00:00,"Burari Crossing, Delhi - IMD"
24-Feb-2018 - 00:00,,,,,,,,,,216.4,135.3,8.33,52.0,60.33,0.66,,27.89,25-Feb-2018 - 00:00,"Burari Crossing, Delhi - IMD"
25-Feb-2018 - 00:00,,,,,,,,,,176.89,110.55,8.24,55.43,63.66,0.66,,17.28,26-Feb-2018 - 00:00,"Burari Crossing, Delhi - IMD"
26-Feb-2018 - 00:00,,,,,,,,,,117.11,73.19,12.57,37.23,49.8,0.98,,22.64,27-Feb-2018 - 00:00,"Burari Crossing, Delhi - IMD"
27-Feb-2018 - 00:00,,,,,,,,,,137.73,86.08,10.99,40.34,51.33,0.86,,25.22,28-Feb-2018 - 00:00,"Burari Crossing, Delhi - IMD"
28-Feb-2018 - 00:00,,,,,,,,,,182.12,113.83,10.26,45.47,55.73,0.79,,28.86,01-Mar-2018 - 00:00,"Burari Crossing, Delhi - IMD"
01-Mar-2018 - 00:00,,,,,,,,,,181.22,113.72,11.9,44.47,56.38,0.84,,29.68,02-Mar-2018 - 00:00,"Burari Crossing, Delhi - IMD"
02-Mar-2018 - 00:00,,,,,,,,,,186.53,116.58,10.48,43.07,53.54,0.83,,31.32,03-Mar-2018 - 00:00,"Burari Crossing, Delhi - IMD"
03-Mar-2018 - 00:00,,,,,,,,,,144.95,90.6,10.97,40.65,51.62,0.86,,26.12,04-Mar-2018 - 00:00,"Burari Crossing, Delhi - IMD"
04-Mar-2018 - 00:00,,,,,,,,,,134.58,84.11,11.14,39.91,51.05,0.88,,24.82,05-Mar-2018 - 00:00,"Burari Crossing, Delhi - IMD"
05-Mar-2018 - 00:00,,,,,,,,,,119.23,74.52,11.71,38.33,50.04,0.92,,22.9,06-Mar-2018 - 00:00,"Burari Crossing, Delhi - IMD"
06-Mar-2018 - 00:00,,,,,,,,,,117.91,73.7,11.76,38.18,49.94,0.92,,22.74,07-Mar-2018 - 00:00,"Burari Crossing, Delhi - IMD"
07-Mar-2018 - 00:00,,,,,,,,,,133.23,83.27,11.37,39.57,50.94,0.89,,24.65,08-Mar-2018 - 00:00,"Burari Crossing, Delhi - IMD"
08-Mar-2018 - 00:00,,,,,,,,,,201.88,126.17,9.71,44.85,54.56,0.77,,33.23,09-Mar-2018 - 00:00,"Burari Crossing, Delhi - IMD"
09-Mar-2018 - 00:00,,,,,,,,,,193.23,120.77,10.31,43.26,53.57,0.81,,32.15,10-Mar-2018 - 00:00,"Burari Crossing, Delhi - IMD"
10-Mar-2018 - 00:00,,,,,,,,,,123.24,77.04,12.12,41.68,53.85,0.95,,21.71,11-Mar-2018 - 00:00,"Burari Crossing, Delhi - IMD"
11-Mar-2018 - 00:00,,,,,,,,,,135.56,85.02,12.13,41.75,53.94,0.91,,24.29,12-Mar-2018 - 00:00,"Burari Crossing, Delhi - IMD"
12-Mar-2018 - 00:00,,,,,,,,,,135.91,84.94,11.48,39.66,51.14,0.9,,24.99,13-Mar-2018 - 00:00,"Burari Crossing, Delhi - IMD"
13-Mar-2018 - 00:00,,,,,,,,,,173.18,108.3,10.37,43.6,54.03,0.82,,28.98,14-Mar-2018 - 00:00,"Burari Crossing, Delhi - IMD"
14-Mar-2018 - 00:00,,,,,,,,,,244.99,153.12,9.17,46.97,56.14,0.73,,38.62,15-Mar-2018 - 00:00,"Burari Crossing, Delhi - IMD"
15-Mar-2018 - 00:00,,,,,,,,,,216.5,135.31,9.54,45.44,54.98,0.76,,35.06,16-Mar-2018 - 00:00,"Burari Crossing, Delhi - IMD"
16-Mar-2018 - 00:00,,,,,,,,,,164.26,102.66,10.9,41.58,52.49,0.86,,28.53,17-Mar-2018 - 00:00,"Burari Crossing, Delhi - IMD"
17-Mar-2018 - 00:00,,,,,,,,,,140.57,87.86,12.24,42.54,54.77,0.88,,24.38,18-Mar-2018 - 00:00,"Burari Crossing, Delhi - IMD"
18-Mar-2018 - 00:00,,,,,,,,,,139.28,87.05,12.05,39.04,51.08,0.94,,25.41,19-Mar-2018 - 00:00,"Burari Crossing, Delhi - IMD"
19-Mar-2018 - 00:00,,,,,,,,,,139.79,87.37,11.0,40.34,51.34,0.87,,25.47,20-Mar-2018 - 00:00,"Burari Crossing, Delhi - IMD"
20-Mar-2018 - 00:00,,,,,,,,,,188.57,117.87,9.98,43.84,53.82,0.79,0.0,62.32,21-Mar-2018 - 00:00,"Burari Crossing, Delhi - IMD"
21-Mar-2018 - 00:00,,,,,,,,,,213.22,120.1,9.62,44.77,54.39,0.76,,112.83,22-Mar-2018 - 00:00,"Burari Crossing, Delhi - IMD"
22-Mar-2018 - 00:00,,,,,,,,,,,85.92,10.71,40.76,51.47,0.84,,44.08,23-Mar-2018 - 00:00,"Burari Crossing, Delhi - IMD"
23-Mar-2018 - 00:00,,,,,,,,,,,85.02,11.04,40.15,51.18,0.87,,48.54,24-Mar-2018 - 00:00,"Burari Crossing, Delhi - IMD"
24-Mar-2018 - 00:00,,,,,,,,,,,88.72,10.78,40.83,51.61,0.85,,57.89,25-Mar-2018 - 00:00,"Burari Crossing, Delhi - IMD"
25-Mar-2018 - 00:00,,,,,,,,,,,91.23,10.63,41.27,51.9,0.84,,72.65,26-Mar-2018 - 00:00,"Burari Crossing, Delhi - IMD"
26-Mar-2018 - 00:00,,,,,,,,,,,89.32,13.07,41.12,53.88,0.95,,68.04,27-Mar-2018 - 00:00,"Burari Crossing, Delhi - IMD"
27-Mar-2018 - 00:00,,,,,,,,,,,118.3,10.57,42.75,53.32,0.83,,70.99,28-Mar-2018 - 00:00,"Burari Crossing, Delhi - IMD"
28-Mar-2018 - 00:00,,,,,,,,,,,128.12,9.61,45.1,54.71,0.76,,79.65,29-Mar-2018 - 00:00,"Burari Crossing, Delhi - IMD"
29-Mar-2018 - 00:00,,,,,,,,,,,100.78,10.26,42.54,52.79,0.81,,77.5,30-Mar-2018 - 00:00,"Burari Crossing, Delhi - IMD"
30-Mar-2018 - 00:00,,,,,,,,,,,95.49,15.34,42.41,57.86,0.99,,85.22,31-Mar-2018 - 00:00,"Burari Crossing, Delhi - IMD"
31-Mar-2018 - 00:00,,,,,,,,,,,123.42,9.62,44.84,54.47,0.76,,107.08,01-Apr-2018 - 00:00,"Burari Crossing, Delhi - IMD"
01-Apr-2018 - 00:00,,,,,,,,,,,102.25,10.22,42.65,52.87,0.81,,119.25,02-Apr-2018 - 00:00,"Burari Crossing, Delhi - IMD"
02-Apr-2018 - 00:00,,,,,,,,,,,130.59,9.4,45.72,55.13,0.75,,126.04,03-Apr-2018 - 00:00,"Burari Crossing, Delhi - IMD"
03-Apr-2018 - 00:00,,,,,,,,,,,148.53,8.89,47.66,56.55,0.71,,142.49,04-Apr-2018 - 00:00,"Burari Crossing, Delhi - IMD"
04-Apr-2018 - 00:00,,,,,,,,,,,127.64,10.32,48.5,58.82,0.74,,74.08,05-Apr-2018 - 00:00,"Burari Crossing, Delhi - IMD"
05-Apr-2018 - 00:00,,,,,,,,,,,162.66,8.72,48.53,57.26,0.69,,79.02,06-Apr-2018 - 00:00,"Burari Crossing, Delhi - IMD"
06-Apr-2018 - 00:00,,,,,,,,,,,111.99,11.62,47.09,58.76,0.78,,65.26,07-Apr-2018 - 00:00,"Burari Crossing, Delhi - IMD"
07-Apr-2018 - 00:00,,,,,,,,,,,77.74,14.38,36.71,51.09,1.12,,70.22,08-Apr-2018 - 00:00,"Burari Crossing, Delhi - IMD"
08-Apr-2018 - 00:00,,,,,,,,,,,73.23,14.39,35.7,50.09,1.12,,68.95,09-Apr-2018 - 00:00,"Burari Crossing, Delhi - IMD"
09-Apr-2018 - 00:00,,,,,,,,,,,65.1,15.84,34.93,50.78,1.23,,90.34,10-Apr-2018 - 00:00,"Burari Crossing, Delhi - IMD"
10-Apr-2018 - 00:00,,,,,,,,,,,114.74,18.63,42.77,61.48,0.94,,91.13,11-Apr-2018 - 00:00,"Burari Crossing, Delhi - IMD"
11-Apr-2018 - 00:00,,,,,,,,,,,60.24,18.63,36.52,55.37,1.18,,76.64,12-Apr-2018 - 00:00,"Burari Crossing, Delhi - IMD"
12-Apr-2018 - 00:00,,,,,,,,,,,75.57,16.18,36.79,53.03,1.13,,69.02,13-Apr-2018 - 00:00,"Burari Crossing, Delhi - IMD"
13-Apr-2018 - 00:00,,,,,,,,,,,86.68,12.03,38.97,51.0,0.94,,50.63,14-Apr-2018 - 00:00,"Burari Crossing, Delhi - IMD"
14-Apr-2018 - 00:00,,,,,,,,,,,97.82,10.71,41.53,52.23,0.84,,48.67,15-Apr-2018 - 00:00,"Burari Crossing, Delhi - IMD"
15-Apr-2018 - 00:00,,,,,,,,,,,116.34,9.71,44.42,54.13,0.77,,57.57,16-Apr-2018 - 00:00,"Burari Crossing, Delhi - IMD"
16-Apr-2018 - 00:00,,,,,,,,,,,123.61,9.66,44.87,54.53,0.76,,62.49,17-Apr-2018 - 00:00,"Burari Crossing, Delhi - IMD"
17-Apr-2018 - 00:00,,,,,,,,,,,110.66,10.35,43.06,53.4,0.82,,51.74,18-Apr-2018 - 00:00,"Burari Crossing, Delhi - IMD"
18-Apr-2018 - 00:00,,,,,,,,,,,86.72,12.18,39.52,51.69,0.95,,40.71,19-Apr-2018 - 00:00,"Burari Crossing, Delhi - IMD"
19-Apr-2018 - 00:00,,,,,,,,,,,105.97,11.09,41.47,52.56,0.87,,46.7,20-Apr-2018 - 00:00,"Burari Crossing, Delhi - IMD"
20-Apr-2018 - 00:00,,,,,,,,,,,138.63,9.95,44.71,54.66,0.79,,43.4,21-Apr-2018 - 00:00,"Burari Crossing, Delhi - IMD"
21-Apr-2018 - 00:00,,,,,,,,,,,130.2,10.92,43.08,54.0,0.86,,54.59,22-Apr-2018 - 00:00,"Burari Crossing, Delhi - IMD"
22-Apr-2018 - 00:00,,,,,,,,,,,67.43,14.48,36.07,50.56,1.11,,44.9,23-Apr-2018 - 00:00,"Burari Crossing, Delhi - IMD"
23-Apr-2018 - 00:00,,,,,,,,,,,93.22,11.5,40.07,51.57,0.9,,43.36,24-Apr-2018 - 00:00,"Burari Crossing, Delhi - IMD"
24-Apr-2018 - 00:00,,,,,,,,,,,107.6,10.85,42.07,52.92,0.85,,49.97,25-Apr-2018 - 00:00,"Burari Crossing, Delhi - IMD"
25-Apr-2018 - 00:00,,,,,,,,,,,134.45,9.21,46.32,55.53,0.73,,46.54,26-Apr-2018 - 00:00,"Burari Crossing, Delhi - IMD"
26-Apr-2018 - 00:00,,,,,,,,,,,159.44,8.98,47.86,56.84,0.71,,57.99,27-Apr-2018 - 00:00,"Burari Crossing, Delhi - IMD"
27-Apr-2018 - 00:00,,,,,,,,,,,121.32,9.97,44.11,54.08,0.79,,85.11,28-Apr-2018 - 00:00,"Burari Crossing, Delhi - IMD"
28-Apr-2018 - 00:00,,,,,,,,,,,108.99,10.42,42.62,53.03,0.82,,83.6,29-Apr-2018 - 00:00,"Burari Crossing, Delhi - IMD"
29-Apr-2018 - 00:00,,,,,,,,,,,119.5,11.13,42.95,54.08,0.87,,84.29,30-Apr-2018 - 00:00,"Burari Crossing, Delhi - IMD"
30-Apr-2018 - 00:00,,,,,,,,,,,87.35,13.67,37.62,51.29,1.07,,71.18,01-May-2018 - 00:00,"Burari Crossing, Delhi - IMD"
01-May-2018 - 00:00,,,,,,,,,,,64.3,24.22,34.08,58.15,1.45,,87.03,02-May-2018 - 00:00,"Burari Crossing, Delhi - IMD"
02-May-2018 - 00:00,,,,,,,,,,,96.4,21.04,39.23,60.35,1.33,,85.56,03-May-2018 - 00:00,"Burari Crossing, Delhi - IMD"
03-May-2018 - 00:00,,,,,,,,,,,74.92,16.44,36.64,53.13,1.22,,77.77,04-May-2018 - 00:00,"Burari Crossing, Delhi - IMD"
04-May-2018 - 00:00,,,,,,,,,,,70.27,16.97,33.95,50.91,1.31,,86.23,05-May-2018 - 00:00,"Burari Crossing, Delhi - IMD"
05-May-2018 - 00:00,,,,,,,,,,,104.35,11.16,41.37,52.53,0.88,,78.9,06-May-2018 - 00:00,"Burari Crossing, Delhi - IMD"
06-May-2018 - 00:00,,,,,,,,,,,108.09,11.92,41.47,53.38,0.93,,72.74,07-May-2018 - 00:00,"Burari Crossing, Delhi - IMD"
07-May-2018 - 00:00,,,,,,,,,,,151.39,9.92,45.67,55.59,0.78,,71.19,08-May-2018 - 00:00,"Burari Crossing, Delhi - IMD"
08-May-2018 - 00:00,,,,,,,,,,,82.08,17.16,41.66,58.92,1.22,,58.23,09-May-2018 - 00:00,"Burari Crossing, Delhi - IMD"
09-May-2018 - 00:00,,,,,,,,,,,82.65,19.38,38.31,57.81,1.19,,83.07,10-May-2018 - 00:00,"Burari Crossing, Delhi - IMD"
10-May-2018 - 00:00,,,,,,,,,,,31.53,19.0,26.56,45.56,1.47,,,11-May-2018 - 00:00,"Burari Crossing, Delhi - IMD"
11-May-2018 - 00:00,,,,,,,,,,,30.0,19.33,26.1,45.44,1.49,,,12-May-2018 - 00:00,"Burari Crossing, Delhi - IMD"
12-May-2018 - 00:00,,,,,,,,,,,29.97,18.32,29.27,47.6,1.41,,,13-May-2018 - 00:00,"Burari Crossing, Delhi - IMD"
13-May-2018 - 00:00,,,,,,,,,,,,,,,,,,14-May-2018 - 00:00,"Burari Crossing, Delhi - IMD"
14-May-2018 - 00:00,,,,,,,,,,,,,,,,,,15-May-2018 - 00:00,"Burari Crossing, Delhi - IMD"
15-May-2018 - 00:00,,,,,,,,,,,,,,,,,,16-May-2018 - 00:00,"Burari Crossing, Delhi - IMD"
16-May-2018 - 00:00,,,,,,,,,,,,,,,,,,17-May-2018 - 00:00,"Burari Crossing, Delhi - IMD"
17-May-2018 - 00:00,,,,,,,,,,,,,,,,,,18-May-2018 - 00:00,"Burari Crossing, Delhi - IMD"
18-May-2018 - 00:00,,,,,,,,,,,,,,,,,,19-May-2018 - 00:00,"Burari Crossing, Delhi - IMD"
19-May-2018 - 00:00,,,,,,,,,,,,,,,,,,20-May-2018 - 00:00,"Burari Crossing, Delhi - IMD"
20-May-2018 - 00:00,,,,,,,,,,,,,,,,,,21-May-2018 - 00:00,"Burari Crossing, Delhi - IMD"
21-May-2018 - 00:00,,,,,,,,,,,,,,,,,,22-May-2018 - 00:00,"Burari Crossing, Delhi - IMD"
22-May-2018 - 00:00,,,,,,,,,,,,,,,,,,23-May-2018 - 00:00,"Burari Crossing, Delhi - IMD"
23-May-2018 - 00:00,,,,,,,,,,,,,,,,,,24-May-2018 - 00:00,"Burari Crossing, Delhi - IMD"
24-May-2018 - 00:00,,,,,,,,,,,,,,,,,,25-May-2018 - 00:00,"Burari Crossing, Delhi - IMD"
25-May-2018 - 00:00,,,,,,,,,,,,,,,,,,26-May-2018 - 00:00,"Burari Crossing, Delhi - IMD"
26-May-2018 - 00:00,,,,,,,,,,,,,,,,,,27-May-2018 - 00:00,"Burari Crossing, Delhi - IMD"
27-May-2018 - 00:00,,,,,,,,,,,,,,,,,,28-May-2018 - 00:00,"Burari Crossing, Delhi - IMD"
28-May-2018 - 00:00,0.2,2.33,0.39,1.48,33.56,24.51,21.33,973.06,8.5,,,,,,,,,29-May-2018 - 00:00,"Burari Crossing, Delhi - IMD"
29-May-2018 - 00:00,,,,,,,,,,,,,,,,,,30-May-2018 - 00:00,"Burari Crossing, Delhi - IMD"
30-May-2018 - 00:00,,,,,,,,,,,,,,,,,,31-May-2018 - 00:00,"Burari Crossing, Delhi - IMD"
31-May-2018 - 00:00,,,,,,,,,,,,,,,,,,01-Jun-2018 - 00:00,"Burari Crossing, Delhi - IMD"
01-Jun-2018 - 00:00,,,,,,,,,,,,,,,,,,02-Jun-2018 - 00:00,"Burari Crossing, Delhi - IMD"
02-Jun-2018 - 00:00,,,,,,,,,,,,,,,,,,03-Jun-2018 - 00:00,"Burari Crossing, Delhi - IMD"
03-Jun-2018 - 00:00,,,,,,,,,,,,,,,,,,04-Jun-2018 - 00:00,"Burari Crossing, Delhi - IMD"
04-Jun-2018 - 00:00,,,,,,,,,,,,,,,,,,05-Jun-2018 - 00:00,"Burari Crossing, Delhi - IMD"
05-Jun-2018 - 00:00,,,,,,,,,,,,,,,,,,06-Jun-2018 - 00:00,"Burari Crossing, Delhi - IMD"
06-Jun-2018 - 00:00,,,,,,,,,,,,,,,,,,07-Jun-2018 - 00:00,"Burari Crossing, Delhi - IMD"
07-Jun-2018 - 00:00,,,,,,,,,,,,,,,,,,08-Jun-2018 - 00:00,"Burari Crossing, Delhi - IMD"
08-Jun-2018 - 00:00,,,,,,,,,,,,,,,,,,09-Jun-2018 - 00:00,"Burari Crossing, Delhi - IMD"
09-Jun-2018 - 00:00,,,,,,,,,,,,,,,,,,10-Jun-2018 - 00:00,"Burari Crossing, Delhi - IMD"
10-Jun-2018 - 00:00,,,,,,,,,,,,,,,,,,11-Jun-2018 - 00:00,"Burari Crossing, Delhi - IMD"
11-Jun-2018 - 00:00,,,,,,,,,,,,,,,,,,12-Jun-2018 - 00:00,"Burari Crossing, Delhi - IMD"
12-Jun-2018 - 00:00,,,,,,,,,,,,,,,,,,13-Jun-2018 - 00:00,"Burari Crossing, Delhi - IMD"
13-Jun-2018 - 00:00,,,,,,,,,,,,,,,,,,14-Jun-2018 - 00:00,"Burari Crossing, Delhi - IMD"
14-Jun-2018 - 00:00,,,,,,,,,,,,,,,,,,15-Jun-2018 - 00:00,"Burari Crossing, Delhi - IMD"
15-Jun-2018 - 00:00,,,,,,,,,,,,,,,,,,16-Jun-2018 - 00:00,"Burari Crossing, Delhi - IMD"
16-Jun-2018 - 00:00,,,,,,,,,,,,,,,,,,17-Jun-2018 - 00:00,"Burari Crossing, Delhi - IMD"
17-Jun-2018 - 00:00,,,,,,,,,,,,,,,,,,18-Jun-2018 - 00:00,"Burari Crossing, Delhi - IMD"
18-Jun-2018 - 00:00,,,,,,,,,,,,,,,,,,19-Jun-2018 - 00:00,"Burari Crossing, Delhi - IMD"
19-Jun-2018 - 00:00,,,,,,,,,,,,,,,,,,20-Jun-2018 - 00:00,"Burari Crossing, Delhi - IMD"
20-Jun-2018 - 00:00,,,,,,,,,,,,,,,,,,21-Jun-2018 - 00:00,"Burari Crossing, Delhi - IMD"
21-Jun-2018 - 00:00,,,,,,,,,,,,,,,,,,22-Jun-2018 - 00:00,"Burari Crossing, Delhi - IMD"
22-Jun-2018 - 00:00,,,,,,,,,,,,,,,,,,23-Jun-2018 - 00:00,"Burari Crossing, Delhi - IMD"
23-Jun-2018 - 00:00,,,,,,,,,,,,,,,,,,24-Jun-2018 - 00:00,"Burari Crossing, Delhi - IMD"
24-Jun-2018 - 00:00,,,,,,,,,,,,,,,,,,25-Jun-2018 - 00:00,"Burari Crossing, Delhi - IMD"
25-Jun-2018 - 00:00,,,,,,,,,,,,,,,,,,26-Jun-2018 - 00:00,"Burari Crossing, Delhi - IMD"
26-Jun-2018 - 00:00,,,,,,,,,,,,,,,,,,27-Jun-2018 - 00:00,"Burari Crossing, Delhi - IMD"
27-Jun-2018 - 00:00,,,,,,,,,,,,,,,,,,28-Jun-2018 - 00:00,"Burari Crossing, Delhi - IMD"
28-Jun-2018 - 00:00,,,,,,,,,,,,,,,,,,29-Jun-2018 - 00:00,"Burari Crossing, Delhi - IMD"
29-Jun-2018 - 00:00,,,,,,,,,,,,,,,,,,30-Jun-2018 - 00:00,"Burari Crossing, Delhi - IMD"
30-Jun-2018 - 00:00,,,,,,,,,,,,,,,,,,01-Jul-2018 - 00:00,"Burari Crossing, Delhi - IMD"
01-Jul-2018 - 00:00,,,,,,,,,,,,,,,,,,02-Jul-2018 - 00:00,"Burari Crossing, Delhi - IMD"
02-Jul-2018 - 00:00,,,,,,,,,,,,,,,,,,03-Jul-2018 - 00:00,"Burari Crossing, Delhi - IMD"
03-Jul-2018 - 00:00,,,,,,,,,,,,,,,,,,04-Jul-2018 - 00:00,"Burari Crossing, Delhi - IMD"
04-Jul-2018 - 00:00,,,,,,,,,,,,,,,,,,05-Jul-2018 - 00:00,"Burari Crossing, Delhi - IMD"
05-Jul-2018 - 00:00,,,,,,,,,,,,,,,,,,06-Jul-2018 - 00:00,"Burari Crossing, Delhi - IMD"
06-Jul-2018 - 00:00,,,,,,,,,,,,,,,,,,07-Jul-2018 - 00:00,"Burari Crossing, Delhi - IMD"
07-Jul-2018 - 00:00,,,,,,,,,,,,,,,,,,08-Jul-2018 - 00:00,"Burari Crossing, Delhi - IMD"
08-Jul-2018 - 00:00,,,,,,,,,,,,,,,,,,09-Jul-2018 - 00:00,"Burari Crossing, Delhi - IMD"
09-Jul-2018 - 00:00,,,,,,,,,,,,,,,,,,10-Jul-2018 - 00:00,"Burari Crossing, Delhi - IMD"
10-Jul-2018 - 00:00,,,,,,,,,,,,,,,,,,11-Jul-2018 - 00:00,"Burari Crossing, Delhi - IMD"
11-Jul-2018 - 00:00,,,,,,,,,,,,,,,,,,12-Jul-2018 - 00:00,"Burari Crossing, Delhi - IMD"
12-Jul-2018 - 00:00,,,,,,,,,,,,,,,,,,13-Jul-2018 - 00:00,"Burari Crossing, Delhi - IMD"
13-Jul-2018 - 00:00,,,,,,,,,,,,,,,,,,14-Jul-2018 - 00:00,"Burari Crossing, Delhi - IMD"
14-Jul-2018 - 00:00,,,,,,,,,,,,,,,,,,15-Jul-2018 - 00:00,"Burari Crossing, Delhi - IMD"
15-Jul-2018 - 00:00,,,,,,,,,,,,,,,,,,16-Jul-2018 - 00:00,"Burari Crossing, Delhi - IMD"
16-Jul-2018 - 00:00,,,,,,,,,,,,,,,,,,17-Jul-2018 - 00:00,"Burari Crossing, Delhi - IMD"
17-Jul-2018 - 00:00,,,,,,,,,,,,,,,,,,18-Jul-2018 - 00:00,"Burari Crossing, Delhi - IMD"
18-Jul-2018 - 00:00,,,,,,,,,,,,,,,,,,19-Jul-2018 - 00:00,"Burari Crossing, Delhi - IMD"
19-Jul-2018 - 00:00,,,,,,,,,,,,,,,,,,20-Jul-2018 - 00:00,"Burari Crossing, Delhi - IMD"
20-Jul-2018 - 00:00,,,,,,,,,,,,,,,,,,21-Jul-2018 - 00:00,"Burari Crossing, Delhi - IMD"
21-Jul-2018 - 00:00,,,,,,,,,,,,,,,,,,22-Jul-2018 - 00:00,"Burari Crossing, Delhi - IMD"
22-Jul-2018 - 00:00,,,,,,,,,,,,,,,,,,23-Jul-2018 - 00:00,"Burari Crossing, Delhi - IMD"
23-Jul-2018 - 00:00,,,,,,,,,,,,,,,,,,24-Jul-2018 - 00:00,"Burari Crossing, Delhi - IMD"
24-Jul-2018 - 00:00,,,,,,,,,,,,,,,,,,25-Jul-2018 - 00:00,"Burari Crossing, Delhi - IMD"
25-Jul-2018 - 00:00,,,,,,,,,,,,,,,,,,26-Jul-2018 - 00:00,"Burari Crossing, Delhi - IMD"
26-Jul-2018 - 00:00,,,,,,,,,,,,,,,,,,27-Jul-2018 - 00:00,"Burari Crossing, Delhi - IMD"
27-Jul-2018 - 00:00,,,,,,,,,,,,,,,,,,28-Jul-2018 - 00:00,"Burari Crossing, Delhi - IMD"
28-Jul-2018 - 00:00,,,,,,,,,,,,,,,,,,29-Jul-2018 - 00:00,"Burari Crossing, Delhi - IMD"
29-Jul-2018 - 00:00,,,,,,,,,,,,,,,,,,30-Jul-2018 - 00:00,"Burari Crossing, Delhi - IMD"
30-Jul-2018 - 00:00,,,,,,,,,,,,,,,,,,31-Jul-2018 - 00:00,"Burari Crossing, Delhi - IMD"
31-Jul-2018 - 00:00,,,,,,,,,,,,,,,,,,01-Aug-2018 - 00:00,"Burari Crossing, Delhi - IMD"
01-Aug-2018 - 00:00,,,,,,,,,,,,,,,,,,02-Aug-2018 - 00:00,"Burari Crossing, Delhi - IMD"
02-Aug-2018 - 00:00,,,,,,,,,,,,,,,,,,03-Aug-2018 - 00:00,"Burari Crossing, Delhi - IMD"
03-Aug-2018 - 00:00,,,,,,,,,,,,,,,,,,04-Aug-2018 - 00:00,"Burari Crossing, Delhi - IMD"
04-Aug-2018 - 00:00,,,,,,,,,,,,,,,,,,05-Aug-2018 - 00:00,"Burari Crossing, Delhi - IMD"
05-Aug-2018 - 00:00,,,,,,,,,,,,,,,,,,06-Aug-2018 - 00:00,"Burari Crossing, Delhi - IMD"
06-Aug-2018 - 00:00,,,,,,,,,,,,,,,,,,07-Aug-2018 - 00:00,"Burari Crossing, Delhi - IMD"
07-Aug-2018 - 00:00,,,,,,,,,,55.28,,,,0.0,0.0,0.0,113.44,08-Aug-2018 - 00:00,"Burari Crossing, Delhi - IMD"
08-Aug-2018 - 00:00,,,,,,,,,,56.15,,,,0.0,0.0,0.0,136.73,09-Aug-2018 - 00:00,"Burari Crossing, Delhi - IMD"
09-Aug-2018 - 00:00,,,,,,,,,,,,,,,,,,10-Aug-2018 - 00:00,"Burari Crossing, Delhi - IMD"
10-Aug-2018 - 00:00,,,,,,,,,,149.6,66.64,,,0.0,0.62,,10.75,11-Aug-2018 - 00:00,"Burari Crossing, Delhi - IMD"
11-Aug-2018 - 00:00,,,,,,,,,,87.04,41.34,,,0.0,1.09,22.44,4.41,12-Aug-2018 - 00:00,"Burari Crossing, Delhi - IMD"
12-Aug-2018 - 00:00,,,,,,,,,,,,,,,,,,13-Aug-2018 - 00:00,"Burari Crossing, Delhi - IMD"
13-Aug-2018 - 00:00,,,,,,,,,,156.32,124.71,,,0.0,1.1,17.5,5.41,14-Aug-2018 - 00:00,"Burari Crossing, Delhi - IMD"
14-Aug-2018 - 00:00,,,,,,,,,,154.53,71.65,2.33,,0.0,1.04,30.4,17.01,15-Aug-2018 - 00:00,"Burari Crossing, Delhi - IMD"
15-Aug-2018 - 00:00,,,,,,,,,,120.15,48.81,,,0.0,1.17,,23.25,16-Aug-2018 - 00:00,"Burari Crossing, Delhi - IMD"
16-Aug-2018 - 00:00,,,,,,,,,,106.63,46.58,,,0.0,1.07,,27.9,17-Aug-2018 - 00:00,"Burari Crossing, Delhi - IMD"
17-Aug-2018 - 00:00,,,,,,,,,,83.99,32.91,2.33,,0.0,1.05,,35.01,18-Aug-2018 - 00:00,"Burari Crossing, Delhi - IMD"
18-Aug-2018 - 00:00,,,,,,,,,,89.42,41.4,2.33,,0.0,1.03,,29.49,19-Aug-2018 - 00:00,"Burari Crossing, Delhi - IMD"
19-Aug-2018 - 00:00,,,,,,,,,,110.86,52.96,,,0.0,0.85,,38.31,20-Aug-2018 - 00:00,"Burari Crossing, Delhi - IMD"
20-Aug-2018 - 00:00,,,,,,,,,,135.26,66.75,,,0.0,0.64,,28.11,21-Aug-2018 - 00:00,"Burari Crossing, Delhi - IMD"
21-Aug-2018 - 00:00,,,,,,,,,,97.55,41.36,,,0.0,0.79,0.0,24.32,22-Aug-2018 - 00:00,"Burari Crossing, Delhi - IMD"
22-Aug-2018 - 00:00,,,,,,,,,,86.37,35.6,2.33,,0.0,0.77,,14.16,23-Aug-2018 - 00:00,"Burari Crossing, Delhi - IMD"
23-Aug-2018 - 00:00,,,,,,,,,,73.09,27.69,,,0.0,0.79,,14.46,24-Aug-2018 - 00:00,"Burari Crossing, Delhi - IMD"
24-Aug-2018 - 00:00,,,,,,,,,,82.19,28.32,2.33,,0.0,0.79,,14.56,25-Aug-2018 - 00:00,"Burari Crossing, Delhi - IMD"
25-Aug-2018 - 00:00,,,,,,,,,,68.59,20.01,,,0.0,0.78,,14.54,26-Aug-2018 - 00:00,"Burari Crossing, Delhi - IMD"
26-Aug-2018 - 00:00,,,,,,,,,,73.44,26.84,,,0.0,0.7,,14.6,27-Aug-2018 - 00:00,"Burari Crossing, Delhi - IMD"
27-Aug-2018 - 00:00,,,,,,,,,,60.86,24.6,,,0.0,0.57,,14.68,28-Aug-2018 - 00:00,"Burari Crossing, Delhi - IMD"
28-Aug-2018 - 00:00,,,,,,,,,,72.82,36.27,,,0.0,0.52,,14.77,29-Aug-2018 - 00:00,"Burari Crossing, Delhi - IMD"
29-Aug-2018 - 00:00,,,,,,,,,,78.04,41.22,,,0.0,0.47,,14.65,30-Aug-2018 - 00:00,"Burari Crossing, Delhi - IMD"
30-Aug-2018 - 00:00,,,,,,,,,,97.75,46.63,,,0.0,0.44,6.66,16.66,31-Aug-2018 - 00:00,"Burari Crossing, Delhi - IMD"
31-Aug-2018 - 00:00,,,,,,,,,,131.44,48.62,,,0.0,0.39,,23.95,01-Sep-2018 - 00:00,"Burari Crossing, Delhi - IMD"
01-Sep-2018 - 00:00,,,,,,,,,,104.84,48.22,2.33,,0.0,0.31,0.0,24.1,02-Sep-2018 - 00:00,"Burari Crossing, Delhi - IMD"
02-Sep-2018 - 00:00,,,,,,,,,,90.93,42.32,2.33,,0.0,0.3,,24.02,03-Sep-2018 - 00:00,"Burari Crossing, Delhi - IMD"
03-Sep-2018 - 00:00,,,,,,,,,,143.71,76.13,,,0.0,0.5,,24.52,04-Sep-2018 - 00:00,"Burari Crossing, Delhi - IMD"
04-Sep-2018 - 00:00,,,,,,,,,,125.1,50.87,,,0.0,0.31,9.84,23.85,05-Sep-2018 - 00:00,"Burari Crossing, Delhi - IMD"
05-Sep-2018 - 00:00,,,,,,,,,,,,,,,,,,06-Sep-2018 - 00:00,"Burari Crossing, Delhi - IMD"
06-Sep-2018 - 00:00,,,,,,,,,,134.01,49.58,,,0.0,0.4,17.18,23.4,07-Sep-2018 - 00:00,"Burari Crossing, Delhi - IMD"
07-Sep-2018 - 00:00,,,,,,,,,,151.12,62.31,,,0.0,0.35,11.04,36.38,08-Sep-2018 - 00:00,"Burari Crossing, Delhi - IMD"
08-Sep-2018 - 00:00,,,,,,,,,,,,,,,,,,09-Sep-2018 - 00:00,"Burari Crossing, Delhi - IMD"
09-Sep-2018 - 00:00,,,,,,,,,,,,,,,,,,10-Sep-2018 - 00:00,"Burari Crossing, Delhi - IMD"
10-Sep-2018 - 00:00,,,,,,,,,,115.78,34.18,,,0.0,0.13,17.25,44.46,11-Sep-2018 - 00:00,"Burari Crossing, Delhi - IMD"
11-Sep-2018 - 00:00,,,,,,,,,,125.31,51.69,,,0.0,0.23,,32.45,12-Sep-2018 - 00:00,"Burari Crossing, Delhi - IMD"
12-Sep-2018 - 00:00,,,,,,,,,,128.58,37.93,,,0.0,0.0,0.0,,13-Sep-2018 - 00:00,"Burari Crossing, Delhi - IMD"
13-Sep-2018 - 00:00,,,,,,,,,,143.66,47.71,,,0.0,0.0,0.0,,14-Sep-2018 - 00:00,"Burari Crossing, Delhi - IMD"
14-Sep-2018 - 00:00,,,,,,,,,,157.04,42.64,2.33,,0.0,0.08,0.0,32.41,15-Sep-2018 - 00:00,"Burari Crossing, Delhi - IMD"
15-Sep-2018 - 00:00,,,,,,,,,,161.68,51.97,2.33,,0.0,0.2,0.0,32.54,16-Sep-2018 - 00:00,"Burari Crossing, Delhi - IMD"
16-Sep-2018 - 00:00,,,,,,,,,,167.29,41.54,,,0.0,0.16,0.0,32.75,17-Sep-2018 - 00:00,"Burari Crossing, Delhi - IMD"
17-Sep-2018 - 00:00,,,,,,,,,,124.68,28.31,,,0.0,0.15,0.0,34.48,18-Sep-2018 - 00:00,"Burari Crossing, Delhi - IMD"
18-Sep-2018 - 00:00,,,,,,,,,,143.87,52.37,,,0.0,0.29,0.0,40.97,19-Sep-2018 - 00:00,"Burari Crossing, Delhi - IMD"
19-Sep-2018 - 00:00,,,,,,,,,,153.89,65.17,2.33,,0.0,0.29,0.0,40.34,20-Sep-2018 - 00:00,"Burari Crossing, Delhi - IMD"
20-Sep-2018 - 00:00,,,,,,,,,,168.6,79.01,,,0.0,0.28,0.0,45.21,21-Sep-2018 - 00:00,"Burari Crossing, Delhi - IMD"
21-Sep-2018 - 00:00,,,,,,,,,,103.69,48.07,,,0.0,0.32,0.0,40.93,22-Sep-2018 - 00:00,"Burari Crossing, Delhi - IMD"
22-Sep-2018 - 00:00,,,,,,,,,,67.28,30.08,,,0.0,0.33,0.0,35.91,23-Sep-2018 - 00:00,"Burari Crossing, Delhi - IMD"
23-Sep-2018 - 00:00,,,,,,,,,,84.63,43.67,2.33,,0.0,0.32,0.0,36.82,24-Sep-2018 - 00:00,"Burari Crossing, Delhi - IMD"
24-Sep-2018 - 00:00,,,,,,,,,,52.73,23.0,2.33,,0.0,0.31,0.0,34.94,25-Sep-2018 - 00:00,"Burari Crossing, Delhi - IMD"
25-Sep-2018 - 00:00,,,,,,,,,,59.31,24.86,2.33,,0.0,0.29,0.0,34.63,26-Sep-2018 - 00:00,"Burari Crossing, Delhi - IMD"
26-Sep-2018 - 00:00,,,,,,,,,,107.34,45.92,2.33,,0.0,0.22,0.0,35.02,27-Sep-2018 - 00:00,"Burari Crossing, Delhi - IMD"
27-Sep-2018 - 00:00,,,,,,,,,,181.95,83.24,2.33,,0.0,0.1,0.0,36.63,28-Sep-2018 - 00:00,"Burari Crossing, Delhi - IMD"
28-Sep-2018 - 00:00,,,,,,,,,,218.8,120.15,,,0.0,0.72,0.0,40.71,29-Sep-2018 - 00:00,"Burari Crossing, Delhi - IMD"
29-Sep-2018 - 00:00,,,,,,,,,,182.75,92.45,267.19,,0.0,2.4,0.0,42.81,30-Sep-2018 - 00:00,"Burari Crossing, Delhi - IMD"
30-Sep-2018 - 00:00,,,,,,,,,,133.86,60.03,,,0.0,0.73,,36.02,01-Oct-2018 - 00:00,"Burari Crossing, Delhi - IMD"
01-Oct-2018 - 00:00,,,,,,,,,,154.78,75.32,17.69,6.61,9.36,0.87,,38.14,02-Oct-2018 - 00:00,"Burari Crossing, Delhi - IMD"
02-Oct-2018 - 00:00,,,,,,,,,,183.19,92.6,7.78,5.67,13.43,0.9,,36.01,03-Oct-2018 - 00:00,"Burari Crossing, Delhi - IMD"
03-Oct-2018 - 00:00,,,,,,,,,,185.61,93.05,7.95,4.81,12.79,0.83,0.86,40.28,04-Oct-2018 - 00:00,"Burari Crossing, Delhi - IMD"
04-Oct-2018 - 00:00,,,,,,,,,,201.86,106.42,13.51,10.88,24.28,0.86,,49.25,05-Oct-2018 - 00:00,"Burari Crossing, Delhi - IMD"
05-Oct-2018 - 00:00,,,,,,,,,,213.28,120.57,27.53,14.35,41.88,0.77,,44.34,06-Oct-2018 - 00:00,"Burari Crossing, Delhi - IMD"
06-Oct-2018 - 00:00,,,,,,,,,,162.71,79.58,22.93,21.14,43.74,0.71,,37.13,07-Oct-2018 - 00:00,"Burari Crossing, Delhi - IMD"
07-Oct-2018 - 00:00,,,,,,,,,,207.8,98.53,12.07,20.92,33.01,0.88,,43.94,08-Oct-2018 - 00:00,"Burari Crossing, Delhi - IMD"
08-Oct-2018 - 00:00,,,,,,,,,,268.93,137.94,12.13,22.07,34.21,0.75,,51.17,09-Oct-2018 - 00:00,"Burari Crossing, Delhi - IMD"
09-Oct-2018 - 00:00,,,,,,,,,,276.03,131.95,11.98,22.4,34.39,0.72,,59.21,10-Oct-2018 - 00:00,"Burari Crossing, Delhi - IMD"
10-Oct-2018 - 00:00,,,,,,,,,,213.03,104.38,11.29,21.57,32.87,0.76,,60.07,11-Oct-2018 - 00:00,"Burari Crossing, Delhi - IMD"
11-Oct-2018 - 00:00,,,,,,,,,,149.53,70.02,10.97,20.0,30.98,0.84,,46.05,12-Oct-2018 - 00:00,"Burari Crossing, Delhi - IMD"
12-Oct-2018 - 00:00,,,,,,,,,,155.18,74.05,12.13,22.15,22.96,0.57,0.0,40.88,13-Oct-2018 - 00:00,"Burari Crossing, Delhi - IMD"
13-Oct-2018 - 00:00,,,,,,,,,,247.35,150.89,,,0.0,0.0,0.0,,14-Oct-2018 - 00:00,"Burari Crossing, Delhi - IMD"
14-Oct-2018 - 00:00,,,,,,,,,,202.46,116.8,,,0.0,0.0,0.0,,15-Oct-2018 - 00:00,"Burari Crossing, Delhi - IMD"
15-Oct-2018 - 00:00,,,,,,,,,,190.73,102.52,,,0.0,0.53,0.0,48.51,16-Oct-2018 - 00:00,"Burari Crossing, Delhi - IMD"
16-Oct-2018 - 00:00,,,,,,,,,,304.64,173.87,,,0.0,0.44,,60.35,17-Oct-2018 - 00:00,"Burari Crossing, Delhi - IMD"
17-Oct-2018 - 00:00,,,,,,,,,,324.46,193.55,,,0.0,0.31,,40.89,18-Oct-2018 - 00:00,"Burari Crossing, Delhi - IMD"
18-Oct-2018 - 00:00,,,,,,,,,,334.85,196.56,29.63,63.9,41.33,0.45,,49.37,19-Oct-2018 - 00:00,"Burari Crossing, Delhi - IMD"
19-Oct-2018 - 00:00,,,,,,,,,,270.34,153.21,,51.79,36.6,0.87,,44.77,20-Oct-2018 - 00:00,"Burari Crossing, Delhi - IMD"
20-Oct-2018 - 00:00,,,,,,,,,,340.27,214.81,52.22,62.08,78.66,1.15,,48.8,21-Oct-2018 - 00:00,"Burari Crossing, Delhi - IMD"
21-Oct-2018 - 00:00,,,,,,,,,,,,,,,,,,22-Oct-2018 - 00:00,"Burari Crossing, Delhi - IMD"
22-Oct-2018 - 00:00,,,,,,,,,,,,,,,,,,23-Oct-2018 - 00:00,"Burari Crossing, Delhi - IMD"
23-Oct-2018 - 00:00,,,,,,,,,,307.5,208.86,19.62,26.47,44.5,0.72,28.0,66.59,24-Oct-2018 - 00:00,"Burari Crossing, Delhi - IMD"
24-Oct-2018 - 00:00,,,,,,,,,,425.41,258.29,33.27,37.8,70.81,0.32,20.62,65.67,25-Oct-2018 - 00:00,"Burari Crossing, Delhi - IMD"
25-Oct-2018 - 00:00,,,,,,,,,,,,,,,,,,26-Oct-2018 - 00:00,"Burari Crossing, Delhi - IMD"
26-Oct-2018 - 00:00,,,,,,,,,,,,,,,,,,27-Oct-2018 - 00:00,"Burari Crossing, Delhi - IMD"
27-Oct-2018 - 00:00,,,,,,,,,,,,,,,,,,28-Oct-2018 - 00:00,"Burari Crossing, Delhi - IMD"
28-Oct-2018 - 00:00,,,,,,,,,,,,,,,,,,29-Oct-2018 - 00:00,"Burari Crossing, Delhi - IMD"
29-Oct-2018 - 00:00,,,,,,,,,,,,,,,,,,30-Oct-2018 - 00:00,"Burari Crossing, Delhi - IMD"
30-Oct-2018 - 00:00,,,,,,,,,,,,,,,,,,31-Oct-2018 - 00:00,"Burari Crossing, Delhi - IMD"
31-Oct-2018 - 00:00,,,,,,,,,,,,,,,,,,01-Nov-2018 - 00:00,"Burari Crossing, Delhi - IMD"
01-Nov-2018 - 00:00,,,,,,,,,,,,,,,,,,02-Nov-2018 - 00:00,"Burari Crossing, Delhi - IMD"
02-Nov-2018 - 00:00,,,,,,,,,,,,,,,,,,03-Nov-2018 - 00:00,"Burari Crossing, Delhi - IMD"
03-Nov-2018 - 00:00,,,,,,,,,,,,,,,,,,04-Nov-2018 - 00:00,"Burari Crossing, Delhi - IMD"
04-Nov-2018 - 00:00,,,,,,,,,,,,,,,,,,05-Nov-2018 - 00:00,"Burari Crossing, Delhi - IMD"
05-Nov-2018 - 00:00,,,,,,,,,,305.17,162.58,21.68,40.66,62.34,0.68,,40.88,06-Nov-2018 - 00:00,"Burari Crossing, Delhi - IMD"
06-Nov-2018 - 00:00,,,,,,,,,,261.27,98.31,22.33,36.5,58.83,0.85,,46.12,07-Nov-2018 - 00:00,"Burari Crossing, Delhi - IMD"
07-Nov-2018 - 00:00,,,,,,,,,,297.24,219.89,23.87,37.44,61.31,0.75,,59.47,08-Nov-2018 - 00:00,"Burari Crossing, Delhi - IMD"
08-Nov-2018 - 00:00,,,,,,,,,,438.67,432.07,38.96,46.59,85.55,0.37,,60.72,09-Nov-2018 - 00:00,"Burari Crossing, Delhi - IMD"
09-Nov-2018 - 00:00,,,,,,,,,,412.26,298.38,39.05,47.05,86.1,0.38,,55.21,10-Nov-2018 - 00:00,"Burari Crossing, Delhi - IMD"
10-Nov-2018 - 00:00,,,,,,,,,,465.96,342.19,39.67,52.59,92.26,0.25,,57.92,11-Nov-2018 - 00:00,"Burari Crossing, Delhi - IMD"
11-Nov-2018 - 00:00,,,,,,,,,,439.67,312.84,36.91,47.87,84.77,0.33,,59.67,12-Nov-2018 - 00:00,"Burari Crossing, Delhi - IMD"
12-Nov-2018 - 00:00,,,,,,,,,,452.19,314.2,33.04,45.69,78.73,0.38,,57.27,13-Nov-2018 - 00:00,"Burari Crossing, Delhi - IMD"
13-Nov-2018 - 00:00,,,,,,,,,,434.64,321.37,41.49,52.26,93.75,0.23,,48.36,14-Nov-2018 - 00:00,"Burari Crossing, Delhi - IMD"
14-Nov-2018 - 00:00,,,,,,,,,,218.86,159.12,31.88,43.09,74.97,0.57,,44.26,15-Nov-2018 - 00:00,"Burari Crossing, Delhi - IMD"
15-Nov-2018 - 00:00,,,,,,,,,,153.7,107.31,30.74,40.61,71.34,0.72,,50.55,16-Nov-2018 - 00:00,"Burari Crossing, Delhi - IMD"
16-Nov-2018 - 00:00,,,,,,,,,,185.84,132.47,27.04,37.96,65.0,0.83,,43.46,17-Nov-2018 - 00:00,"Burari Crossing, Delhi - IMD"
17-Nov-2018 - 00:00,,,,,,,,,,247.51,165.92,35.16,44.13,79.29,0.65,,49.24,18-Nov-2018 - 00:00,"Burari Crossing, Delhi - IMD"
18-Nov-2018 - 00:00,,,,,,,,,,354.24,246.77,41.42,50.46,91.88,0.41,,67.2,19-Nov-2018 - 00:00,"Burari Crossing, Delhi - IMD"
19-Nov-2018 - 00:00,,,,,,,,,,369.99,281.76,36.95,46.45,83.43,0.56,,62.16,20-Nov-2018 - 00:00,"Burari Crossing, Delhi - IMD"
20-Nov-2018 - 00:00,,,,,,,,,,391.45,284.02,36.64,48.49,85.13,0.43,,54.89,21-Nov-2018 - 00:00,"Burari Crossing, Delhi - IMD"
21-Nov-2018 - 00:00,,,,,,,,,,367.69,260.46,37.42,45.72,83.14,0.5,,53.8,22-Nov-2018 - 00:00,"Burari Crossing, Delhi - IMD"
22-Nov-2018 - 00:00,,,,,,,,,,274.65,166.4,57.79,55.37,113.26,0.46,,48.3,23-Nov-2018 - 00:00,"Burari Crossing, Delhi - IMD"
23-Nov-2018 - 00:00,,,,,,,,,,337.83,228.89,49.62,50.62,100.23,0.51,,53.16,24-Nov-2018 - 00:00,"Burari Crossing, Delhi - IMD"
24-Nov-2018 - 00:00,,,,,,,,,,183.01,110.49,39.8,43.17,82.97,0.79,,43.48,25-Nov-2018 - 00:00,"Burari Crossing, Delhi - IMD"
25-Nov-2018 - 00:00,,,,,,,,,,301.29,185.69,55.53,52.42,107.95,0.54,,53.87,26-Nov-2018 - 00:00,"Burari Crossing, Delhi - IMD"
26-Nov-2018 - 00:00,,,,,,,,,,366.42,261.33,76.31,62.45,138.94,0.34,,57.77,27-Nov-2018 - 00:00,"Burari Crossing, Delhi - IMD"
27-Nov-2018 - 00:00,,,,,,,,,,383.39,258.64,102.48,69.51,145.44,0.1,0.0,51.52,28-Nov-2018 - 00:00,"Burari Crossing, Delhi - IMD"
28-Nov-2018 - 00:00,,,,,,,,,,452.5,308.98,37.75,39.5,77.25,0.18,,33.16,29-Nov-2018 - 00:00,"Burari Crossing, Delhi - IMD"
29-Nov-2018 - 00:00,,,,,,,,,,380.51,245.49,28.03,34.33,60.83,0.43,0.0,25.07,30-Nov-2018 - 00:00,"Burari Crossing, Delhi - IMD"
30-Nov-2018 - 00:00,,,,,,,,,,324.56,212.42,16.38,28.41,44.3,0.9,,24.95,01-Dec-2018 - 00:00,"Burari Crossing, Delhi - IMD"
01-Dec-2018 - 00:00,,,,,,,,,,297.15,177.02,23.68,30.83,54.5,0.91,,25.94,02-Dec-2018 - 00:00,"Burari Crossing, Delhi - IMD"
02-Dec-2018 - 00:00,,,,,,,,,,411.46,271.34,40.85,41.32,82.17,0.54,,30.18,03-Dec-2018 - 00:00,"Burari Crossing, Delhi - IMD"
03-Dec-2018 - 00:00,,,,,,,,,,361.48,232.64,39.53,40.48,80.04,0.66,,26.81,04-Dec-2018 - 00:00,"Burari Crossing, Delhi - IMD"
04-Dec-2018 - 00:00,,,,,,,,,,465.03,307.94,59.07,49.55,108.62,0.43,,26.6,05-Dec-2018 - 00:00,"Burari Crossing, Delhi - IMD"
05-Dec-2018 - 00:00,,,,,,,,,,351.3,234.71,45.3,41.38,86.68,0.64,,25.18,06-Dec-2018 - 00:00,"Burari Crossing, Delhi - IMD"
06-Dec-2018 - 00:00,,,,,,,,,,418.73,300.21,39.94,38.8,78.74,0.6,,25.45,07-Dec-2018 - 00:00,"Burari Crossing, Delhi - IMD"
07-Dec-2018 - 00:00,,,,,,,,,,348.56,221.42,21.24,28.24,49.49,0.87,,25.58,08-Dec-2018 - 00:00,"Burari Crossing, Delhi - IMD"
08-Dec-2018 - 00:00,,,,,,,,,,338.5,230.33,17.38,26.31,43.69,0.94,,26.78,09-Dec-2018 - 00:00,"Burari Crossing, Delhi - IMD"
09-Dec-2018 - 00:00,,,,,,,,,,397.0,299.99,17.95,25.46,43.4,0.88,,27.03,10-Dec-2018 - 00:00,"Burari Crossing, Delhi - IMD"
10-Dec-2018 - 00:00,,,,,,,,,,463.17,337.48,17.24,24.83,42.07,0.86,,27.06,11-Dec-2018 - 00:00,"Burari Crossing, Delhi - IMD"
11-Dec-2018 - 00:00,,,,,,,,,,556.77,404.89,19.4,27.4,46.8,0.65,,34.93,12-Dec-2018 - 00:00,"Burari Crossing, Delhi - IMD"
12-Dec-2018 - 00:00,,,,,,,,,,322.99,237.51,10.14,20.25,30.39,0.78,,30.3,13-Dec-2018 - 00:00,"Burari Crossing, Delhi - IMD"
13-Dec-2018 - 00:00,,,,,,,,,,109.32,75.24,8.13,18.27,26.4,1.14,,26.88,14-Dec-2018 - 00:00,"Burari Crossing, Delhi - IMD"
14-Dec-2018 - 00:00,,,,,,,,,,169.21,102.43,8.59,18.36,26.95,1.83,,29.57,15-Dec-2018 - 00:00,"Burari Crossing, Delhi - IMD"
15-Dec-2018 - 00:00,,,,,,,,,,175.3,104.56,7.46,17.68,25.14,2.46,,27.55,16-Dec-2018 - 00:00,"Burari Crossing, Delhi - IMD"
16-Dec-2018 - 00:00,,,,,,,,,,236.33,147.14,8.55,18.47,27.02,2.46,,30.25,17-Dec-2018 - 00:00,"Burari Crossing, Delhi - IMD"
17-Dec-2018 - 00:00,,,,,,,,,,299.73,166.51,13.12,21.47,34.59,2.31,,26.51,18-Dec-2018 - 00:00,"Burari Crossing, Delhi - IMD"
18-Dec-2018 - 00:00,,,,,,,,,,313.25,193.17,9.69,20.16,29.86,2.46,,24.74,19-Dec-2018 - 00:00,"Burari Crossing, Delhi - IMD"
19-Dec-2018 - 00:00,,,,,,,,,,436.74,318.85,14.44,22.44,36.88,2.08,,25.33,20-Dec-2018 - 00:00,"Burari Crossing, Delhi - IMD"
20-Dec-2018 - 00:00,,,,,,,,,,492.14,313.03,24.59,27.16,51.75,1.71,,27.81,21-Dec-2018 - 00:00,"Burari Crossing, Delhi - IMD"
21-Dec-2018 - 00:00,,,,,,,,,,417.71,328.38,15.06,22.51,37.57,2.18,,27.74,22-Dec-2018 - 00:00,"Burari Crossing, Delhi - IMD"
22-Dec-2018 - 00:00,,,,,,,,,,554.72,421.21,15.37,23.45,38.82,1.92,,26.27,23-Dec-2018 - 00:00,"Burari Crossing, Delhi - IMD"
23-Dec-2018 - 00:00,,,,,,,,,,670.32,541.21,19.53,25.21,44.74,1.54,23.72,27.11,24-Dec-2018 - 00:00,"Burari Crossing, Delhi - IMD"
24-Dec-2018 - 00:00,,,,,,,,,,595.32,435.9,25.07,27.42,52.49,1.46,,25.1,25-Dec-2018 - 00:00,"Burari Crossing, Delhi - IMD"
25-Dec-2018 - 00:00,,,,,,,,,,354.89,245.86,9.73,19.48,29.22,2.53,,25.2,26-Dec-2018 - 00:00,"Burari Crossing, Delhi - IMD"
26-Dec-2018 - 00:00,,,,,,,,,,397.04,293.55,17.2,22.14,39.33,2.48,41.08,26.22,27-Dec-2018 - 00:00,"Burari Crossing, Delhi - IMD"
27-Dec-2018 - 00:00,,,,,,,,,,487.02,304.19,26.95,28.36,55.31,1.97,42.47,26.35,28-Dec-2018 - 00:00,"Burari Crossing, Delhi - IMD"
28-Dec-2018 - 00:00,,,,,,,,,,404.58,262.24,20.44,27.37,47.81,2.95,47.81,25.26,29-Dec-2018 - 00:00,"Burari Crossing, Delhi - IMD"
29-Dec-2018 - 00:00,,,,,,,,,,422.1,285.85,41.64,39.06,80.7,2.68,0.0,26.97,30-Dec-2018 - 00:00,"Burari Crossing, Delhi - IMD"
30-Dec-2018 - 00:00,,,,,,,,,,617.55,408.29,68.98,51.7,120.68,1.97,,26.4,31-Dec-2018 - 00:00,"Burari Crossing, Delhi - IMD"
31-Dec-2018 - 00:00,,,,,,,,,,615.01,359.68,69.93,48.86,118.76,1.84,,24.18,01-Jan-2019 - 00:00,"Burari Crossing, Delhi - IMD"
